date,site,capacity_kw,irradiance,cloud_cover,temperature,generation_kwh
2025-01-01,Site_A,50,1.7566287638303126,0.4125673885483874,12.319345628224461,74.70854629964278
2025-01-02,Site_A,50,2.3776453148342473,0.2992838619043997,12.470394944858718,96.03779091916542
2025-01-03,Site_A,50,1.2682861906690697,0.4653917981694444,14.189780416410121,55.84614425315782
2025-01-04,Site_A,50,2.2626038371639408,0.19048512323224914,15.210103222655738,93.69123508336303
2025-01-05,Site_A,50,1.247090364039988,0.6476001081644059,13.38617712031704,53.531129600786706
2025-01-06,Site_A,50,2.241791464950151,0.13497287935067193,11.558230487819111,95.29237412096538
2025-01-07,Site_A,50,1.3907986797833654,0.5731373645849486,12.514781288167574,60.883785630462725
2025-01-08,Site_A,50,1.9658953959944407,0.21412261194749418,14.497887602218423,89.0249939963745
2025-01-09,Site_A,50,2.1396505727806048,0.24274717795324555,14.580083417024175,87.40538500774252
2025-01-10,Site_A,50,1.5359520300890284,0.45302583210434877,14.788328006471318,63.99927672764687
2025-01-11,Site_A,50,1.6280339649760676,0.6238817403011739,15.45953249640589,69.57441894157941
2025-01-12,Site_A,50,2.4757673144081824,0.10438124911225927,14.541900240119347,101.71561958283098
2025-01-13,Site_A,50,1.9127346889318022,0.4126330744618807,15.17594186004077,83.18508522515147
2025-01-14,Site_A,50,1.814883962161298,0.3278587654280449,14.673505971383143,79.07002981337664
2025-01-15,Site_A,50,2.231148497012376,0.15774758607637537,17.180900743041132,96.39679332608186
2025-01-16,Site_A,50,1.5063938060627613,0.4160003403810664,17.87010079191853,64.46287947550425
2025-01-17,Site_A,50,2.242609733005657,0.15864773799092935,12.751449763003261,99.20561104237758
2025-01-18,Site_A,50,1.670127163411617,0.370256971221784,14.745059927466038,68.50364490318714
2025-01-19,Site_A,50,2.6106604633403676,0.20503308584343774,15.449102800658633,111.14290903081528
2025-01-20,Site_A,50,2.2211951084953827,0.2523505026403283,14.979874965621544,92.28445933434047
2025-01-21,Site_A,50,2.1778458419329585,0.2988099856772492,19.23152217375997,95.00349104072612
2025-01-22,Site_A,50,1.7665207010883843,0.4592692393390749,16.227443071770793,70.92746035796385
2025-01-23,Site_A,50,2.4870523361371117,0.17668360619992182,14.30448764474805,105.57884270699994
2025-01-24,Site_A,50,2.6827455576623738,0.363220025684123,17.245617809513707,115.12708597667522
2025-01-25,Site_A,50,2.276214214290985,0.24148423666029623,16.73394634315438,93.95841730111732
2025-01-26,Site_A,50,2.242918102701052,0.2285179900082405,16.941368276195668,93.5012588931503
2025-01-27,Site_A,50,2.1412641342823915,0.42094273161138956,20.091399185922185,91.01328480516838
2025-01-28,Site_A,50,1.814809746473429,0.23475427825520703,17.321518636126623,79.31005024564388
2025-01-29,Site_A,50,2.502592259722187,0.22930005609416912,16.158520878596505,103.02495501991194
2025-01-30,Site_A,50,2.1893228251216494,0.33164503101079856,13.002737708858753,90.61394277987188
2025-01-31,Site_A,50,2.531852589340621,0.12732411975357197,16.731446462113205,111.19154455374314
2025-02-01,Site_A,50,2.6628574227547435,0.24601442149220148,19.824601433496493,112.19698435419161
2025-02-02,Site_A,50,2.3001042024247926,0.3644316696323585,17.182159051859117,95.43234036572346
2025-02-03,Site_A,50,2.6002366042225535,0.05589867289457542,13.037606785556886,112.87481692588295
2025-02-04,Site_A,50,2.721916240121607,0.14031725515819693,16.675519290110795,113.93409033328852
2025-02-05,Site_A,50,1.9263269273173629,0.2507209340797552,19.813441051702416,84.35184830014047
2025-02-06,Site_A,50,2.3702098628781383,0.405698242753939,19.0767544570643,98.67945667599392
2025-02-07,Site_A,50,1.5911685320840958,0.7267330638100146,16.463604144542458,67.26677535326415
2025-02-08,Site_A,50,2.667619426031091,0.20371054532533642,17.172185018295107,116.52718761025507
2025-02-09,Site_A,50,3.337517747742845,0.08639831040910925,17.64182146003145,140.80642288620854
2025-02-10,Site_A,50,2.9129442414622297,0.08963503988731421,17.299343460333006,126.53874094516998
2025-02-11,Site_A,50,2.701098218176987,0.21531307942037672,14.727955647597192,114.50658679527061
2025-02-12,Site_A,50,1.9941919170798366,0.6240880696700872,20.47796995467682,89.74013451548224
2025-02-13,Site_A,50,3.2185602531414887,0.07641732806751567,21.629295584572095,143.14218522158862
2025-02-14,Site_A,50,2.8785429195703025,0.27360317013405233,16.243520536729463,117.39297183179758
2025-02-15,Site_A,50,2.540720189614231,0.3634548071537282,21.93417291401076,109.6047675084814
2025-02-16,Site_A,50,3.113215190789073,0.18443386385777075,19.40722593714607,128.98972051773143
2025-02-17,Site_A,50,2.3907081174484373,0.45729231258788783,22.231049566294097,102.12304459965713
2025-02-18,Site_A,50,2.1041610967237343,0.5382802572224814,20.0248558738947,89.5513498816686
2025-02-19,Site_A,50,3.614686267242596,0.11472361362396107,20.388822085884815,148.6603251151297
2025-02-20,Site_A,50,2.533492324694668,0.4181868831582155,21.03193785214965,111.01645266156561
2025-02-21,Site_A,50,2.8920148114024222,0.36288457817920644,18.876779143086633,123.5738794747532
2025-02-22,Site_A,50,3.037153908665602,0.2646664795049403,23.016560567523392,127.88548127614075
2025-02-23,Site_A,50,3.105114884695567,0.18921919968666295,18.555158274856904,130.13834374485634
2025-02-24,Site_A,50,2.6879308479450175,0.5363300319908418,20.164849536492312,114.63123386520009
2025-02-25,Site_A,50,3.9179544403343933,0.11905867029865491,22.188881367911872,168.42381871158753
2025-02-26,Site_A,50,4.119977040384228,0.21111717141532532,20.293585251005872,174.30871114189338
2025-02-27,Site_A,50,2.7242534194231776,0.4002710941021013,23.03886580939735,105.85950937320015
2025-02-28,Site_A,50,3.1249869270100885,0.3519992920014972,24.407516230140455,132.7736677749122
2025-03-01,Site_A,50,2.6110621471856743,0.5265427448226805,23.852958440549326,106.0854875370012
2025-03-02,Site_A,50,4.130874493863642,0.16181100451912897,18.127769372642756,174.31561664112849
2025-03-03,Site_A,50,2.733678582803064,0.4804723311884958,22.42382750079706,111.19282279736989
2025-03-04,Site_A,50,2.9931916276860195,0.3649369273779438,24.401581337620243,121.7013861942852
2025-03-05,Site_A,50,3.7175516967228797,0.3382982526809168,19.882698978588426,163.70886934109106
2025-03-06,Site_A,50,4.119435728928568,0.12416427361110102,24.135245442480947,173.24278822852875
2025-03-07,Site_A,50,3.535121165200416,0.38933654697999986,24.19456955065309,148.32259654026007
2025-03-08,Site_A,50,4.1837518076603395,0.20917966425799714,20.606837190597815,180.22028558775028
2025-03-09,Site_A,50,1.7011173911480766,0.8577193867824644,24.87054578047385,71.42808868329215
2025-03-10,Site_A,50,4.238495206309362,0.15459145040996083,23.918183308192518,191.3267972225887
2025-03-11,Site_A,50,4.249663477161826,0.14976355181245435,24.84385178408535,178.96207312409493
2025-03-12,Site_A,50,3.450649106311958,0.4031923260855532,21.78030667028451,148.11681845623863
2025-03-13,Site_A,50,5.060799225721828,0.042930026928095645,24.182539331175214,221.13369986544106
2025-03-14,Site_A,50,4.1196355164448635,0.19548315582258285,20.641287890421545,183.31941435253063
2025-03-15,Site_A,50,3.987250509024398,0.30113252870937146,19.665232714975552,165.52029112026187
2025-03-16,Site_A,50,3.7037612229505745,0.3060318176644459,24.668384513114997,155.278539410802
2025-03-17,Site_A,50,4.6548417434283476,0.08205415458777657,26.75472816468449,203.74418529011803
2025-03-18,Site_A,50,3.2659674146065627,0.5066145996912718,25.225455203871217,141.90069821168774
2025-03-19,Site_A,50,2.396827194117131,0.6118173847816214,24.7579322009178,105.03993213954946
2025-03-20,Site_A,50,4.688179992713012,0.3010127836523355,24.674144006453144,190.8621617388848
2025-03-21,Site_A,50,4.825337354289133,0.07868253441359742,23.327565834037514,214.3683653692952
2025-03-22,Site_A,50,5.262838770682302,0.05506402452207499,24.93150718835052,218.3219927362326
2025-03-23,Site_A,50,5.156532630592063,0.16575919673839343,26.380130158292605,218.95684425872003
2025-03-24,Site_A,50,3.7925481429271293,0.38070875590993625,24.826800963305473,160.2863144019214
2025-03-25,Site_A,50,4.504289451006937,0.137734707698832,27.357807770107627,184.41942012298563
2025-03-26,Site_A,50,5.0327157937390075,0.13431203549556325,26.406829959788936,203.4395958870978
2025-03-27,Site_A,50,3.9287400594567004,0.3757847229339631,26.805894861669984,156.9103179106147
2025-03-28,Site_A,50,4.0759048515645055,0.2709988242501359,28.105081432606234,171.48300423037384
2025-03-29,Site_A,50,4.422068675964083,0.34752912233623995,25.428782552094127,178.81700695573537
2025-03-30,Site_A,50,3.8660518894461617,0.47705206199807326,27.95426388140241,156.65372843053854
2025-03-31,Site_A,50,5.275307438374622,0.22335621780544143,26.01438496665394,221.55985017018895
2025-04-01,Site_A,50,4.522707949592238,0.27451413041412864,27.61678446923745,174.92992242862482
2025-04-02,Site_A,50,4.761882199333535,0.20553020427956525,25.795166737247907,206.19338802334696
2025-04-03,Site_A,50,4.653446857549255,0.3034720945555675,25.412748427526036,182.9395180692522
2025-04-04,Site_A,50,4.876836967137575,0.28152330283124916,27.563781206679984,204.40313537812608
2025-04-05,Site_A,50,4.64258830741465,0.39411983806495565,23.753953027633962,197.14472148134354
2025-04-06,Site_A,50,4.352464213690337,0.48910568190327913,27.074482675893414,186.16333548199862
2025-04-07,Site_A,50,4.551585370542003,0.4442097043481396,24.595248723319646,192.94642136026403
2025-04-08,Site_A,50,5.942569520442182,0.11411030691108448,29.505734938234852,262.67153151336163
2025-04-09,Site_A,50,5.474325644569304,0.24734277342714361,30.184989893369092,229.00418840991935
2025-04-10,Site_A,50,5.388215109874749,0.20010518918964715,26.492565041567065,234.50856924752205
2025-04-11,Site_A,50,5.248495534924361,0.27835080932244805,29.210948933848766,214.25022353338514
2025-04-12,Site_A,50,3.528618023122553,0.5640174984206949,30.2845670377248,147.12420076496286
2025-04-13,Site_A,50,5.951977960080149,0.1489946990523795,30.42128462742635,258.60125492480853
2025-04-14,Site_A,50,5.737806150122524,0.20165524930937745,29.173337856272738,237.74018046240698
2025-04-15,Site_A,50,5.74996751454685,0.2879641754434741,30.339137023359662,240.19117912982003
2025-04-16,Site_A,50,5.577246079218983,0.23419152474726526,27.695920646675685,241.0293082195093
2025-04-17,Site_A,50,5.927834448089277,0.18970224370037408,29.282811154131107,241.7518311610141
2025-04-18,Site_A,50,5.159276544378922,0.35269865979378817,28.30223356937757,202.04526180192573
2025-04-19,Site_A,50,5.236343300070234,0.3118484101432127,27.886594282069126,221.33366325903341
2025-04-20,Site_A,50,5.7716690433004425,0.2009222325140691,29.541847659904807,247.61259054678223
2025-04-21,Site_A,50,6.971054564735547,0.08168079440498474,30.278118837101772,277.83735950543826
2025-04-22,Site_A,50,4.351026208055738,0.47354682001885057,32.02116580474935,183.06012415578772
2025-04-23,Site_A,50,5.778038937651864,0.1978948916800621,30.333269565305528,244.83257002191252
2025-04-24,Site_A,50,3.5334333892074685,0.7123519558077521,31.193317637490875,136.2508053083102
2025-04-25,Site_A,50,4.354848968169334,0.5875048529921348,31.32017722824584,175.06103655555967
2025-04-26,Site_A,50,4.713758419586962,0.4533813317394459,35.490459321467526,189.35043435799065
2025-04-27,Site_A,50,4.646448826992888,0.47166807393406307,26.594700726478983,194.84696971068195
2025-04-28,Site_A,50,4.460365206979735,0.5427250268332675,28.935838529983723,182.12910521826942
2025-04-29,Site_A,50,4.420531034093819,0.5101980347085477,33.354296161320946,176.9659416519646
2025-04-30,Site_A,50,5.184060619592177,0.3757732003486491,29.79414476556833,226.56371048281898
2025-05-01,Site_A,50,5.49026644977674,0.40053097898944834,32.35924585796147,225.36577256487854
2025-05-02,Site_A,50,4.167119532956284,0.626620725884478,31.13458259482164,168.8741939195655
2025-05-03,Site_A,50,5.985879852766803,0.3429313887928683,34.96932185385845,243.5457373905318
2025-05-04,Site_A,50,6.3960482530856115,0.16522971414643917,28.61456624530621,271.7597900035013
2025-05-05,Site_A,50,4.666517749407284,0.5033724299808366,33.363414569633115,191.663013268297
2025-05-06,Site_A,50,5.462667663726211,0.4042066060444649,34.49547130706743,221.58684350353153
2025-05-07,Site_A,50,7.086925039438976,0.07868555396096127,29.04130037369036,290.04546099255884
2025-05-08,Site_A,50,6.430919369940097,0.26360123640777705,32.70702036901603,259.1749236345794
2025-05-09,Site_A,50,6.63837509035955,0.2582539786239908,29.278716905508237,271.85158971854617
2025-05-10,Site_A,50,4.051786073019454,0.6240033316843273,31.335739980862215,169.24319140041445
2025-05-11,Site_A,50,6.388159377175496,0.26040107603313417,30.825196427864903,256.80372532947126
2025-05-12,Site_A,50,7.314066377290207,0.16946320743516496,26.59305270961958,311.9502625925444
2025-05-13,Site_A,50,5.203467331807599,0.5407559322397593,32.30443239369522,223.38178598640502
2025-05-14,Site_A,50,7.044235027844234,0.19478480444827906,31.797243498163997,293.55012540284054
2025-05-15,Site_A,50,7.796108743064644,0.06887990545793629,34.520506212730574,314.60438059167353
2025-05-16,Site_A,50,5.4048948434553585,0.4081542915149071,32.833585148022095,213.44941725988417
2025-05-17,Site_A,50,6.013252962156276,0.36172534093775816,36.23916722470607,255.15298190527406
2025-05-18,Site_A,50,6.232909862710224,0.3375989645997123,31.9147239826725,248.0645345032254
2025-05-19,Site_A,50,5.602275400557786,0.4127175400402187,31.529944447719586,237.33104621339265
2025-05-20,Site_A,50,5.247627992865121,0.45795517756704424,31.40977011362238,221.04696784997637
2025-05-21,Site_A,50,5.5762347062652395,0.3801281615918507,30.933887280652545,229.28092782391872
2025-05-22,Site_A,50,6.421051292843597,0.22883850073337772,27.429236334755785,267.5930739092744
2025-05-23,Site_A,50,6.934943360659104,0.1414677049830548,31.433105169923948,270.8092577572204
2025-05-24,Site_A,50,8.018655046217741,0.07287321448756762,27.763615498001545,339.6960301798496
2025-05-25,Site_A,50,5.591271082043655,0.44687255637689216,32.82628878335086,234.00851483386305
2025-05-26,Site_A,50,6.499771164453395,0.279768128197931,29.46205848399835,261.9242318816799
2025-05-27,Site_A,50,7.061003250313467,0.19971599471476809,30.17052471529495,291.9272550429491
2025-05-28,Site_A,50,7.958492891449258,0.08218736120335327,30.634429341416453,330.3218998856307
2025-05-29,Site_A,50,6.793173564995932,0.2545713499265267,31.57448413592915,285.4674769298888
2025-05-30,Site_A,50,5.402834500316709,0.42987208116503034,32.006236622274905,222.75523400642453
2025-05-31,Site_A,50,6.25836686584404,0.38612652940425873,34.166644185945046,243.2259292809245
2025-06-01,Site_A,50,7.549396316834717,0.1620797059166703,30.844847210346796,307.7285785440732
2025-06-02,Site_A,50,6.97288083604979,0.2532675917742343,32.959458858992114,288.2443797965353
2025-06-03,Site_A,50,7.707826030366079,0.16308071565613846,37.45719727332071,318.44873851462694
2025-06-04,Site_A,50,7.845999830676989,0.07952385846686746,32.743498561376796,316.4702823664655
2025-06-05,Site_A,50,4.590535000665436,0.6667763595475985,31.618192030790652,201.96841534041766
2025-06-06,Site_A,50,7.245724439869017,0.2032714901241539,30.408285713685107,283.5511738303903
2025-06-07,Site_A,50,5.243165934154588,0.5552616072854383,31.562390020166323,212.85702956089378
2025-06-08,Site_A,50,7.156875187952076,0.2543553993461441,30.160127805455332,296.5038450405075
2025-06-09,Site_A,50,5.557898082726199,0.43442326792129315,32.44846349330209,227.29670189683804
2025-06-10,Site_A,50,5.817716025914429,0.4549580432612652,32.09386417960219,230.8497468850808
2025-06-11,Site_A,50,6.491579429763339,0.34531384306022517,27.53504305780272,276.1533930740279
2025-06-12,Site_A,50,5.926298800226537,0.4220092098351104,31.792149508267688,247.2028169904678
2025-06-13,Site_A,50,5.828606073478925,0.433111081740276,33.948429541734924,238.6586685872614
2025-06-14,Site_A,50,5.4078553532578635,0.4988650678488155,30.96188180191818,226.077343899217
2025-06-15,Site_A,50,8.367792074270717,0.07938378465018037,30.41538842146749,342.72791992130215
2025-06-16,Site_A,50,7.683530345949759,0.176186008895597,28.923976284006933,305.1332907600487
2025-06-17,Site_A,50,3.6303234482743156,0.7775828828400863,27.91872140239268,148.86774431000737
2025-06-18,Site_A,50,7.939584988944127,0.05864283913640061,33.24987670399947,327.08018609444366
2025-06-19,Site_A,50,7.4608515954912775,0.20854171087367412,31.173853307146064,310.0460635528061
2025-06-20,Site_A,50,6.696308940372016,0.3347187186034697,33.02765892412856,275.15433917111784
2025-06-21,Site_A,50,6.770239846520294,0.3838837660801729,34.490258923063145,280.7100486269414
2025-06-22,Site_A,50,5.376949737425056,0.5504600672251958,33.211308832775,216.649638872678
2025-06-23,Site_A,50,5.675491475840846,0.39060350403492883,30.2224946675022,235.7984497720445
2025-06-24,Site_A,50,5.013955757433064,0.5676004259893483,31.532642551246045,210.5834415615848
2025-06-25,Site_A,50,7.784917512582913,0.2087823484234139,29.9462905302801,322.71148709738253
2025-06-26,Site_A,50,8.619401517541586,0.034647050479104755,29.689469375738835,345.21129252472576
2025-06-27,Site_A,50,5.387637655251972,0.5187672752459596,31.719188348052096,215.86864700650312
2025-06-28,Site_A,50,7.230955438759586,0.25696279185232984,29.293805141112745,308.81101513320704
2025-06-29,Site_A,50,7.519788448961583,0.15317219848562644,26.46226998811753,330.1826381740895
2025-06-30,Site_A,50,4.7008894979075855,0.628271848759218,29.023826248280603,203.00120792154092
2025-07-01,Site_A,50,7.5085408866031775,0.16697429858417492,30.103300889718472,313.9955478771753
2025-07-02,Site_A,50,7.217297516146442,0.2194874107730575,33.67421827616296,284.6936834043806
2025-07-03,Site_A,50,6.666778529492142,0.3358669613106042,29.561346797755537,277.4182767289824
2025-07-04,Site_A,50,6.213639388944066,0.3367516421427166,31.476338755589182,268.6159954686064
2025-07-05,Site_A,50,7.480259450613022,0.22491414959028105,30.022638326262232,316.50011061103623
2025-07-06,Site_A,50,5.407064429065484,0.4783823266561567,32.71635227497986,220.75724255144226
2025-07-07,Site_A,50,7.626669699439481,0.15869962744119517,32.479573285387076,319.5451501985055
2025-07-08,Site_A,50,4.810140567039206,0.5302941825032673,32.41714967368929,190.3202505819849
2025-07-09,Site_A,50,4.4329753094284845,0.670232958918758,26.493861578991453,182.89245302692868
2025-07-10,Site_A,50,6.572938161427079,0.36297770217208636,30.269946645277138,263.87810836146235
2025-07-11,Site_A,50,6.000267831067605,0.37383327738568717,31.266717613914302,251.46172039076356
2025-07-12,Site_A,50,7.227967334295148,0.15572209232017992,30.40196325308409,306.1822345100432
2025-07-13,Site_A,50,3.4554198992045126,0.8008496181459662,30.799860926963742,142.40889677100702
2025-07-14,Site_A,50,7.84733032612992,0.1535640745708416,29.52892211705691,318.0465341496537
2025-07-15,Site_A,50,6.028908228558601,0.323191144014051,27.80600712741182,252.5262149798815
2025-07-16,Site_A,50,4.388773094153482,0.594028003731503,25.782574366787117,182.73281342487266
2025-07-17,Site_A,50,7.10102980604593,0.18689834629168883,27.76469724377483,290.5414429407355
2025-07-18,Site_A,50,6.186825886111533,0.3147042850262905,34.28903201614656,255.05129334432925
2025-07-19,Site_A,50,7.115467345794757,0.1633575087386425,27.836431742588818,291.3811944690129
2025-07-20,Site_A,50,4.976815502597697,0.45144783878526973,24.76185818995385,201.02321938596302
2025-07-21,Site_A,50,5.0322262743414745,0.5476027134986414,30.016862293549018,200.57311465587958
2025-07-22,Site_A,50,7.410904989861152,0.1510245682886709,30.131467149730927,292.8478622195675
2025-07-23,Site_A,50,7.394483858588214,0.06714327551304734,30.862276926262624,308.3153708168796
2025-07-24,Site_A,50,8.444392672520852,0.020265096341135047,29.09480300704684,353.6102984931231
2025-07-25,Site_A,50,7.425453821261786,0.19079083315973652,29.707443661183127,309.70104545352217
2025-07-26,Site_A,50,6.035003382764631,0.3145915182749565,31.558286792608715,253.44567984328984
2025-07-27,Site_A,50,4.615431339943736,0.6227312727946971,26.246775694919013,201.58365269125218
2025-07-28,Site_A,50,5.735993251860752,0.36324961355267393,25.70819121325433,238.08960492984986
2025-07-29,Site_A,50,6.224318880373492,0.3096082335164432,25.263231306300654,266.7116382165247
2025-07-30,Site_A,50,4.9205276762812815,0.4799239160973749,26.775761308631367,197.22841420066112
2025-07-31,Site_A,50,6.013662577408204,0.42099355031573704,30.027468749808865,260.0457085706156
2025-08-01,Site_A,50,6.348840627932737,0.2553732244001163,28.068554869950226,255.81580347273913
2025-08-02,Site_A,50,7.212516501319038,0.12267416716586353,27.840110976505336,295.7285138619287
2025-08-03,Site_A,50,4.758186038638684,0.498267872601404,23.07297921940919,198.01460213620416
2025-08-04,Site_A,50,6.027978368247012,0.38665054906104845,25.17269328061175,243.57031262664268
2025-08-05,Site_A,50,7.666085688855034,0.10297423880754514,22.73387257778088,325.1620652647669
2025-08-06,Site_A,50,6.0013514906744145,0.3719661951572694,28.59249497833863,252.25339665785677
2025-08-07,Site_A,50,6.750857776993383,0.20846058132114104,29.26485257392768,279.5769776621875
2025-08-08,Site_A,50,4.098326997485602,0.5945539213787732,27.495036221045428,163.97911392820947
2025-08-09,Site_A,50,6.899811917472845,0.16496101528365886,23.80350756056056,309.7540441210421
2025-08-10,Site_A,50,4.711615176274223,0.5060443339007079,28.581182294529256,200.01996662958356
2025-08-11,Site_A,50,4.203585824548012,0.6493356891926007,24.949613306656914,192.18446587234192
2025-08-12,Site_A,50,6.440684655968796,0.23967420889097077,22.86516626073998,266.3016535883519
2025-08-13,Site_A,50,5.582564222535744,0.30777002028572686,23.202261900134886,243.32801576165372
2025-08-14,Site_A,50,5.472803964632907,0.3931387477373168,24.106814921551234,237.29814567895906
2025-08-15,Site_A,50,5.5637447170816525,0.35906610372810693,24.90146379296157,233.67220607781059
2025-08-16,Site_A,50,6.129964027987134,0.09318639284273175,24.31396650397648,270.70741296547493
2025-08-17,Site_A,50,6.181486252809807,0.23947149582705957,21.644884968467302,258.70742007454623
2025-08-18,Site_A,50,4.223778609989966,0.5361186227847963,26.729689520677407,175.78536076339367
2025-08-19,Site_A,50,5.502983357675555,0.2729968243224327,23.833997315524275,208.8600539318464
2025-08-20,Site_A,50,3.524582409347361,0.636892031847686,22.539221185394464,151.15303554844348
2025-08-21,Site_A,50,4.322371416424259,0.5157285652383427,26.018270581221152,175.11907675828746
2025-08-22,Site_A,50,5.773930409408796,0.264955160446557,21.26125775285211,240.5674671816238
2025-08-23,Site_A,50,5.48293154699217,0.22516405508029036,20.200211602049723,225.12659908290013
2025-08-24,Site_A,50,6.313465055939255,0.13276009733882985,25.83245666772329,263.6391301765593
2025-08-25,Site_A,50,6.338502954021247,0.13803798567389045,26.89936577031763,270.0239416113317
2025-08-26,Site_A,50,5.923556938835693,0.27247723472551494,22.021175460869195,251.0177146161178
2025-08-27,Site_A,50,5.410732431494684,0.22125192469229243,22.681924776500342,234.0860383010524
2025-08-28,Site_A,50,5.2432438151040115,0.2818441941883931,20.308803344616123,230.54150171315055
2025-08-29,Site_A,50,4.25228672069955,0.5012014218312568,22.441207430532092,178.13511592700016
2025-08-30,Site_A,50,5.165522352588299,0.356253490512045,21.306773874808936,215.66847673272193
2025-08-31,Site_A,50,4.14719159267592,0.48092168360998616,21.881813088816887,180.7187022599437
2025-09-01,Site_A,50,5.410605534264605,0.29358933166396944,22.732446806307607,236.31556204204213
2025-09-02,Site_A,50,4.342982168259391,0.3434091223524368,19.54552464166698,188.0469691666556
2025-09-03,Site_A,50,4.800263754806462,0.27617317095720023,20.846154991489563,197.51841848736052
2025-09-04,Site_A,50,5.240215853798201,0.25923282808434794,17.790304382785717,224.77303312061676
2025-09-05,Site_A,50,2.8194843701846444,0.6665982092841207,20.51616063943879,119.81483807429862
2025-09-06,Site_A,50,4.94665923676434,0.2225999956299699,20.86776435999401,216.1345393468797
2025-09-07,Site_A,50,4.279378235043987,0.39028637507150554,21.341374778905212,178.13816451568843
2025-09-08,Site_A,50,5.504651111032794,0.18792127771136868,21.191671306200607,221.48955179518066
2025-09-09,Site_A,50,2.6485588905997366,0.6540773063820488,22.349853532274967,114.49957355622135
2025-09-10,Site_A,50,5.422082892717553,0.15269482354801903,17.292596832068195,212.01769200953706
2025-09-11,Site_A,50,5.499754044272223,0.17261178254658605,17.22978008284379,227.81773251067125
2025-09-12,Site_A,50,3.582423528368844,0.5218861131700214,21.09118697484928,147.06596670790015
2025-09-13,Site_A,50,4.076194324702907,0.3932327482616173,15.786868291591208,167.2990866523983
2025-09-14,Site_A,50,4.832428018384236,0.25616397315810746,20.06354372190387,200.05910281971916
2025-09-15,Site_A,50,3.8333750477726856,0.4414439664731421,17.16919231601086,168.2739082390311
2025-09-16,Site_A,50,4.816681156769384,0.29660434513898576,22.50897435455429,209.0068984307786
2025-09-17,Site_A,50,4.43254297660586,0.23006992106698437,19.698598063463393,186.29709716140076
2025-09-18,Site_A,50,4.546591217985036,0.2549915525968886,18.594559767838977,199.09001072502804
2025-09-19,Site_A,50,3.1119673938128574,0.6023632049668445,21.324371344920092,127.58587575616727
2025-09-20,Site_A,50,3.427661296523566,0.4837032298888094,16.579111164612797,139.93474481097365
2025-09-21,Site_A,50,3.1120324257442302,0.40021129701925656,16.79705760511705,135.19914410084803
2025-09-22,Site_A,50,4.0383521659504735,0.3295079548505259,15.859953025392107,173.98300895881238
2025-09-23,Site_A,50,4.567492862454337,0.25359136955956196,16.49284189526237,190.74313170918862
2025-09-24,Site_A,50,4.603371595193921,0.22571935487506772,18.18632845217011,188.29032538438693
2025-09-25,Site_A,50,3.340401931374435,0.5078744821781623,18.89434415583123,147.64210991666815
2025-09-26,Site_A,50,4.480617108531387,0.11349076812432074,19.672839971039544,179.93662457682535
2025-09-27,Site_A,50,4.9255777724284275,0.08191321353220349,13.94536406269357,204.82132956550578
2025-09-28,Site_A,50,3.2932692377281825,0.4327503265562949,17.097207091988825,140.4024920569531
2025-09-29,Site_A,50,4.281214238353756,0.22267041461811926,15.072075860879757,191.0768254070494
2025-09-30,Site_A,50,2.947173962103004,0.5522427734854515,16.726698745936897,126.2223816891505
2025-10-01,Site_A,50,2.8447631774254614,0.4970515800136799,21.655909025796326,122.18587814385491
2025-10-02,Site_A,50,3.49316076461884,0.31600786967957184,17.4230996138415,145.37571020139896
2025-10-03,Site_A,50,3.103041446766202,0.49894045362715966,18.49162946067716,133.62310589683364
2025-10-04,Site_A,50,2.839784774945381,0.5229057975539544,20.468978158915586,120.61439685303847
2025-10-05,Site_A,50,2.4782674915224447,0.572227403528655,18.658823862247754,99.92653479826986
2025-10-06,Site_A,50,3.5703838528617062,0.24488240451072416,15.366448361582787,154.75933259754737
2025-10-07,Site_A,50,4.27725633021304,0.07242626522342746,13.57048330393539,186.360449211779
2025-10-08,Site_A,50,4.888115196641611,0.015948358307271447,15.923470828709071,211.93571141698553
2025-10-09,Site_A,50,2.614706775937251,0.5192852535674672,14.71174243192935,110.80796201843125
2025-10-10,Site_A,50,3.4255044238319146,0.3049656784272177,12.663329280803307,140.86155779175218
2025-10-11,Site_A,50,3.926089604209985,0.149706420472428,16.061302862213303,154.6975270290065
2025-10-12,Site_A,50,2.9322068532337853,0.34620562351302414,15.980209024027815,124.71884359136698
2025-10-13,Site_A,50,2.8491856695530284,0.31115129592300095,18.85759475839124,124.53267976136344
2025-10-14,Site_A,50,2.9287881754049447,0.33174075076411136,14.468739767556213,127.68879187179007
2025-10-15,Site_A,50,3.4243657426393472,0.2633102627296781,15.627430509069127,148.51239016199722
2025-10-16,Site_A,50,2.7464901407735716,0.4558267013603829,13.613193069547794,116.00647869182939
2025-10-17,Site_A,50,3.8199203493098546,0.14539009635465006,16.569569724627318,166.97931611189586
2025-10-18,Site_A,50,3.221420490292093,0.278427774808771,14.455188866754865,140.14722117817527
2025-10-19,Site_A,50,3.3873394411706275,0.19289275840051484,12.242596673808556,141.5700325539053
2025-10-20,Site_A,50,2.518120359586641,0.43097613112464966,14.4463880813496,108.75563360171674
2025-10-21,Site_A,50,3.562063430636197,0.18997629404518687,15.142159667224572,148.35571247138742
2025-10-22,Site_A,50,3.2919788055035455,0.11322783313393725,14.76170636115672,141.60313020937377
2025-10-23,Site_A,50,2.4395378935483576,0.38036891809333223,16.235294880204595,99.23692094328776
2025-10-24,Site_A,50,2.8726860484656203,0.363691266064873,11.142058618092467,117.13569787897258
2025-10-25,Site_A,50,3.1023896486319456,0.09835973530909621,12.249715356760671,135.48388055044185
2025-10-26,Site_A,50,2.8115451658798185,0.5298797834208773,15.114194149131917,122.35005652314335
2025-10-27,Site_A,50,2.669072701539917,0.3573692424359294,12.285920056838764,115.11836138246824
2025-10-28,Site_A,50,3.0126388953310954,0.24211707399507496,14.121687704474049,127.84748266944322
2025-10-29,Site_A,50,3.2083755931736317,0.04554165254028526,8.708018931645842,126.05212577090832
2025-10-30,Site_A,50,2.180582246114245,0.46963875377395287,18.888671447127496,92.08403926188043
2025-10-31,Site_A,50,2.4110330376915825,0.35900849112701533,12.829141656386213,103.43398236489865
2025-11-01,Site_A,50,2.227074143556954,0.40780250580682015,15.67084933288334,92.74442712383947
2025-11-02,Site_A,50,2.5282857580786158,0.3934533351281936,12.526082309097662,104.7160260500117
2025-11-03,Site_A,50,3.030585809061139,0.07167200457050205,13.948823831166845,133.81783654140153
2025-11-04,Site_A,50,2.904646268473692,0.25647990188704956,16.025446385341457,122.70597391090105
2025-11-05,Site_A,50,2.6746676195626917,0.507180766788446,15.298054015169928,114.73816495919914
2025-11-06,Site_A,50,2.867001180470437,0.10927747988491361,12.485043739687388,124.14958706298937
2025-11-07,Site_A,50,2.5090883116839273,0.29249717640138134,12.553655088618681,102.9933341213293
2025-11-08,Site_A,50,2.936920820640049,0.12192287676596913,14.764225898435637,125.0077684453668
2025-11-09,Site_A,50,2.5023142323883447,0.44942133018578706,17.359249498190806,110.08609101311671
2025-11-10,Site_A,50,2.336585047712669,0.30471676066112374,13.015751885843768,104.27557124355786
2025-11-11,Site_A,50,1.80806187848829,0.4436783590358585,16.486515847179078,76.6037697936159
2025-11-12,Site_A,50,1.7311154753552542,0.4189528258269907,12.033555379037871,72.73202153187236
2025-11-13,Site_A,50,1.518719872009069,0.6408743066505244,14.367110760715148,64.78486628284709
2025-11-14,Site_A,50,1.4108735733749997,0.6377385813569518,14.615133354621609,60.13811007983765
2025-11-15,Site_A,50,3.1692776657708968,0.10174202612083834,11.545373506652966,139.6867920918444
2025-11-16,Site_A,50,2.453391982403426,0.39441588289699137,10.826466011156075,100.71034953354378
2025-11-17,Site_A,50,1.1553620116013557,0.6659889245547499,14.569596410804094,48.47716992741535
2025-11-18,Site_A,50,1.874017852925201,0.35465289797165545,11.176780619190204,76.63800602209915
2025-11-19,Site_A,50,1.2948609400570013,0.7180812708236378,10.415163258194294,53.125302488853855
2025-11-20,Site_A,50,2.5372142154023445,0.2678590657150727,10.802815476601983,108.56729353258672
2025-11-21,Site_A,50,1.6938674551182207,0.5071194633934764,11.069291823510873,73.41112415149809
2025-11-22,Site_A,50,1.1610216003402853,0.6761793305646111,13.826458306927952,48.16672198296763
2025-11-23,Site_A,50,2.328278636195843,0.15810975561979926,13.11894470661783,100.79171802492556
2025-11-24,Site_A,50,1.9189144490957326,0.282168424787864,13.498747996841638,83.89597115939577
2025-11-25,Site_A,50,1.4417088632592712,0.6735862009134714,12.891706511189192,64.53767594424686
2025-11-26,Site_A,50,1.696497516625486,0.3672551094983738,10.845730657965023,71.92638036673381
2025-11-27,Site_A,50,1.5771697231160424,0.4467203943349487,13.415034103162624,65.44602088698436
2025-11-28,Site_A,50,1.8489232361472565,0.5159850719025716,14.376110497360273,75.87045084791644
2025-11-29,Site_A,50,1.8605287020355,0.24801605571262658,13.173543625365046,76.11109400970291
2025-11-30,Site_A,50,1.273665759652091,0.4619179107831346,12.900145226704323,55.90415998086463
2025-12-01,Site_A,50,1.757276564731768,0.402516634030268,10.465983589496744,70.96346651621411
2025-12-02,Site_A,50,1.975306369693819,0.21624277055289406,12.425949138150047,86.61811269099844
2025-12-03,Site_A,50,2.093934037581763,0.2625801541592067,10.367017228705762,86.2747260440635
2025-12-04,Site_A,50,1.2498011072285722,0.6916756785075089,11.96759007228315,51.784504741705824
2025-12-05,Site_A,50,2.0906451052246124,0.17558043974331478,8.746216990467813,88.03890654766572
2025-12-06,Site_A,50,1.4481638213442616,0.5211991290767134,8.775693232544022,59.967947856866566
2025-12-07,Site_A,50,1.5620910337699256,0.3589264267555552,11.67572555116642,67.92720767871033
2025-12-08,Site_A,50,1.4824405601341037,0.5133936079299621,10.980898562166697,66.1208310958228
2025-12-09,Site_A,50,1.7002016251188605,0.49909364200177775,12.314249436074816,70.50156615694418
2025-12-10,Site_A,50,1.4933988629773247,0.3498770023114147,11.856968417829899,62.35208229103058
2025-12-11,Site_A,50,1.943261302085391,0.22763956923246462,12.215643406899387,81.79667440555401
2025-12-12,Site_A,50,1.4966397308229462,0.6273288527395445,13.404150181997387,64.33415283038742
2025-12-13,Site_A,50,1.4860361125019395,0.5547387883630139,11.294978673621769,62.56776239459409
2025-12-14,Site_A,50,1.994324652241614,0.37596360806974133,11.820107824986067,87.86660371603615
2025-12-15,Site_A,50,1.5575415663457954,0.3547354714291741,15.209403227011258,68.14614032057943
2025-12-16,Site_A,50,1.5727907515238992,0.16168819248519367,12.348768877101504,64.15818722346746
2025-12-17,Site_A,50,1.497462520445921,0.4967434132656958,12.030281212026214,64.3269206771292
2025-12-18,Site_A,50,1.2847792809308918,0.6421575507959182,12.602677132727319,56.8190589547223
2025-12-19,Site_A,50,2.3808970234951325,0.15217081977280522,12.166706091029402,99.20546643818004
2025-12-20,Site_A,50,2.3009537302482346,0.1717768330804064,11.124891539822123,96.45854099687467
2025-12-21,Site_A,50,1.9873005293114816,0.2590778268847346,10.605379746221606,82.71924167607997
2025-12-22,Site_A,50,2.1162476173821267,0.21780853126946473,11.134765031470739,88.14159591906798
2025-12-23,Site_A,50,1.7036571376988032,0.318964252019161,14.470421537749608,68.44585335762295
2025-12-24,Site_A,50,1.4706539949387054,0.306332596483547,11.530476613396829,59.718609083572744
2025-12-25,Site_A,50,2.0794466405370664,0.14932468160503218,12.548870914474112,88.14747257893454
2025-12-26,Site_A,50,1.4091000108551222,0.6626736639530643,14.331334442239434,62.298199671175794
2025-12-27,Site_A,50,2.195059794769721,0.1653556385807813,12.446908961855609,91.12183262668957
2025-12-28,Site_A,50,1.9850081514063747,0.3144710018632933,14.346909165091818,82.3269543436456
2025-12-29,Site_A,50,1.8755625269294216,0.1999326332678643,10.07773881570463,83.36486796580111
2025-12-30,Site_A,50,1.259217855596794,0.5781585802995173,12.976049589473774,51.48017866473234
2025-12-31,Site_A,50,1.9599119198319086,0.289757138980161,13.483228645901047,78.75035568611989
2025-01-01,Site_B,80,1.7566287638303126,0.4125673885483874,12.319345628224461,116.4817520858123
2025-01-02,Site_B,80,2.3776453148342473,0.2992838619043997,12.470394944858718,158.46294317581288
2025-01-03,Site_B,80,1.2682861906690697,0.4653917981694444,14.189780416410121,81.7200299422572
2025-01-04,Site_B,80,2.2626038371639408,0.19048512323224914,15.210103222655738,153.2597587039478
2025-01-05,Site_B,80,1.247090364039988,0.6476001081644059,13.38617712031704,87.21027438728063
2025-01-06,Site_B,80,2.241791464950151,0.13497287935067193,11.558230487819111,146.55078263471714
2025-01-07,Site_B,80,1.3907986797833654,0.5731373645849486,12.514781288167574,94.8149960607685
2025-01-08,Site_B,80,1.9658953959944407,0.21412261194749418,14.497887602218423,135.25578691935965
2025-01-09,Site_B,80,2.1396505727806048,0.24274717795324555,14.580083417024175,145.11637108892552
2025-01-10,Site_B,80,1.5359520300890284,0.45302583210434877,14.788328006471318,105.01362798080221
2025-01-11,Site_B,80,1.6280339649760676,0.6238817403011739,15.45953249640589,111.34641578584441
2025-01-12,Site_B,80,2.4757673144081824,0.10438124911225927,14.541900240119347,164.22269213030833
2025-01-13,Site_B,80,1.9127346889318022,0.4126330744618807,15.17594186004077,135.89105429343667
2025-01-14,Site_B,80,1.814883962161298,0.3278587654280449,14.673505971383143,128.00895833915214
2025-01-15,Site_B,80,2.231148497012376,0.15774758607637537,17.180900743041132,157.10389531538644
2025-01-16,Site_B,80,1.5063938060627613,0.4160003403810664,17.87010079191853,105.52815999536959
2025-01-17,Site_B,80,2.242609733005657,0.15864773799092935,12.751449763003261,145.26020586498842
2025-01-18,Site_B,80,1.670127163411617,0.370256971221784,14.745059927466038,116.69661439965725
2025-01-19,Site_B,80,2.6106604633403676,0.20503308584343774,15.449102800658633,180.971844869117
2025-01-20,Site_B,80,2.2211951084953827,0.2523505026403283,14.979874965621544,144.04141316188586
2025-01-21,Site_B,80,2.1778458419329585,0.2988099856772492,19.23152217375997,147.09840036381974
2025-01-22,Site_B,80,1.7665207010883843,0.4592692393390749,16.227443071770793,121.08604584923297
2025-01-23,Site_B,80,2.4870523361371117,0.17668360619992182,14.30448764474805,177.51010373768148
2025-01-24,Site_B,80,2.6827455576623738,0.363220025684123,17.245617809513707,186.3342407786983
2025-01-25,Site_B,80,2.276214214290985,0.24148423666029623,16.73394634315438,150.71840795105223
2025-01-26,Site_B,80,2.242918102701052,0.2285179900082405,16.941368276195668,160.22088164886097
2025-01-27,Site_B,80,2.1412641342823915,0.42094273161138956,20.091399185922185,145.7452711945501
2025-01-28,Site_B,80,1.814809746473429,0.23475427825520703,17.321518636126623,122.41459128104133
2025-01-29,Site_B,80,2.502592259722187,0.22930005609416912,16.158520878596505,168.44160845805166
2025-01-30,Site_B,80,2.1893228251216494,0.33164503101079856,13.002737708858753,141.56653845359818
2025-01-31,Site_B,80,2.531852589340621,0.12732411975357197,16.731446462113205,171.5284987173906
2025-02-01,Site_B,80,2.6628574227547435,0.24601442149220148,19.824601433496493,183.69871647479812
2025-02-02,Site_B,80,2.3001042024247926,0.3644316696323585,17.182159051859117,154.53101593953872
2025-02-03,Site_B,80,2.6002366042225535,0.05589867289457542,13.037606785556886,178.96543319646156
2025-02-04,Site_B,80,2.721916240121607,0.14031725515819693,16.675519290110795,180.20662117632355
2025-02-05,Site_B,80,1.9263269273173629,0.2507209340797552,19.813441051702416,130.3738876436692
2025-02-06,Site_B,80,2.3702098628781383,0.405698242753939,19.0767544570643,162.62457737299286
2025-02-07,Site_B,80,1.5911685320840958,0.7267330638100146,16.463604144542458,108.75994346015663
2025-02-08,Site_B,80,2.667619426031091,0.20371054532533642,17.172185018295107,172.57139198381856
2025-02-09,Site_B,80,3.337517747742845,0.08639831040910925,17.64182146003145,223.8425678871502
2025-02-10,Site_B,80,2.9129442414622297,0.08963503988731421,17.299343460333006,207.93437551561382
2025-02-11,Site_B,80,2.701098218176987,0.21531307942037672,14.727955647597192,180.85954686694046
2025-02-12,Site_B,80,1.9941919170798366,0.6240880696700872,20.47796995467682,135.59130150301993
2025-02-13,Site_B,80,3.2185602531414887,0.07641732806751567,21.629295584572095,218.16388761205357
2025-02-14,Site_B,80,2.8785429195703025,0.27360317013405233,16.243520536729463,204.8264477630563
2025-02-15,Site_B,80,2.540720189614231,0.3634548071537282,21.93417291401076,179.34641594472998
2025-02-16,Site_B,80,3.113215190789073,0.18443386385777075,19.40722593714607,216.69059837924289
2025-02-17,Site_B,80,2.3907081174484373,0.45729231258788783,22.231049566294097,157.71999468599856
2025-02-18,Site_B,80,2.1041610967237343,0.5382802572224814,20.0248558738947,144.52964801267993
2025-02-19,Site_B,80,3.614686267242596,0.11472361362396107,20.388822085884815,249.81884660440286
2025-02-20,Site_B,80,2.533492324694668,0.4181868831582155,21.03193785214965,168.55133645398305
2025-02-21,Site_B,80,2.8920148114024222,0.36288457817920644,18.876779143086633,191.38740602529617
2025-02-22,Site_B,80,3.037153908665602,0.2646664795049403,23.016560567523392,216.93574244327795
2025-02-23,Site_B,80,3.105114884695567,0.18921919968666295,18.555158274856904,209.0904776111327
2025-02-24,Site_B,80,2.6879308479450175,0.5363300319908418,20.164849536492312,191.49307025153342
2025-02-25,Site_B,80,3.9179544403343933,0.11905867029865491,22.188881367911872,274.1835680543843
2025-02-26,Site_B,80,4.119977040384228,0.21111717141532532,20.293585251005872,283.3689965818968
2025-02-27,Site_B,80,2.7242534194231776,0.4002710941021013,23.03886580939735,187.61755518324213
2025-02-28,Site_B,80,3.1249869270100885,0.3519992920014972,24.407516230140455,203.4097319684058
2025-03-01,Site_B,80,2.6110621471856743,0.5265427448226805,23.852958440549326,178.50923439537715
2025-03-02,Site_B,80,4.130874493863642,0.16181100451912897,18.127769372642756,292.59998291968174
2025-03-03,Site_B,80,2.733678582803064,0.4804723311884958,22.42382750079706,189.531264681709
2025-03-04,Site_B,80,2.9931916276860195,0.3649369273779438,24.401581337620243,204.3057601538954
2025-03-05,Site_B,80,3.7175516967228797,0.3382982526809168,19.882698978588426,265.5471452598367
2025-03-06,Site_B,80,4.119435728928568,0.12416427361110102,24.135245442480947,278.32238952071197
2025-03-07,Site_B,80,3.535121165200416,0.38933654697999986,24.19456955065309,235.71015634749634
2025-03-08,Site_B,80,4.1837518076603395,0.20917966425799714,20.606837190597815,285.54965401322886
2025-03-09,Site_B,80,1.7011173911480766,0.8577193867824644,24.87054578047385,118.22722897087064
2025-03-10,Site_B,80,4.238495206309362,0.15459145040996083,23.918183308192518,273.11007436157854
2025-03-11,Site_B,80,4.249663477161826,0.14976355181245435,24.84385178408535,291.17125497378953
2025-03-12,Site_B,80,3.450649106311958,0.4031923260855532,21.78030667028451,240.11794940054935
2025-03-13,Site_B,80,5.060799225721828,0.042930026928095645,24.182539331175214,341.0185605179968
2025-03-14,Site_B,80,4.1196355164448635,0.19548315582258285,20.641287890421545,289.15273620381936
2025-03-15,Site_B,80,3.987250509024398,0.30113252870937146,19.665232714975552,276.07209273847894
2025-03-16,Site_B,80,3.7037612229505745,0.3060318176644459,24.668384513114997,267.7636464758781
2025-03-17,Site_B,80,4.6548417434283476,0.08205415458777657,26.75472816468449,306.91429559631774
2025-03-18,Site_B,80,3.2659674146065627,0.5066145996912718,25.225455203871217,227.17841578528106
2025-03-19,Site_B,80,2.396827194117131,0.6118173847816214,24.7579322009178,157.84334790172954
2025-03-20,Site_B,80,4.688179992713012,0.3010127836523355,24.674144006453144,303.02293274913615
2025-03-21,Site_B,80,4.825337354289133,0.07868253441359742,23.327565834037514,307.7524012174336
2025-03-22,Site_B,80,5.262838770682302,0.05506402452207499,24.93150718835052,363.254062598471
2025-03-23,Site_B,80,5.156532630592063,0.16575919673839343,26.380130158292605,350.2468827352953
2025-03-24,Site_B,80,3.7925481429271293,0.38070875590993625,24.826800963305473,253.90142728542813
2025-03-25,Site_B,80,4.504289451006937,0.137734707698832,27.357807770107627,286.93376917935603
2025-03-26,Site_B,80,5.0327157937390075,0.13431203549556325,26.406829959788936,332.8672660953936
2025-03-27,Site_B,80,3.9287400594567004,0.3757847229339631,26.805894861669984,264.94821955371003
2025-03-28,Site_B,80,4.0759048515645055,0.2709988242501359,28.105081432606234,279.9021247885912
2025-03-29,Site_B,80,4.422068675964083,0.34752912233623995,25.428782552094127,299.67843850295566
2025-03-30,Site_B,80,3.8660518894461617,0.47705206199807326,27.95426388140241,261.4338355215578
2025-03-31,Site_B,80,5.275307438374622,0.22335621780544143,26.01438496665394,352.8033539146705
2025-04-01,Site_B,80,4.522707949592238,0.27451413041412864,27.61678446923745,319.90013081333484
2025-04-02,Site_B,80,4.761882199333535,0.20553020427956525,25.795166737247907,312.52792884401157
2025-04-03,Site_B,80,4.653446857549255,0.3034720945555675,25.412748427526036,308.89523989655777
2025-04-04,Site_B,80,4.876836967137575,0.28152330283124916,27.563781206679984,322.96397381951977
2025-04-05,Site_B,80,4.64258830741465,0.39411983806495565,23.753953027633962,320.4227620625875
2025-04-06,Site_B,80,4.352464213690337,0.48910568190327913,27.074482675893414,283.99406179771586
2025-04-07,Site_B,80,4.551585370542003,0.4442097043481396,24.595248723319646,310.3593029048479
2025-04-08,Site_B,80,5.942569520442182,0.11411030691108448,29.505734938234852,398.24502197622104
2025-04-09,Site_B,80,5.474325644569304,0.24734277342714361,30.184989893369092,356.46092358357186
2025-04-10,Site_B,80,5.388215109874749,0.20010518918964715,26.492565041567065,367.31777836457184
2025-04-11,Site_B,80,5.248495534924361,0.27835080932244805,29.210948933848766,339.8112119212222
2025-04-12,Site_B,80,3.528618023122553,0.5640174984206949,30.2845670377248,226.6887601642114
2025-04-13,Site_B,80,5.951977960080149,0.1489946990523795,30.42128462742635,396.58605848751415
2025-04-14,Site_B,80,5.737806150122524,0.20165524930937745,29.173337856272738,364.03985526762426
2025-04-15,Site_B,80,5.74996751454685,0.2879641754434741,30.339137023359662,357.51626582991327
2025-04-16,Site_B,80,5.577246079218983,0.23419152474726526,27.695920646675685,380.6117285596125
2025-04-17,Site_B,80,5.927834448089277,0.18970224370037408,29.282811154131107,408.06152864998427
2025-04-18,Site_B,80,5.159276544378922,0.35269865979378817,28.30223356937757,340.84820015775125
2025-04-19,Site_B,80,5.236343300070234,0.3118484101432127,27.886594282069126,344.39571389898884
2025-04-20,Site_B,80,5.7716690433004425,0.2009222325140691,29.541847659904807,396.37483039045605
2025-04-21,Site_B,80,6.971054564735547,0.08168079440498474,30.278118837101772,447.4018356300485
2025-04-22,Site_B,80,4.351026208055738,0.47354682001885057,32.02116580474935,275.3794551708546
2025-04-23,Site_B,80,5.778038937651864,0.1978948916800621,30.333269565305528,392.08537084846876
2025-04-24,Site_B,80,3.5334333892074685,0.7123519558077521,31.193317637490875,234.0218313244817
2025-04-25,Site_B,80,4.354848968169334,0.5875048529921348,31.32017722824584,297.3992901665949
2025-04-26,Site_B,80,4.713758419586962,0.4533813317394459,35.490459321467526,286.9152816137857
2025-04-27,Site_B,80,4.646448826992888,0.47166807393406307,26.594700726478983,300.27321987395237
2025-04-28,Site_B,80,4.460365206979735,0.5427250268332675,28.935838529983723,298.1794837840506
2025-04-29,Site_B,80,4.420531034093819,0.5101980347085477,33.354296161320946,293.7161576042436
2025-04-30,Site_B,80,5.184060619592177,0.3757732003486491,29.79414476556833,353.96374880744395
2025-05-01,Site_B,80,5.49026644977674,0.40053097898944834,32.35924585796147,363.6497528485502
2025-05-02,Site_B,80,4.167119532956284,0.626620725884478,31.13458259482164,277.3157961694353
2025-05-03,Site_B,80,5.985879852766803,0.3429313887928683,34.96932185385845,385.59724480583975
2025-05-04,Site_B,80,6.3960482530856115,0.16522971414643917,28.61456624530621,448.3441295227731
2025-05-05,Site_B,80,4.666517749407284,0.5033724299808366,33.363414569633115,296.0546719679192
2025-05-06,Site_B,80,5.462667663726211,0.4042066060444649,34.49547130706743,360.5830046239275
2025-05-07,Site_B,80,7.086925039438976,0.07868555396096127,29.04130037369036,459.2764026022184
2025-05-08,Site_B,80,6.430919369940097,0.26360123640777705,32.70702036901603,429.87167371917474
2025-05-09,Site_B,80,6.63837509035955,0.2582539786239908,29.278716905508237,429.12669568544095
2025-05-10,Site_B,80,4.051786073019454,0.6240033316843273,31.335739980862215,274.04609731484044
2025-05-11,Site_B,80,6.388159377175496,0.26040107603313417,30.825196427864903,424.9418941371903
2025-05-12,Site_B,80,7.314066377290207,0.16946320743516496,26.59305270961958,519.1193612207119
2025-05-13,Site_B,80,5.203467331807599,0.5407559322397593,32.30443239369522,339.9857317076903
2025-05-14,Site_B,80,7.044235027844234,0.19478480444827906,31.797243498163997,471.0652631008684
2025-05-15,Site_B,80,7.796108743064644,0.06887990545793629,34.520506212730574,497.1050969551852
2025-05-16,Site_B,80,5.4048948434553585,0.4081542915149071,32.833585148022095,352.2889102530071
2025-05-17,Site_B,80,6.013252962156276,0.36172534093775816,36.23916722470607,391.02742974055474
2025-05-18,Site_B,80,6.232909862710224,0.3375989645997123,31.9147239826725,392.495290993033
2025-05-19,Site_B,80,5.602275400557786,0.4127175400402187,31.529944447719586,354.55441523472365
2025-05-20,Site_B,80,5.247627992865121,0.45795517756704424,31.40977011362238,353.27268087748445
2025-05-21,Site_B,80,5.5762347062652395,0.3801281615918507,30.933887280652545,367.8546210043277
2025-05-22,Site_B,80,6.421051292843597,0.22883850073337772,27.429236334755785,423.8772143261674
2025-05-23,Site_B,80,6.934943360659104,0.1414677049830548,31.433105169923948,448.40934653217994
2025-05-24,Site_B,80,8.018655046217741,0.07287321448756762,27.763615498001545,526.907094758414
2025-05-25,Site_B,80,5.591271082043655,0.44687255637689216,32.82628878335086,368.818627985004
2025-05-26,Site_B,80,6.499771164453395,0.279768128197931,29.46205848399835,439.01768649018265
2025-05-27,Site_B,80,7.061003250313467,0.19971599471476809,30.17052471529495,439.82395880149
2025-05-28,Site_B,80,7.958492891449258,0.08218736120335327,30.634429341416453,550.2911089940986
2025-05-29,Site_B,80,6.793173564995932,0.2545713499265267,31.57448413592915,466.94366130837324
2025-05-30,Site_B,80,5.402834500316709,0.42987208116503034,32.006236622274905,331.45061218538297
2025-05-31,Site_B,80,6.25836686584404,0.38612652940425873,34.166644185945046,422.4507050116497
2025-06-01,Site_B,80,7.549396316834717,0.1620797059166703,30.844847210346796,516.1582866686242
2025-06-02,Site_B,80,6.97288083604979,0.2532675917742343,32.959458858992114,458.1100713745408
2025-06-03,Site_B,80,7.707826030366079,0.16308071565613846,37.45719727332071,477.63183762919823
2025-06-04,Site_B,80,7.845999830676989,0.07952385846686746,32.743498561376796,531.6248784075317
2025-06-05,Site_B,80,4.590535000665436,0.6667763595475985,31.618192030790652,301.05290345332486
2025-06-06,Site_B,80,7.245724439869017,0.2032714901241539,30.408285713685107,488.94093253889946
2025-06-07,Site_B,80,5.243165934154588,0.5552616072854383,31.562390020166323,369.49364054912166
2025-06-08,Site_B,80,7.156875187952076,0.2543553993461441,30.160127805455332,479.1839903828938
2025-06-09,Site_B,80,5.557898082726199,0.43442326792129315,32.44846349330209,355.8141713639159
2025-06-10,Site_B,80,5.817716025914429,0.4549580432612652,32.09386417960219,379.6737957443339
2025-06-11,Site_B,80,6.491579429763339,0.34531384306022517,27.53504305780272,425.6619135477578
2025-06-12,Site_B,80,5.926298800226537,0.4220092098351104,31.792149508267688,396.25672597656194
2025-06-13,Site_B,80,5.828606073478925,0.433111081740276,33.948429541734924,372.0844979257776
2025-06-14,Site_B,80,5.4078553532578635,0.4988650678488155,30.96188180191818,353.0775044515992
2025-06-15,Site_B,80,8.367792074270717,0.07938378465018037,30.41538842146749,534.0237851488174
2025-06-16,Site_B,80,7.683530345949759,0.176186008895597,28.923976284006933,511.0765549055664
2025-06-17,Site_B,80,3.6303234482743156,0.7775828828400863,27.91872140239268,244.71254201939294
2025-06-18,Site_B,80,7.939584988944127,0.05864283913640061,33.24987670399947,478.92102874456447
2025-06-19,Site_B,80,7.4608515954912775,0.20854171087367412,31.173853307146064,497.50773206747107
2025-06-20,Site_B,80,6.696308940372016,0.3347187186034697,33.02765892412856,439.0982769424346
2025-06-21,Site_B,80,6.770239846520294,0.3838837660801729,34.490258923063145,431.7218331215444
2025-06-22,Site_B,80,5.376949737425056,0.5504600672251958,33.211308832775,374.26050532011965
2025-06-23,Site_B,80,5.675491475840846,0.39060350403492883,30.2224946675022,387.81544925967034
2025-06-24,Site_B,80,5.013955757433064,0.5676004259893483,31.532642551246045,320.3529167660699
2025-06-25,Site_B,80,7.784917512582913,0.2087823484234139,29.9462905302801,530.674260763636
2025-06-26,Site_B,80,8.619401517541586,0.034647050479104755,29.689469375738835,595.1588345345881
2025-06-27,Site_B,80,5.387637655251972,0.5187672752459596,31.719188348052096,357.0569797516885
2025-06-28,Site_B,80,7.230955438759586,0.25696279185232984,29.293805141112745,487.3088041874948
2025-06-29,Site_B,80,7.519788448961583,0.15317219848562644,26.46226998811753,512.25555060741
2025-06-30,Site_B,80,4.7008894979075855,0.628271848759218,29.023826248280603,294.1078233105517
2025-07-01,Site_B,80,7.5085408866031775,0.16697429858417492,30.103300889718472,496.1210940607762
2025-07-02,Site_B,80,7.217297516146442,0.2194874107730575,33.67421827616296,469.179638115734
2025-07-03,Site_B,80,6.666778529492142,0.3358669613106042,29.561346797755537,463.00152916446086
2025-07-04,Site_B,80,6.213639388944066,0.3367516421427166,31.476338755589182,414.6546451579588
2025-07-05,Site_B,80,7.480259450613022,0.22491414959028105,30.022638326262232,492.7363190227327
2025-07-06,Site_B,80,5.407064429065484,0.4783823266561567,32.71635227497986,354.46288744871634
2025-07-07,Site_B,80,7.626669699439481,0.15869962744119517,32.479573285387076,517.2150662450125
2025-07-08,Site_B,80,4.810140567039206,0.5302941825032673,32.41714967368929,314.8148866025126
2025-07-09,Site_B,80,4.4329753094284845,0.670232958918758,26.493861578991453,292.6052933717548
2025-07-10,Site_B,80,6.572938161427079,0.36297770217208636,30.269946645277138,432.7896940810402
2025-07-11,Site_B,80,6.000267831067605,0.37383327738568717,31.266717613914302,407.94630536638834
2025-07-12,Site_B,80,7.227967334295148,0.15572209232017992,30.40196325308409,486.7557655603117
2025-07-13,Site_B,80,3.4554198992045126,0.8008496181459662,30.799860926963742,229.21460937152762
2025-07-14,Site_B,80,7.84733032612992,0.1535640745708416,29.52892211705691,525.5618956049685
2025-07-15,Site_B,80,6.028908228558601,0.323191144014051,27.80600712741182,397.4926644475094
2025-07-16,Site_B,80,4.388773094153482,0.594028003731503,25.782574366787117,294.97723709202353
2025-07-17,Site_B,80,7.10102980604593,0.18689834629168883,27.76469724377483,466.7646028399059
2025-07-18,Site_B,80,6.186825886111533,0.3147042850262905,34.28903201614656,400.40124037841395
2025-07-19,Site_B,80,7.115467345794757,0.1633575087386425,27.836431742588818,496.32425844317873
2025-07-20,Site_B,80,4.976815502597697,0.45144783878526973,24.76185818995385,326.58293526355754
2025-07-21,Site_B,80,5.0322262743414745,0.5476027134986414,30.016862293549018,326.40030771401786
2025-07-22,Site_B,80,7.410904989861152,0.1510245682886709,30.131467149730927,470.5516155538019
2025-07-23,Site_B,80,7.394483858588214,0.06714327551304734,30.862276926262624,463.3802835376687
2025-07-24,Site_B,80,8.444392672520852,0.020265096341135047,29.09480300704684,552.6114519843488
2025-07-25,Site_B,80,7.425453821261786,0.19079083315973652,29.707443661183127,476.797005101517
2025-07-26,Site_B,80,6.035003382764631,0.3145915182749565,31.558286792608715,411.15634287804835
2025-07-27,Site_B,80,4.615431339943736,0.6227312727946971,26.246775694919013,301.55196050068133
2025-07-28,Site_B,80,5.735993251860752,0.36324961355267393,25.70819121325433,392.0942732913893
2025-07-29,Site_B,80,6.224318880373492,0.3096082335164432,25.263231306300654,420.8255742563825
2025-07-30,Site_B,80,4.9205276762812815,0.4799239160973749,26.775761308631367,318.21406750932005
2025-07-31,Site_B,80,6.013662577408204,0.42099355031573704,30.027468749808865,409.26283303867416
2025-08-01,Site_B,80,6.348840627932737,0.2553732244001163,28.068554869950226,411.4646730308201
2025-08-02,Site_B,80,7.212516501319038,0.12267416716586353,27.840110976505336,483.50812216429244
2025-08-03,Site_B,80,4.758186038638684,0.498267872601404,23.07297921940919,320.4389263725409
2025-08-04,Site_B,80,6.027978368247012,0.38665054906104845,25.17269328061175,392.818724827617
2025-08-05,Site_B,80,7.666085688855034,0.10297423880754514,22.73387257778088,503.11869193664836
2025-08-06,Site_B,80,6.0013514906744145,0.3719661951572694,28.59249497833863,385.38953544788353
2025-08-07,Site_B,80,6.750857776993383,0.20846058132114104,29.26485257392768,408.3699992569771
2025-08-08,Site_B,80,4.098326997485602,0.5945539213787732,27.495036221045428,258.0984720806662
2025-08-09,Site_B,80,6.899811917472845,0.16496101528365886,23.80350756056056,450.65845460099075
2025-08-10,Site_B,80,4.711615176274223,0.5060443339007079,28.581182294529256,306.21143950732204
2025-08-11,Site_B,80,4.203585824548012,0.6493356891926007,24.949613306656914,258.36730492197427
2025-08-12,Site_B,80,6.440684655968796,0.23967420889097077,22.86516626073998,409.5498053157564
2025-08-13,Site_B,80,5.582564222535744,0.30777002028572686,23.202261900134886,349.74943178631435
2025-08-14,Site_B,80,5.472803964632907,0.3931387477373168,24.106814921551234,338.8840387947674
2025-08-15,Site_B,80,5.5637447170816525,0.35906610372810693,24.90146379296157,348.1548965653646
2025-08-16,Site_B,80,6.129964027987134,0.09318639284273175,24.31396650397648,380.6156614546069
2025-08-17,Site_B,80,6.181486252809807,0.23947149582705957,21.644884968467302,386.0896480166489
2025-08-18,Site_B,80,4.223778609989966,0.5361186227847963,26.729689520677407,267.95839995541337
2025-08-19,Site_B,80,5.502983357675555,0.2729968243224327,23.833997315524275,343.61894007820234
2025-08-20,Site_B,80,3.524582409347361,0.636892031847686,22.539221185394464,216.2215915349343
2025-08-21,Site_B,80,4.322371416424259,0.5157285652383427,26.018270581221152,275.25062383923773
2025-08-22,Site_B,80,5.773930409408796,0.264955160446557,21.26125775285211,359.92135614873996
2025-08-23,Site_B,80,5.48293154699217,0.22516405508029036,20.200211602049723,328.6111118990435
2025-08-24,Site_B,80,6.313465055939255,0.13276009733882985,25.83245666772329,362.99281727456525
2025-08-25,Site_B,80,6.338502954021247,0.13803798567389045,26.89936577031763,364.07848223671255
2025-08-26,Site_B,80,5.923556938835693,0.27247723472551494,22.021175460869195,361.83081164899147
2025-08-27,Site_B,80,5.410732431494684,0.22125192469229243,22.681924776500342,314.22150264610127
2025-08-28,Site_B,80,5.2432438151040115,0.2818441941883931,20.308803344616123,299.8247905544042
2025-08-29,Site_B,80,4.25228672069955,0.5012014218312568,22.441207430532092,244.09695508432713
2025-08-30,Site_B,80,5.165522352588299,0.356253490512045,21.306773874808936,296.0166104818412
2025-08-31,Site_B,80,4.14719159267592,0.48092168360998616,21.881813088816887,247.89242097914683
2025-09-01,Site_B,80,5.410605534264605,0.29358933166396944,22.732446806307607,312.65947475569135
2025-09-02,Site_B,80,4.342982168259391,0.3434091223524368,19.54552464166698,240.8256142982175
2025-09-03,Site_B,80,4.800263754806462,0.27617317095720023,20.846154991489563,276.7815994512075
2025-09-04,Site_B,80,5.240215853798201,0.25923282808434794,17.790304382785717,302.68494709679135
2025-09-05,Site_B,80,2.8194843701846444,0.6665982092841207,20.51616063943879,158.82372502979268
2025-09-06,Site_B,80,4.94665923676434,0.2225999956299699,20.86776435999401,291.3579527060065
2025-09-07,Site_B,80,4.279378235043987,0.39028637507150554,21.341374778905212,239.573564285751
2025-09-08,Site_B,80,5.504651111032794,0.18792127771136868,21.191671306200607,321.1981766949656
2025-09-09,Site_B,80,2.6485588905997366,0.6540773063820488,22.349853532274967,151.637776405901
2025-09-10,Site_B,80,5.422082892717553,0.15269482354801903,17.292596832068195,312.1846374342947
2025-09-11,Site_B,80,5.499754044272223,0.17261178254658605,17.22978008284379,296.7331766738132
2025-09-12,Site_B,80,3.582423528368844,0.5218861131700214,21.09118697484928,199.64798618494606
2025-09-13,Site_B,80,4.076194324702907,0.3932327482616173,15.786868291591208,225.21643368262235
2025-09-14,Site_B,80,4.832428018384236,0.25616397315810746,20.06354372190387,254.96661157188717
2025-09-15,Site_B,80,3.8333750477726856,0.4414439664731421,17.16919231601086,217.37406993265327
2025-09-16,Site_B,80,4.816681156769384,0.29660434513898576,22.50897435455429,256.82113884817176
2025-09-17,Site_B,80,4.43254297660586,0.23006992106698437,19.698598063463393,236.86374378881052
2025-09-18,Site_B,80,4.546591217985036,0.2549915525968886,18.594559767838977,238.96158321376765
2025-09-19,Site_B,80,3.1119673938128574,0.6023632049668445,21.324371344920092,171.51651480551243
2025-09-20,Site_B,80,3.427661296523566,0.4837032298888094,16.579111164612797,175.8127980189901
2025-09-21,Site_B,80,3.1120324257442302,0.40021129701925656,16.79705760511705,169.6637766106566
2025-09-22,Site_B,80,4.0383521659504735,0.3295079548505259,15.859953025392107,221.98842868447855
2025-09-23,Site_B,80,4.567492862454337,0.25359136955956196,16.49284189526237,246.31847889813648
2025-09-24,Site_B,80,4.603371595193921,0.22571935487506772,18.18632845217011,248.4740412668077
2025-09-25,Site_B,80,3.340401931374435,0.5078744821781623,18.89434415583123,179.77772827428612
2025-09-26,Site_B,80,4.480617108531387,0.11349076812432074,19.672839971039544,228.06921665228282
2025-09-27,Site_B,80,4.9255777724284275,0.08191321353220349,13.94536406269357,268.01267560008876
2025-09-28,Site_B,80,3.2932692377281825,0.4327503265562949,17.097207091988825,168.69315070875413
2025-09-29,Site_B,80,4.281214238353756,0.22267041461811926,15.072075860879757,220.95764972804173
2025-09-30,Site_B,80,2.947173962103004,0.5522427734854515,16.726698745936897,150.22818337076214
2025-10-01,Site_B,80,2.8447631774254614,0.4970515800136799,21.655909025796326,147.9755309708835
2025-10-02,Site_B,80,3.49316076461884,0.31600786967957184,17.4230996138415,175.3938346031315
2025-10-03,Site_B,80,3.103041446766202,0.49894045362715966,18.49162946067716,157.97544313969667
2025-10-04,Site_B,80,2.839784774945381,0.5229057975539544,20.468978158915586,138.31684889882263
2025-10-05,Site_B,80,2.4782674915224447,0.572227403528655,18.658823862247754,129.15308415270846
2025-10-06,Site_B,80,3.5703838528617062,0.24488240451072416,15.366448361582787,182.57895090385182
2025-10-07,Site_B,80,4.27725633021304,0.07242626522342746,13.57048330393539,211.57171004788424
2025-10-08,Site_B,80,4.888115196641611,0.015948358307271447,15.923470828709071,239.40151439325444
2025-10-09,Site_B,80,2.614706775937251,0.5192852535674672,14.71174243192935,131.79483136312214
2025-10-10,Site_B,80,3.4255044238319146,0.3049656784272177,12.663329280803307,165.03397809719672
2025-10-11,Site_B,80,3.926089604209985,0.149706420472428,16.061302862213303,193.08609189314652
2025-10-12,Site_B,80,2.9322068532337853,0.34620562351302414,15.980209024027815,147.98481905797738
2025-10-13,Site_B,80,2.8491856695530284,0.31115129592300095,18.85759475839124,134.94212207594623
2025-10-14,Site_B,80,2.9287881754049447,0.33174075076411136,14.468739767556213,143.073977262472
2025-10-15,Site_B,80,3.4243657426393472,0.2633102627296781,15.627430509069127,166.23818224803975
2025-10-16,Site_B,80,2.7464901407735716,0.4558267013603829,13.613193069547794,131.07345674122922
2025-10-17,Site_B,80,3.8199203493098546,0.14539009635465006,16.569569724627318,179.22053934259128
2025-10-18,Site_B,80,3.221420490292093,0.278427774808771,14.455188866754865,158.29655328681127
2025-10-19,Site_B,80,3.3873394411706275,0.19289275840051484,12.242596673808556,157.71562752063934
2025-10-20,Site_B,80,2.518120359586641,0.43097613112464966,14.4463880813496,112.89327550132757
2025-10-21,Site_B,80,3.562063430636197,0.18997629404518687,15.142159667224572,172.11875769942074
2025-10-22,Site_B,80,3.2919788055035455,0.11322783313393725,14.76170636115672,150.44258718556497
2025-10-23,Site_B,80,2.4395378935483576,0.38036891809333223,16.235294880204595,118.05328215986061
2025-10-24,Site_B,80,2.8726860484656203,0.363691266064873,11.142058618092467,141.63923402728
2025-10-25,Site_B,80,3.1023896486319456,0.09835973530909621,12.249715356760671,149.8515125834975
2025-10-26,Site_B,80,2.8115451658798185,0.5298797834208773,15.114194149131917,137.56726684100352
2025-10-27,Site_B,80,2.669072701539917,0.3573692424359294,12.285920056838764,134.19523856130382
2025-10-28,Site_B,80,3.0126388953310954,0.24211707399507496,14.121687704474049,146.9542479854838
2025-10-29,Site_B,80,3.2083755931736317,0.04554165254028526,8.708018931645842,153.5972722472349
2025-10-30,Site_B,80,2.180582246114245,0.46963875377395287,18.888671447127496,108.43316946796921
2025-10-31,Site_B,80,2.4110330376915825,0.35900849112701533,12.829141656386213,120.305355235303
2025-11-01,Site_B,80,2.227074143556954,0.40780250580682015,15.67084933288334,111.1690003820075
2025-11-02,Site_B,80,2.5282857580786158,0.3934533351281936,12.526082309097662,118.07417763038517
2025-11-03,Site_B,80,3.030585809061139,0.07167200457050205,13.948823831166845,137.816004784927
2025-11-04,Site_B,80,2.904646268473692,0.25647990188704956,16.025446385341457,135.39480775507553
2025-11-05,Site_B,80,2.6746676195626917,0.507180766788446,15.298054015169928,129.45318506204893
2025-11-06,Site_B,80,2.867001180470437,0.10927747988491361,12.485043739687388,136.5404495595532
2025-11-07,Site_B,80,2.5090883116839273,0.29249717640138134,12.553655088618681,118.1887489246287
2025-11-08,Site_B,80,2.936920820640049,0.12192287676596913,14.764225898435637,141.54245722953556
2025-11-09,Site_B,80,2.5023142323883447,0.44942133018578706,17.359249498190806,113.36791160469475
2025-11-10,Site_B,80,2.336585047712669,0.30471676066112374,13.015751885843768,111.21357925374099
2025-11-11,Site_B,80,1.80806187848829,0.4436783590358585,16.486515847179078,88.56889171315467
2025-11-12,Site_B,80,1.7311154753552542,0.4189528258269907,12.033555379037871,83.39759705104363
2025-11-13,Site_B,80,1.518719872009069,0.6408743066505244,14.367110760715148,73.47199013488344
2025-11-14,Site_B,80,1.4108735733749997,0.6377385813569518,14.615133354621609,70.07024818968712
2025-11-15,Site_B,80,3.1692776657708968,0.10174202612083834,11.545373506652966,149.90241376590444
2025-11-16,Site_B,80,2.453391982403426,0.39441588289699137,10.826466011156075,113.99306803914237
2025-11-17,Site_B,80,1.1553620116013557,0.6659889245547499,14.569596410804094,56.70808355728823
2025-11-18,Site_B,80,1.874017852925201,0.35465289797165545,11.176780619190204,91.93125171969696
2025-11-19,Site_B,80,1.2948609400570013,0.7180812708236378,10.415163258194294,62.39127171175926
2025-11-20,Site_B,80,2.5372142154023445,0.2678590657150727,10.802815476601983,119.65854862484564
2025-11-21,Site_B,80,1.6938674551182207,0.5071194633934764,11.069291823510873,80.27355702682584
2025-11-22,Site_B,80,1.1610216003402853,0.6761793305646111,13.826458306927952,52.911199710081526
2025-11-23,Site_B,80,2.328278636195843,0.15810975561979926,13.11894470661783,114.01492103574478
2025-11-24,Site_B,80,1.9189144490957326,0.282168424787864,13.498747996841638,93.87093609293332
2025-11-25,Site_B,80,1.4417088632592712,0.6735862009134714,12.891706511189192,65.62869105837052
2025-11-26,Site_B,80,1.696497516625486,0.3672551094983738,10.845730657965023,82.48179000813668
2025-11-27,Site_B,80,1.5771697231160424,0.4467203943349487,13.415034103162624,75.63990932263444
2025-11-28,Site_B,80,1.8489232361472565,0.5159850719025716,14.376110497360273,84.92364755296525
2025-11-29,Site_B,80,1.8605287020355,0.24801605571262658,13.173543625365046,84.96882362685416
2025-11-30,Site_B,80,1.273665759652091,0.4619179107831346,12.900145226704323,61.02614252575087
2025-12-01,Site_B,80,1.757276564731768,0.402516634030268,10.465983589496744,82.27022478904159
2025-12-02,Site_B,80,1.975306369693819,0.21624277055289406,12.425949138150047,98.70314019249197
2025-12-03,Site_B,80,2.093934037581763,0.2625801541592067,10.367017228705762,102.04778934751961
2025-12-04,Site_B,80,1.2498011072285722,0.6916756785075089,11.96759007228315,60.057403265765345
2025-12-05,Site_B,80,2.0906451052246124,0.17558043974331478,8.746216990467813,100.6083313758634
2025-12-06,Site_B,80,1.4481638213442616,0.5211991290767134,8.775693232544022,71.35190942585969
2025-12-07,Site_B,80,1.5620910337699256,0.3589264267555552,11.67572555116642,75.88872406968616
2025-12-08,Site_B,80,1.4824405601341037,0.5133936079299621,10.980898562166697,71.28757510068749
2025-12-09,Site_B,80,1.7002016251188605,0.49909364200177775,12.314249436074816,78.18163343572455
2025-12-10,Site_B,80,1.4933988629773247,0.3498770023114147,11.856968417829899,77.25092600961148
2025-12-11,Site_B,80,1.943261302085391,0.22763956923246462,12.215643406899387,89.01647011183272
2025-12-12,Site_B,80,1.4966397308229462,0.6273288527395445,13.404150181997387,70.2385587652844
2025-12-13,Site_B,80,1.4860361125019395,0.5547387883630139,11.294978673621769,66.90526417582186
2025-12-14,Site_B,80,1.994324652241614,0.37596360806974133,11.820107824986067,96.00575859882555
2025-12-15,Site_B,80,1.5575415663457954,0.3547354714291741,15.209403227011258,74.12004190366999
2025-12-16,Site_B,80,1.5727907515238992,0.16168819248519367,12.348768877101504,76.21747611566475
2025-12-17,Site_B,80,1.497462520445921,0.4967434132656958,12.030281212026214,67.23651901920547
2025-12-18,Site_B,80,1.2847792809308918,0.6421575507959182,12.602677132727319,62.893436158071204
2025-12-19,Site_B,80,2.3808970234951325,0.15217081977280522,12.166706091029402,110.05224767756985
2025-12-20,Site_B,80,2.3009537302482346,0.1717768330804064,11.124891539822123,108.50854663257856
2025-12-21,Site_B,80,1.9873005293114816,0.2590778268847346,10.605379746221606,96.76763542362285
2025-12-22,Site_B,80,2.1162476173821267,0.21780853126946473,11.134765031470739,101.02922750097945
2025-12-23,Site_B,80,1.7036571376988032,0.318964252019161,14.470421537749608,81.50222631629411
2025-12-24,Site_B,80,1.4706539949387054,0.306332596483547,11.530476613396829,71.33092882868827
2025-12-25,Site_B,80,2.0794466405370664,0.14932468160503218,12.548870914474112,99.76327119553646
2025-12-26,Site_B,80,1.4091000108551222,0.6626736639530643,14.331334442239434,66.06030748692967
2025-12-27,Site_B,80,2.195059794769721,0.1653556385807813,12.446908961855609,103.45034674334329
2025-12-28,Site_B,80,1.9850081514063747,0.3144710018632933,14.346909165091818,94.61675289584187
2025-12-29,Site_B,80,1.8755625269294216,0.1999326332678643,10.07773881570463,86.44738476145206
2025-12-30,Site_B,80,1.259217855596794,0.5781585802995173,12.976049589473774,61.4227983892778
2025-12-31,Site_B,80,1.9599119198319086,0.289757138980161,13.483228645901047,93.63046943414338
2025-01-01,Site_C,65,1.7566287638303126,0.4125673885483874,12.319345628224461,97.27145869378585
2025-01-02,Site_C,65,2.3776453148342473,0.2992838619043997,12.470394944858718,136.06260561495984
2025-01-03,Site_C,65,1.2682861906690697,0.4653917981694444,14.189780416410121,69.81839812692712
2025-01-04,Site_C,65,2.2626038371639408,0.19048512323224914,15.210103222655738,124.31962552984645
2025-01-05,Site_C,65,1.247090364039988,0.6476001081644059,13.38617712031704,67.896269075022
2025-01-06,Site_C,65,2.241791464950151,0.13497287935067193,11.558230487819111,125.12516551248406
2025-01-07,Site_C,65,1.3907986797833654,0.5731373645849486,12.514781288167574,77.54630711075964
2025-01-08,Site_C,65,1.9658953959944407,0.21412261194749418,14.497887602218423,106.43444544976612
2025-01-09,Site_C,65,2.1396505727806048,0.24274717795324555,14.580083417024175,117.57262155759788
2025-01-10,Site_C,65,1.5359520300890284,0.45302583210434877,14.788328006471318,83.17185217168884
2025-01-11,Site_C,65,1.6280339649760676,0.6238817403011739,15.45953249640589,88.03475159129223
2025-01-12,Site_C,65,2.4757673144081824,0.10438124911225927,14.541900240119347,129.66782056595835
2025-01-13,Site_C,65,1.9127346889318022,0.4126330744618807,15.17594186004077,104.92927196857592
2025-01-14,Site_C,65,1.814883962161298,0.3278587654280449,14.673505971383143,95.13484690441192
2025-01-15,Site_C,65,2.231148497012376,0.15774758607637537,17.180900743041132,121.53608975598397
2025-01-16,Site_C,65,1.5063938060627613,0.4160003403810664,17.87010079191853,81.68166519378734
2025-01-17,Site_C,65,2.242609733005657,0.15864773799092935,12.751449763003261,127.7861997543154
2025-01-18,Site_C,65,1.670127163411617,0.370256971221784,14.745059927466038,89.44411263733056
2025-01-19,Site_C,65,2.6106604633403676,0.20503308584343774,15.449102800658633,140.91045431252923
2025-01-20,Site_C,65,2.2211951084953827,0.2523505026403283,14.979874965621544,121.28482318632395
2025-01-21,Site_C,65,2.1778458419329585,0.2988099856772492,19.23152217375997,118.19939984459357
2025-01-22,Site_C,65,1.7665207010883843,0.4592692393390749,16.227443071770793,101.58022770298729
2025-01-23,Site_C,65,2.4870523361371117,0.17668360619992182,14.30448764474805,132.67614088831237
2025-01-24,Site_C,65,2.6827455576623738,0.363220025684123,17.245617809513707,146.48844431675522
2025-01-25,Site_C,65,2.276214214290985,0.24148423666029623,16.73394634315438,126.9719015178116
2025-01-26,Site_C,65,2.242918102701052,0.2285179900082405,16.941368276195668,127.15358409240673
2025-01-27,Site_C,65,2.1412641342823915,0.42094273161138956,20.091399185922185,116.91365557082301
2025-01-28,Site_C,65,1.814809746473429,0.23475427825520703,17.321518636126623,94.46355294513272
2025-01-29,Site_C,65,2.502592259722187,0.22930005609416912,16.158520878596505,137.59278746698178
2025-01-30,Site_C,65,2.1893228251216494,0.33164503101079856,13.002737708858753,125.81632882119341
2025-01-31,Site_C,65,2.531852589340621,0.12732411975357197,16.731446462113205,141.01109431340686
2025-02-01,Site_C,65,2.6628574227547435,0.24601442149220148,19.824601433496493,148.1034269030657
2025-02-02,Site_C,65,2.3001042024247926,0.3644316696323585,17.182159051859117,122.97415312719305
2025-02-03,Site_C,65,2.6002366042225535,0.05589867289457542,13.037606785556886,138.57648102771452
2025-02-04,Site_C,65,2.721916240121607,0.14031725515819693,16.675519290110795,150.39718789310706
2025-02-05,Site_C,65,1.9263269273173629,0.2507209340797552,19.813441051702416,101.82645186444152
2025-02-06,Site_C,65,2.3702098628781383,0.405698242753939,19.0767544570643,133.95767848797846
2025-02-07,Site_C,65,1.5911685320840958,0.7267330638100146,16.463604144542458,85.63572246934434
2025-02-08,Site_C,65,2.667619426031091,0.20371054532533642,17.172185018295107,147.20028445537432
2025-02-09,Site_C,65,3.337517747742845,0.08639831040910925,17.64182146003145,173.87297359157276
2025-02-10,Site_C,65,2.9129442414622297,0.08963503988731421,17.299343460333006,158.95166860381212
2025-02-11,Site_C,65,2.701098218176987,0.21531307942037672,14.727955647597192,143.84566009378622
2025-02-12,Site_C,65,1.9941919170798366,0.6240880696700872,20.47796995467682,102.44519612889438
2025-02-13,Site_C,65,3.2185602531414887,0.07641732806751567,21.629295584572095,180.60960426964667
2025-02-14,Site_C,65,2.8785429195703025,0.27360317013405233,16.243520536729463,166.76919285932206
2025-02-15,Site_C,65,2.540720189614231,0.3634548071537282,21.93417291401076,145.0418145426894
2025-02-16,Site_C,65,3.113215190789073,0.18443386385777075,19.40722593714607,175.41216496492933
2025-02-17,Site_C,65,2.3907081174484373,0.45729231258788783,22.231049566294097,130.3616419443647
2025-02-18,Site_C,65,2.1041610967237343,0.5382802572224814,20.0248558738947,118.98727156216397
2025-02-19,Site_C,65,3.614686267242596,0.11472361362396107,20.388822085884815,206.90496523338038
2025-02-20,Site_C,65,2.533492324694668,0.4181868831582155,21.03193785214965,140.45373473401742
2025-02-21,Site_C,65,2.8920148114024222,0.36288457817920644,18.876779143086633,153.9989071171477
2025-02-22,Site_C,65,3.037153908665602,0.2646664795049403,23.016560567523392,165.17107166830064
2025-02-23,Site_C,65,3.105114884695567,0.18921919968666295,18.555158274856904,180.18999501455932
2025-02-24,Site_C,65,2.6879308479450175,0.5363300319908418,20.164849536492312,148.06556670498583
2025-02-25,Site_C,65,3.9179544403343933,0.11905867029865491,22.188881367911872,194.72916327429337
2025-02-26,Site_C,65,4.119977040384228,0.21111717141532532,20.293585251005872,217.43073171166594
2025-02-27,Site_C,65,2.7242534194231776,0.4002710941021013,23.03886580939735,148.48239560159655
2025-02-28,Site_C,65,3.1249869270100885,0.3519992920014972,24.407516230140455,177.87931516331338
2025-03-01,Site_C,65,2.6110621471856743,0.5265427448226805,23.852958440549326,142.9635156999026
2025-03-02,Site_C,65,4.130874493863642,0.16181100451912897,18.127769372642756,235.25690878900383
2025-03-03,Site_C,65,2.733678582803064,0.4804723311884958,22.42382750079706,148.52744628778498
2025-03-04,Site_C,65,2.9931916276860195,0.3649369273779438,24.401581337620243,155.49638198174904
2025-03-05,Site_C,65,3.7175516967228797,0.3382982526809168,19.882698978588426,202.19116461676046
2025-03-06,Site_C,65,4.119435728928568,0.12416427361110102,24.135245442480947,229.7524927331448
2025-03-07,Site_C,65,3.535121165200416,0.38933654697999986,24.19456955065309,196.67505515028668
2025-03-08,Site_C,65,4.1837518076603395,0.20917966425799714,20.606837190597815,222.24753859555312
2025-03-09,Site_C,65,1.7011173911480766,0.8577193867824644,24.87054578047385,92.91114936711715
2025-03-10,Site_C,65,4.238495206309362,0.15459145040996083,23.918183308192518,252.80181147551144
2025-03-11,Site_C,65,4.249663477161826,0.14976355181245435,24.84385178408535,225.89326936279195
2025-03-12,Site_C,65,3.450649106311958,0.4031923260855532,21.78030667028451,194.24090095914596
2025-03-13,Site_C,65,5.060799225721828,0.042930026928095645,24.182539331175214,261.76682248013367
2025-03-14,Site_C,65,4.1196355164448635,0.19548315582258285,20.641287890421545,233.27777908304503
2025-03-15,Site_C,65,3.987250509024398,0.30113252870937146,19.665232714975552,214.1839318276403
2025-03-16,Site_C,65,3.7037612229505745,0.3060318176644459,24.668384513114997,206.8912828189343
2025-03-17,Site_C,65,4.6548417434283476,0.08205415458777657,26.75472816468449,245.22798069448845
2025-03-18,Site_C,65,3.2659674146065627,0.5066145996912718,25.225455203871217,181.66570782129568
2025-03-19,Site_C,65,2.396827194117131,0.6118173847816214,24.7579322009178,128.67899690378005
2025-03-20,Site_C,65,4.688179992713012,0.3010127836523355,24.674144006453144,253.1947232688626
2025-03-21,Site_C,65,4.825337354289133,0.07868253441359742,23.327565834037514,269.8425536702631
2025-03-22,Site_C,65,5.262838770682302,0.05506402452207499,24.93150718835052,286.70298299594594
2025-03-23,Site_C,65,5.156532630592063,0.16575919673839343,26.380130158292605,286.2408322127004
2025-03-24,Site_C,65,3.7925481429271293,0.38070875590993625,24.826800963305473,208.10460380655005
2025-03-25,Site_C,65,4.504289451006937,0.137734707698832,27.357807770107627,246.73321158411815
2025-03-26,Site_C,65,5.0327157937390075,0.13431203549556325,26.406829959788936,279.8623210349129
2025-03-27,Site_C,65,3.9287400594567004,0.3757847229339631,26.805894861669984,212.98381737551162
2025-03-28,Site_C,65,4.0759048515645055,0.2709988242501359,28.105081432606234,215.49704328445668
2025-03-29,Site_C,65,4.422068675964083,0.34752912233623995,25.428782552094127,239.71928828373026
2025-03-30,Site_C,65,3.8660518894461617,0.47705206199807326,27.95426388140241,218.3796105339298
2025-03-31,Site_C,65,5.275307438374622,0.22335621780544143,26.01438496665394,290.9346634193243
2025-04-01,Site_C,65,4.522707949592238,0.27451413041412864,27.61678446923745,240.69957921040282
2025-04-02,Site_C,65,4.761882199333535,0.20553020427956525,25.795166737247907,265.0856799818407
2025-04-03,Site_C,65,4.653446857549255,0.3034720945555675,25.412748427526036,259.95662930697364
2025-04-04,Site_C,65,4.876836967137575,0.28152330283124916,27.563781206679984,270.4972347465865
2025-04-05,Site_C,65,4.64258830741465,0.39411983806495565,23.753953027633962,248.65785620681152
2025-04-06,Site_C,65,4.352464213690337,0.48910568190327913,27.074482675893414,233.29215757789314
2025-04-07,Site_C,65,4.551585370542003,0.4442097043481396,24.595248723319646,246.0449290385481
2025-04-08,Site_C,65,5.942569520442182,0.11411030691108448,29.505734938234852,318.4974868740672
2025-04-09,Site_C,65,5.474325644569304,0.24734277342714361,30.184989893369092,300.56808170278856
2025-04-10,Site_C,65,5.388215109874749,0.20010518918964715,26.492565041567065,298.1460847870731
2025-04-11,Site_C,65,5.248495534924361,0.27835080932244805,29.210948933848766,287.9092622614981
2025-04-12,Site_C,65,3.528618023122553,0.5640174984206949,30.2845670377248,198.31218499333718
2025-04-13,Site_C,65,5.951977960080149,0.1489946990523795,30.42128462742635,327.90569433239347
2025-04-14,Site_C,65,5.737806150122524,0.20165524930937745,29.173337856272738,309.957732041371
2025-04-15,Site_C,65,5.74996751454685,0.2879641754434741,30.339137023359662,299.43170509290854
2025-04-16,Site_C,65,5.577246079218983,0.23419152474726526,27.695920646675685,297.85664508054884
2025-04-17,Site_C,65,5.927834448089277,0.18970224370037408,29.282811154131107,318.91109795173566
2025-04-18,Site_C,65,5.159276544378922,0.35269865979378817,28.30223356937757,287.8589214999372
2025-04-19,Site_C,65,5.236343300070234,0.3118484101432127,27.886594282069126,285.3102987649431
2025-04-20,Site_C,65,5.7716690433004425,0.2009222325140691,29.541847659904807,306.46964227929186
2025-04-21,Site_C,65,6.971054564735547,0.08168079440498474,30.278118837101772,368.1742159615181
2025-04-22,Site_C,65,4.351026208055738,0.47354682001885057,32.02116580474935,232.80059093133826
2025-04-23,Site_C,65,5.778038937651864,0.1978948916800621,30.333269565305528,320.27588059695574
2025-04-24,Site_C,65,3.5334333892074685,0.7123519558077521,31.193317637490875,199.16435842059727
2025-04-25,Site_C,65,4.354848968169334,0.5875048529921348,31.32017722824584,232.71102772053595
2025-04-26,Site_C,65,4.713758419586962,0.4533813317394459,35.490459321467526,248.77937224523214
2025-04-27,Site_C,65,4.646448826992888,0.47166807393406307,26.594700726478983,245.39866366130622
2025-04-28,Site_C,65,4.460365206979735,0.5427250268332675,28.935838529983723,256.2549445693044
2025-04-29,Site_C,65,4.420531034093819,0.5101980347085477,33.354296161320946,225.78500083374982
2025-04-30,Site_C,65,5.184060619592177,0.3757732003486491,29.79414476556833,290.32730043296635
2025-05-01,Site_C,65,5.49026644977674,0.40053097898944834,32.35924585796147,290.70250104101876
2025-05-02,Site_C,65,4.167119532956284,0.626620725884478,31.13458259482164,220.18000988747758
2025-05-03,Site_C,65,5.985879852766803,0.3429313887928683,34.96932185385845,306.4448148912182
2025-05-04,Site_C,65,6.3960482530856115,0.16522971414643917,28.61456624530621,372.8237389086719
2025-05-05,Site_C,65,4.666517749407284,0.5033724299808366,33.363414569633115,250.4296722760861
2025-05-06,Site_C,65,5.462667663726211,0.4042066060444649,34.49547130706743,290.0368572016577
2025-05-07,Site_C,65,7.086925039438976,0.07868555396096127,29.04130037369036,394.78818138939926
2025-05-08,Site_C,65,6.430919369940097,0.26360123640777705,32.70702036901603,337.0439145309996
2025-05-09,Site_C,65,6.63837509035955,0.2582539786239908,29.278716905508237,359.88083121385887
2025-05-10,Site_C,65,4.051786073019454,0.6240033316843273,31.335739980862215,218.17041593492524
2025-05-11,Site_C,65,6.388159377175496,0.26040107603313417,30.825196427864903,338.82099935452607
2025-05-12,Site_C,65,7.314066377290207,0.16946320743516496,26.59305270961958,415.23128001761984
2025-05-13,Site_C,65,5.203467331807599,0.5407559322397593,32.30443239369522,276.75963144317717
2025-05-14,Site_C,65,7.044235027844234,0.19478480444827906,31.797243498163997,360.31349804836964
2025-05-15,Site_C,65,7.796108743064644,0.06887990545793629,34.520506212730574,409.83047388213856
2025-05-16,Site_C,65,5.4048948434553585,0.4081542915149071,32.833585148022095,290.8867753958619
2025-05-17,Site_C,65,6.013252962156276,0.36172534093775816,36.23916722470607,308.2158304137876
2025-05-18,Site_C,65,6.232909862710224,0.3375989645997123,31.9147239826725,326.04752456558106
2025-05-19,Site_C,65,5.602275400557786,0.4127175400402187,31.529944447719586,295.9405184918947
2025-05-20,Site_C,65,5.247627992865121,0.45795517756704424,31.40977011362238,292.2901508980755
2025-05-21,Site_C,65,5.5762347062652395,0.3801281615918507,30.933887280652545,295.8102176365294
2025-05-22,Site_C,65,6.421051292843597,0.22883850073337772,27.429236334755785,365.6703534688909
2025-05-23,Site_C,65,6.934943360659104,0.1414677049830548,31.433105169923948,365.69659961114104
2025-05-24,Site_C,65,8.018655046217741,0.07287321448756762,27.763615498001545,441.5385807352377
2025-05-25,Site_C,65,5.591271082043655,0.44687255637689216,32.82628878335086,294.6585133075665
2025-05-26,Site_C,65,6.499771164453395,0.279768128197931,29.46205848399835,359.96543079245936
2025-05-27,Site_C,65,7.061003250313467,0.19971599471476809,30.17052471529495,368.49628712941217
2025-05-28,Site_C,65,7.958492891449258,0.08218736120335327,30.634429341416453,438.4903347687401
2025-05-29,Site_C,65,6.793173564995932,0.2545713499265267,31.57448413592915,365.95759069929125
2025-05-30,Site_C,65,5.402834500316709,0.42987208116503034,32.006236622274905,283.98950364790534
2025-05-31,Site_C,65,6.25836686584404,0.38612652940425873,34.166644185945046,330.7543273564751
2025-06-01,Site_C,65,7.549396316834717,0.1620797059166703,30.844847210346796,425.21571719579794
2025-06-02,Site_C,65,6.97288083604979,0.2532675917742343,32.959458858992114,373.74866933277775
2025-06-03,Site_C,65,7.707826030366079,0.16308071565613846,37.45719727332071,395.27673173074265
2025-06-04,Site_C,65,7.845999830676989,0.07952385846686746,32.743498561376796,404.02892339480604
2025-06-05,Site_C,65,4.590535000665436,0.6667763595475985,31.618192030790652,250.12435672259454
2025-06-06,Site_C,65,7.245724439869017,0.2032714901241539,30.408285713685107,393.12523492431757
2025-06-07,Site_C,65,5.243165934154588,0.5552616072854383,31.562390020166323,287.3430600110116
2025-06-08,Site_C,65,7.156875187952076,0.2543553993461441,30.160127805455332,369.46668801933896
2025-06-09,Site_C,65,5.557898082726199,0.43442326792129315,32.44846349330209,286.821501306631
2025-06-10,Site_C,65,5.817716025914429,0.4549580432612652,32.09386417960219,322.34544927832263
2025-06-11,Site_C,65,6.491579429763339,0.34531384306022517,27.53504305780272,357.76112894262843
2025-06-12,Site_C,65,5.926298800226537,0.4220092098351104,31.792149508267688,322.9112186447904
2025-06-13,Site_C,65,5.828606073478925,0.433111081740276,33.948429541734924,300.8629838424025
2025-06-14,Site_C,65,5.4078553532578635,0.4988650678488155,30.96188180191818,282.4393934574466
2025-06-15,Site_C,65,8.367792074270717,0.07938378465018037,30.41538842146749,464.7037593463794
2025-06-16,Site_C,65,7.683530345949759,0.176186008895597,28.923976284006933,429.88876275779495
2025-06-17,Site_C,65,3.6303234482743156,0.7775828828400863,27.91872140239268,191.32274172833363
2025-06-18,Site_C,65,7.939584988944127,0.05864283913640061,33.24987670399947,406.96694835630524
2025-06-19,Site_C,65,7.4608515954912775,0.20854171087367412,31.173853307146064,399.7948670668095
2025-06-20,Site_C,65,6.696308940372016,0.3347187186034697,33.02765892412856,348.68996348960235
2025-06-21,Site_C,65,6.770239846520294,0.3838837660801729,34.490258923063145,350.1796257645283
2025-06-22,Site_C,65,5.376949737425056,0.5504600672251958,33.211308832775,275.88103046854224
2025-06-23,Site_C,65,5.675491475840846,0.39060350403492883,30.2224946675022,301.98848051223445
2025-06-24,Site_C,65,5.013955757433064,0.5676004259893483,31.532642551246045,259.8160827686864
2025-06-25,Site_C,65,7.784917512582913,0.2087823484234139,29.9462905302801,406.77442371587733
2025-06-26,Site_C,65,8.619401517541586,0.034647050479104755,29.689469375738835,470.3353783570074
2025-06-27,Site_C,65,5.387637655251972,0.5187672752459596,31.719188348052096,288.48580637984384
2025-06-28,Site_C,65,7.230955438759586,0.25696279185232984,29.293805141112745,397.38887480157473
2025-06-29,Site_C,65,7.519788448961583,0.15317219848562644,26.46226998811753,391.6421016980738
2025-06-30,Site_C,65,4.7008894979075855,0.628271848759218,29.023826248280603,254.98925850554605
2025-07-01,Site_C,65,7.5085408866031775,0.16697429858417492,30.103300889718472,430.6130278891261
2025-07-02,Site_C,65,7.217297516146442,0.2194874107730575,33.67421827616296,379.67231112722726
2025-07-03,Site_C,65,6.666778529492142,0.3358669613106042,29.561346797755537,369.63741041495774
2025-07-04,Site_C,65,6.213639388944066,0.3367516421427166,31.476338755589182,341.7330738457249
2025-07-05,Site_C,65,7.480259450613022,0.22491414959028105,30.022638326262232,414.4399379637013
2025-07-06,Site_C,65,5.407064429065484,0.4783823266561567,32.71635227497986,290.2257541359668
2025-07-07,Site_C,65,7.626669699439481,0.15869962744119517,32.479573285387076,414.6437408978841
2025-07-08,Site_C,65,4.810140567039206,0.5302941825032673,32.41714967368929,262.6052422753987
2025-07-09,Site_C,65,4.4329753094284845,0.670232958918758,26.493861578991453,247.45716803895002
2025-07-10,Site_C,65,6.572938161427079,0.36297770217208636,30.269946645277138,342.6880999416346
2025-07-11,Site_C,65,6.000267831067605,0.37383327738568717,31.266717613914302,305.8473853865886
2025-07-12,Site_C,65,7.227967334295148,0.15572209232017992,30.40196325308409,371.5261535171222
2025-07-13,Site_C,65,3.4554198992045126,0.8008496181459662,30.799860926963742,184.4824576364812
2025-07-14,Site_C,65,7.84733032612992,0.1535640745708416,29.52892211705691,432.1444018216142
2025-07-15,Site_C,65,6.028908228558601,0.323191144014051,27.80600712741182,317.5954269396773
2025-07-16,Site_C,65,4.388773094153482,0.594028003731503,25.782574366787117,247.7539695704881
2025-07-17,Site_C,65,7.10102980604593,0.18689834629168883,27.76469724377483,381.1155279729975
2025-07-18,Site_C,65,6.186825886111533,0.3147042850262905,34.28903201614656,323.37656662299156
2025-07-19,Site_C,65,7.115467345794757,0.1633575087386425,27.836431742588818,377.8872114770135
2025-07-20,Site_C,65,4.976815502597697,0.45144783878526973,24.76185818995385,258.71057537325464
2025-07-21,Site_C,65,5.0322262743414745,0.5476027134986414,30.016862293549018,273.5701111128266
2025-07-22,Site_C,65,7.410904989861152,0.1510245682886709,30.131467149730927,420.4872294986133
2025-07-23,Site_C,65,7.394483858588214,0.06714327551304734,30.862276926262624,397.10781755503996
2025-07-24,Site_C,65,8.444392672520852,0.020265096341135047,29.09480300704684,432.22144050501055
2025-07-25,Site_C,65,7.425453821261786,0.19079083315973652,29.707443661183127,410.7978024699585
2025-07-26,Site_C,65,6.035003382764631,0.3145915182749565,31.558286792608715,307.9888172832825
2025-07-27,Site_C,65,4.615431339943736,0.6227312727946971,26.246775694919013,243.83439043642593
2025-07-28,Site_C,65,5.735993251860752,0.36324961355267393,25.70819121325433,312.862335297227
2025-07-29,Site_C,65,6.224318880373492,0.3096082335164432,25.263231306300654,343.8103815994062
2025-07-30,Site_C,65,4.9205276762812815,0.4799239160973749,26.775761308631367,261.0071141578224
2025-07-31,Site_C,65,6.013662577408204,0.42099355031573704,30.027468749808865,321.931441494603
2025-08-01,Site_C,65,6.348840627932737,0.2553732244001163,28.068554869950226,352.8736320464063
2025-08-02,Site_C,65,7.212516501319038,0.12267416716586353,27.840110976505336,402.8574421309741
2025-08-03,Site_C,65,4.758186038638684,0.498267872601404,23.07297921940919,271.9600349573386
2025-08-04,Site_C,65,6.027978368247012,0.38665054906104845,25.17269328061175,350.8439237975862
2025-08-05,Site_C,65,7.666085688855034,0.10297423880754514,22.73387257778088,432.55842572399115
2025-08-06,Site_C,65,6.0013514906744145,0.3719661951572694,28.59249497833863,323.719839522996
2025-08-07,Site_C,65,6.750857776993383,0.20846058132114104,29.26485257392768,374.9502216492198
2025-08-08,Site_C,65,4.098326997485602,0.5945539213787732,27.495036221045428,226.62955398887627
2025-08-09,Site_C,65,6.899811917472845,0.16496101528365886,23.80350756056056,385.839324735816
2025-08-10,Site_C,65,4.711615176274223,0.5060443339007079,28.581182294529256,257.1710139176948
2025-08-11,Site_C,65,4.203585824548012,0.6493356891926007,24.949613306656914,225.2064677909264
2025-08-12,Site_C,65,6.440684655968796,0.23967420889097077,22.86516626073998,343.8189365809355
2025-08-13,Site_C,65,5.582564222535744,0.30777002028572686,23.202261900134886,306.5943505143197
2025-08-14,Site_C,65,5.472803964632907,0.3931387477373168,24.106814921551234,302.78707486611705
2025-08-15,Site_C,65,5.5637447170816525,0.35906610372810693,24.90146379296157,300.1988856505031
2025-08-16,Site_C,65,6.129964027987134,0.09318639284273175,24.31396650397648,341.915310011388
2025-08-17,Site_C,65,6.181486252809807,0.23947149582705957,21.644884968467302,361.71298154872954
2025-08-18,Site_C,65,4.223778609989966,0.5361186227847963,26.729689520677407,218.93281382422023
2025-08-19,Site_C,65,5.502983357675555,0.2729968243224327,23.833997315524275,308.3759296188268
2025-08-20,Site_C,65,3.524582409347361,0.636892031847686,22.539221185394464,193.73276384823046
2025-08-21,Site_C,65,4.322371416424259,0.5157285652383427,26.018270581221152,240.28772981833126
2025-08-22,Site_C,65,5.773930409408796,0.264955160446557,21.26125775285211,313.88253850538246
2025-08-23,Site_C,65,5.48293154699217,0.22516405508029036,20.200211602049723,300.6377944294022
2025-08-24,Site_C,65,6.313465055939255,0.13276009733882985,25.83245666772329,347.8845723670072
2025-08-25,Site_C,65,6.338502954021247,0.13803798567389045,26.89936577031763,343.2833370581623
2025-08-26,Site_C,65,5.923556938835693,0.27247723472551494,22.021175460869195,311.33333734857837
2025-08-27,Site_C,65,5.410732431494684,0.22125192469229243,22.681924776500342,295.877352728632
2025-08-28,Site_C,65,5.2432438151040115,0.2818441941883931,20.308803344616123,276.47132142965023
2025-08-29,Site_C,65,4.25228672069955,0.5012014218312568,22.441207430532092,238.75511680178818
2025-08-30,Site_C,65,5.165522352588299,0.356253490512045,21.306773874808936,268.5331228941385
2025-08-31,Site_C,65,4.14719159267592,0.48092168360998616,21.881813088816887,235.4202448721893
2025-09-01,Site_C,65,5.410605534264605,0.29358933166396944,22.732446806307607,301.7803987755017
2025-09-02,Site_C,65,4.342982168259391,0.3434091223524368,19.54552464166698,242.25705817681796
2025-09-03,Site_C,65,4.800263754806462,0.27617317095720023,20.846154991489563,247.16206707004648
2025-09-04,Site_C,65,5.240215853798201,0.25923282808434794,17.790304382785717,285.7017923609928
2025-09-05,Site_C,65,2.8194843701846444,0.6665982092841207,20.51616063943879,160.62213403661684
2025-09-06,Site_C,65,4.94665923676434,0.2225999956299699,20.86776435999401,268.1367749067348
2025-09-07,Site_C,65,4.279378235043987,0.39028637507150554,21.341374778905212,228.00848835253416
2025-09-08,Site_C,65,5.504651111032794,0.18792127771136868,21.191671306200607,297.30136771874055
2025-09-09,Site_C,65,2.6485588905997366,0.6540773063820488,22.349853532274967,145.5310269233491
2025-09-10,Site_C,65,5.422082892717553,0.15269482354801903,17.292596832068195,290.9110069707657
2025-09-11,Site_C,65,5.499754044272223,0.17261178254658605,17.22978008284379,314.01660525941094
2025-09-12,Site_C,65,3.582423528368844,0.5218861131700214,21.09118697484928,196.85756469760614
2025-09-13,Site_C,65,4.076194324702907,0.3932327482616173,15.786868291591208,220.68256795323782
2025-09-14,Site_C,65,4.832428018384236,0.25616397315810746,20.06354372190387,255.66846636976828
2025-09-15,Site_C,65,3.8333750477726856,0.4414439664731421,17.16919231601086,214.1155901226607
2025-09-16,Site_C,65,4.816681156769384,0.29660434513898576,22.50897435455429,268.85384963713625
2025-09-17,Site_C,65,4.43254297660586,0.23006992106698437,19.698598063463393,238.22945363168614
2025-09-18,Site_C,65,4.546591217985036,0.2549915525968886,18.594559767838977,81.7290555936106
2025-09-19,Site_C,65,3.1119673938128574,0.6023632049668445,21.324371344920092,60.70142370328685
2025-09-20,Site_C,65,3.427661296523566,0.4837032298888094,16.579111164612797,65.67438990921897
2025-09-21,Site_C,65,3.1120324257442302,0.40021129701925656,16.79705760511705,60.56666419278403
2025-09-22,Site_C,65,4.0383521659504735,0.3295079548505259,15.859953025392107,82.3778082245806
2025-09-23,Site_C,65,4.567492862454337,0.25359136955956196,16.49284189526237,87.93242670024081
2025-09-24,Site_C,65,4.603371595193921,0.22571935487506772,18.18632845217011,87.3261105860534
2025-09-25,Site_C,65,3.340401931374435,0.5078744821781623,18.89434415583123,62.14355713457389
2025-09-26,Site_C,65,4.480617108531387,0.11349076812432074,19.672839971039544,85.51674104130211
2025-09-27,Site_C,65,4.9255777724284275,0.08191321353220349,13.94536406269357,95.35452756702442
2025-09-28,Site_C,65,3.2932692377281825,0.4327503265562949,17.097207091988825,63.549519384539856
2025-09-29,Site_C,65,4.281214238353756,0.22267041461811926,15.072075860879757,86.74522007489851
2025-09-30,Site_C,65,2.947173962103004,0.5522427734854515,16.726698745936897,57.62874834053834
2025-10-01,Site_C,65,2.8447631774254614,0.4970515800136799,21.655909025796326,54.58325096003857
2025-10-02,Site_C,65,3.49316076461884,0.31600786967957184,17.4230996138415,65.86900672262756
2025-10-03,Site_C,65,3.103041446766202,0.49894045362715966,18.49162946067716,60.25726057736902
2025-10-04,Site_C,65,2.839784774945381,0.5229057975539544,20.468978158915586,53.21813360008607
2025-10-05,Site_C,65,2.4782674915224447,0.572227403528655,18.658823862247754,47.99921389959766
2025-10-06,Site_C,65,3.5703838528617062,0.24488240451072416,15.366448361582787,199.38597208688782
2025-10-07,Site_C,65,4.27725633021304,0.07242626522342746,13.57048330393539,233.8865382492998
2025-10-08,Site_C,65,4.888115196641611,0.015948358307271447,15.923470828709071,263.94546008832407
2025-10-09,Site_C,65,2.614706775937251,0.5192852535674672,14.71174243192935,134.47211701008473
2025-10-10,Site_C,65,3.4255044238319146,0.3049656784272177,12.663329280803307,194.99736666011842
2025-10-11,Site_C,65,3.926089604209985,0.149706420472428,16.061302862213303,218.68982829651242
2025-10-12,Site_C,65,2.9322068532337853,0.34620562351302414,15.980209024027815,163.44435628715317
2025-10-13,Site_C,65,2.8491856695530284,0.31115129592300095,18.85759475839124,149.45819426665759
2025-10-14,Site_C,65,2.9287881754049447,0.33174075076411136,14.468739767556213,167.85372204803147
2025-10-15,Site_C,65,3.4243657426393472,0.2633102627296781,15.627430509069127,185.82224430882852
2025-10-16,Site_C,65,2.7464901407735716,0.4558267013603829,13.613193069547794,149.83542237983585
2025-10-17,Site_C,65,3.8199203493098546,0.14539009635465006,16.569569724627318,203.47166387273353
2025-10-18,Site_C,65,3.221420490292093,0.278427774808771,14.455188866754865,167.77292392352794
2025-10-19,Site_C,65,3.3873394411706275,0.19289275840051484,12.242596673808556,192.87650144366356
2025-10-20,Site_C,65,2.518120359586641,0.43097613112464966,14.4463880813496,143.91814550008658
2025-10-21,Site_C,65,3.562063430636197,0.18997629404518687,15.142159667224572,195.04071706769645
2025-10-22,Site_C,65,3.2919788055035455,0.11322783313393725,14.76170636115672,177.45721706711885
2025-10-23,Site_C,65,2.4395378935483576,0.38036891809333223,16.235294880204595,132.72136173502673
2025-10-24,Site_C,65,2.8726860484656203,0.363691266064873,11.142058618092467,156.41440997207488
2025-10-25,Site_C,65,3.1023896486319456,0.09835973530909621,12.249715356760671,164.56483041891602
2025-10-26,Site_C,65,2.8115451658798185,0.5298797834208773,15.114194149131917,153.3473620908163
2025-10-27,Site_C,65,2.669072701539917,0.3573692424359294,12.285920056838764,147.53680823791922
2025-10-28,Site_C,65,3.0126388953310954,0.24211707399507496,14.121687704474049,170.82748749180217
2025-10-29,Site_C,65,3.2083755931736317,0.04554165254028526,8.708018931645842,176.60728266204978
2025-10-30,Site_C,65,2.180582246114245,0.46963875377395287,18.888671447127496,114.30489515497398
2025-10-31,Site_C,65,2.4110330376915825,0.35900849112701533,12.829141656386213,134.0636787620525
2025-11-01,Site_C,65,2.227074143556954,0.40780250580682015,15.67084933288334,121.59263479580578
2025-11-02,Site_C,65,2.5282857580786158,0.3934533351281936,12.526082309097662,144.82305179810447
2025-11-03,Site_C,65,3.030585809061139,0.07167200457050205,13.948823831166845,173.88834255570413
2025-11-04,Site_C,65,2.904646268473692,0.25647990188704956,16.025446385341457,166.8276967040419
2025-11-05,Site_C,65,2.6746676195626917,0.507180766788446,15.298054015169928,144.6727334389981
2025-11-06,Site_C,65,2.867001180470437,0.10927747988491361,12.485043739687388,167.14719387794884
2025-11-07,Site_C,65,2.5090883116839273,0.29249717640138134,12.553655088618681,139.4917453349734
2025-11-08,Site_C,65,2.936920820640049,0.12192287676596913,14.764225898435637,169.4569857755787
2025-11-09,Site_C,65,2.5023142323883447,0.44942133018578706,17.359249498190806,135.5862241756632
2025-11-10,Site_C,65,2.336585047712669,0.30471676066112374,13.015751885843768,127.3913274586591
2025-11-11,Site_C,65,1.80806187848829,0.4436783590358585,16.486515847179078,100.28342157636561
2025-11-12,Site_C,65,1.7311154753552542,0.4189528258269907,12.033555379037871,95.66532464992682
2025-11-13,Site_C,65,1.518719872009069,0.6408743066505244,14.367110760715148,86.6910866384818
2025-11-14,Site_C,65,1.4108735733749997,0.6377385813569518,14.615133354621609,77.07178392648584
2025-11-15,Site_C,65,3.1692776657708968,0.10174202612083834,11.545373506652966,180.4309782347126
2025-11-16,Site_C,65,2.453391982403426,0.39441588289699137,10.826466011156075,137.92219025011516
2025-11-17,Site_C,65,1.1553620116013557,0.6659889245547499,14.569596410804094,63.14707452164011
2025-11-18,Site_C,65,1.874017852925201,0.35465289797165545,11.176780619190204,105.10880069246048
2025-11-19,Site_C,65,1.2948609400570013,0.7180812708236378,10.415163258194294,70.21424601244397
2025-11-20,Site_C,65,2.5372142154023445,0.2678590657150727,10.802815476601983,149.40073241732634
2025-11-21,Site_C,65,1.6938674551182207,0.5071194633934764,11.069291823510873,85.7236682473019
2025-11-22,Site_C,65,1.1610216003402853,0.6761793305646111,13.826458306927952,65.15010188967776
2025-11-23,Site_C,65,2.328278636195843,0.15810975561979926,13.11894470661783,121.28355199849392
2025-11-24,Site_C,65,1.9189144490957326,0.282168424787864,13.498747996841638,104.83060284284382
2025-11-25,Site_C,65,1.4417088632592712,0.6735862009134714,12.891706511189192,79.09286271155779
2025-11-26,Site_C,65,1.696497516625486,0.3672551094983738,10.845730657965023,97.52932994143518
2025-11-27,Site_C,65,1.5771697231160424,0.4467203943349487,13.415034103162624,84.94349651325358
2025-11-28,Site_C,65,1.8489232361472565,0.5159850719025716,14.376110497360273,105.68016682793696
2025-11-29,Site_C,65,1.8605287020355,0.24801605571262658,13.173543625365046,98.70797555310986
2025-11-30,Site_C,65,1.273665759652091,0.4619179107831346,12.900145226704323,72.87901743668424
2025-12-01,Site_C,65,1.757276564731768,0.402516634030268,10.465983589496744,95.27001444906965
2025-12-02,Site_C,65,1.975306369693819,0.21624277055289406,12.425949138150047,108.87417525602012
2025-12-03,Site_C,65,2.093934037581763,0.2625801541592067,10.367017228705762,113.99527086480394
2025-12-04,Site_C,65,1.2498011072285722,0.6916756785075089,11.96759007228315,71.37694975371518
2025-12-05,Site_C,65,2.0906451052246124,0.17558043974331478,8.746216990467813,118.72515549066954
2025-12-06,Site_C,65,1.4481638213442616,0.5211991290767134,8.775693232544022,80.69910052495922
2025-12-07,Site_C,65,1.5620910337699256,0.3589264267555552,11.67572555116642,82.93507085575605
2025-12-08,Site_C,65,1.4824405601341037,0.5133936079299621,10.980898562166697,79.77353873813003
2025-12-09,Site_C,65,1.7002016251188605,0.49909364200177775,12.314249436074816,90.61101997232478
2025-12-10,Site_C,65,1.4933988629773247,0.3498770023114147,11.856968417829899,76.58390156121712
2025-12-11,Site_C,65,1.943261302085391,0.22763956923246462,12.215643406899387,110.90275195445197
2025-12-12,Site_C,65,1.4966397308229462,0.6273288527395445,13.404150181997387,81.48917096153923
2025-12-13,Site_C,65,1.4860361125019395,0.5547387883630139,11.294978673621769,80.88455274340303
2025-12-14,Site_C,65,1.994324652241614,0.37596360806974133,11.820107824986067,114.58467125937916
2025-12-15,Site_C,65,1.5575415663457954,0.3547354714291741,15.209403227011258,84.42097450641803
2025-12-16,Site_C,65,1.5727907515238992,0.16168819248519367,12.348768877101504,84.30070207707058
2025-12-17,Site_C,65,1.497462520445921,0.4967434132656958,12.030281212026214,81.78297650842998
2025-12-18,Site_C,65,1.2847792809308918,0.6421575507959182,12.602677132727319,68.24230273080268
2025-12-19,Site_C,65,2.3808970234951325,0.15217081977280522,12.166706091029402,132.26265462376833
2025-12-20,Site_C,65,2.3009537302482346,0.1717768330804064,11.124891539822123,125.09476004482248
2025-12-21,Site_C,65,1.9873005293114816,0.2590778268847346,10.605379746221606,107.60308330096002
2025-12-22,Site_C,65,2.1162476173821267,0.21780853126946473,11.134765031470739,114.28099247004252
2025-12-23,Site_C,65,1.7036571376988032,0.318964252019161,14.470421537749608,93.36953954891129
2025-12-24,Site_C,65,1.4706539949387054,0.306332596483547,11.530476613396829,81.05876873366303
2025-12-25,Site_C,65,2.0794466405370664,0.14932468160503218,12.548870914474112,112.5425964446894
2025-12-26,Site_C,65,1.4091000108551222,0.6626736639530643,14.331334442239434,76.63610363036184
2025-12-27,Site_C,65,2.195059794769721,0.1653556385807813,12.446908961855609,120.38383230474471
2025-12-28,Site_C,65,1.9850081514063747,0.3144710018632933,14.346909165091818,108.53213608786714
2025-12-29,Site_C,65,1.8755625269294216,0.1999326332678643,10.07773881570463,103.20709220649748
2025-12-30,Site_C,65,1.259217855596794,0.5781585802995173,12.976049589473774,67.82054065129975
2025-12-31,Site_C,65,1.9599119198319086,0.289757138980161,13.483228645901047,110.99239291484743
2025-01-01,Site_D,40,1.7566287638303126,0.4125673885483874,12.319345628224461,59.89887095504919
2025-01-02,Site_D,40,2.3776453148342473,0.2992838619043997,12.470394944858718,79.61692179798605
2025-01-03,Site_D,40,1.2682861906690697,0.4653917981694444,14.189780416410121,43.56605016176026
2025-01-04,Site_D,40,2.2626038371639408,0.19048512323224914,15.210103222655738,76.7537440598941
2025-01-05,Site_D,40,1.247090364039988,0.6476001081644059,13.38617712031704,40.1933869769191
2025-01-06,Site_D,40,2.241791464950151,0.13497287935067193,11.558230487819111,76.99526752611935
2025-01-07,Site_D,40,1.3907986797833654,0.5731373645849486,12.514781288167574,45.83710093209061
2025-01-08,Site_D,40,1.9658953959944407,0.21412261194749418,14.497887602218423,68.70758145624696
2025-01-09,Site_D,40,2.1396505727806048,0.24274717795324555,14.580083417024175,72.21259994921175
2025-01-10,Site_D,40,1.5359520300890284,0.45302583210434877,14.788328006471318,53.437893545255825
2025-01-11,Site_D,40,1.6280339649760676,0.6238817403011739,15.45953249640589,54.29917799238557
2025-01-12,Site_D,40,2.4757673144081824,0.10438124911225927,14.541900240119347,84.3399691778772
2025-01-13,Site_D,40,1.9127346889318022,0.4126330744618807,15.17594186004077,67.38307315298336
2025-01-14,Site_D,40,1.814883962161298,0.3278587654280449,14.673505971383143,61.19715615672039
2025-01-15,Site_D,40,2.231148497012376,0.15774758607637537,17.180900743041132,74.50019375390487
2025-01-16,Site_D,40,1.5063938060627613,0.4160003403810664,17.87010079191853,52.21314257900731
2025-01-17,Site_D,40,2.242609733005657,0.15864773799092935,12.751449763003261,77.68575187676298
2025-01-18,Site_D,40,1.670127163411617,0.370256971221784,14.745059927466038,55.83650705471079
2025-01-19,Site_D,40,2.6106604633403676,0.20503308584343774,15.449102800658633,83.45484089308498
2025-01-20,Site_D,40,2.2211951084953827,0.2523505026403283,14.979874965621544,74.11925769809862
2025-01-21,Site_D,40,2.1778458419329585,0.2988099856772492,19.23152217375997,75.53074790931726
2025-01-22,Site_D,40,1.7665207010883843,0.4592692393390749,16.227443071770793,58.64833132594084
2025-01-23,Site_D,40,2.4870523361371117,0.17668360619992182,14.30448764474805,84.50655698907283
2025-01-24,Site_D,40,2.6827455576623738,0.363220025684123,17.245617809513707,89.38603526860622
2025-01-25,Site_D,40,2.276214214290985,0.24148423666029623,16.73394634315438,72.88132753440132
2025-01-26,Site_D,40,2.242918102701052,0.2285179900082405,16.941368276195668,74.68827861236102
2025-01-27,Site_D,40,2.1412641342823915,0.42094273161138956,20.091399185922185,74.24670763357786
2025-01-28,Site_D,40,1.814809746473429,0.23475427825520703,17.321518636126623,57.294743884236134
2025-01-29,Site_D,40,2.502592259722187,0.22930005609416912,16.158520878596505,85.6989468894274
2025-01-30,Site_D,40,2.1893228251216494,0.33164503101079856,13.002737708858753,71.75983518373286
2025-01-31,Site_D,40,2.531852589340621,0.12732411975357197,16.731446462113205,87.61826107098632
2025-02-01,Site_D,40,2.6628574227547435,0.24601442149220148,19.824601433496493,92.43805325130674
2025-02-02,Site_D,40,2.3001042024247926,0.3644316696323585,17.182159051859117,77.76603058274334
2025-02-03,Site_D,40,2.6002366042225535,0.05589867289457542,13.037606785556886,87.91828178404832
2025-02-04,Site_D,40,2.721916240121607,0.14031725515819693,16.675519290110795,90.26434289229957
2025-02-05,Site_D,40,1.9263269273173629,0.2507209340797552,19.813441051702416,62.82110716468744
2025-02-06,Site_D,40,2.3702098628781383,0.405698242753939,19.0767544570643,84.65070247471554
2025-02-07,Site_D,40,1.5911685320840958,0.7267330638100146,16.463604144542458,52.669017376565144
2025-02-08,Site_D,40,2.667619426031091,0.20371054532533642,17.172185018295107,94.9155557388193
2025-02-09,Site_D,40,3.337517747742845,0.08639831040910925,17.64182146003145,110.49057408967174
2025-02-10,Site_D,40,2.9129442414622297,0.08963503988731421,17.299343460333006,100.54542794950092
2025-02-11,Site_D,40,2.701098218176987,0.21531307942037672,14.727955647597192,88.65272471160448
2025-02-12,Site_D,40,1.9941919170798366,0.6240880696700872,20.47796995467682,68.82752809904302
2025-02-13,Site_D,40,3.2185602531414887,0.07641732806751567,21.629295584572095,108.2983378596454
2025-02-14,Site_D,40,2.8785429195703025,0.27360317013405233,16.243520536729463,96.89443891012012
2025-02-15,Site_D,40,2.540720189614231,0.3634548071537282,21.93417291401076,87.91115735831403
2025-02-16,Site_D,40,3.113215190789073,0.18443386385777075,19.40722593714607,104.29380687846546
2025-02-17,Site_D,40,2.3907081174484373,0.45729231258788783,22.231049566294097,77.75141268891323
2025-02-18,Site_D,40,2.1041610967237343,0.5382802572224814,20.0248558738947,73.12730968087322
2025-02-19,Site_D,40,3.614686267242596,0.11472361362396107,20.388822085884815,118.59476236479972
2025-02-20,Site_D,40,2.533492324694668,0.4181868831582155,21.03193785214965,87.41359010818599
2025-02-21,Site_D,40,2.8920148114024222,0.36288457817920644,18.876779143086633,101.12800195330753
2025-02-22,Site_D,40,3.037153908665602,0.2646664795049403,23.016560567523392,102.02726275444395
2025-02-23,Site_D,40,3.105114884695567,0.18921919968666295,18.555158274856904,109.2393059705131
2025-02-24,Site_D,40,2.6879308479450175,0.5363300319908418,20.164849536492312,92.64196973937865
2025-02-25,Site_D,40,3.9179544403343933,0.11905867029865491,22.188881367911872,130.33130170910323
2025-02-26,Site_D,40,4.119977040384228,0.21111717141532532,20.293585251005872,145.85657591704225
2025-02-27,Site_D,40,2.7242534194231776,0.4002710941021013,23.03886580939735,89.38236258362082
2025-02-28,Site_D,40,3.1249869270100885,0.3519992920014972,24.407516230140455,104.96536446879745
2025-03-01,Site_D,40,2.6110621471856743,0.5265427448226805,23.852958440549326,88.15533175367291
2025-03-02,Site_D,40,4.130874493863642,0.16181100451912897,18.127769372642756,142.88230389054635
2025-03-03,Site_D,40,2.733678582803064,0.4804723311884958,22.42382750079706,95.97502727168018
2025-03-04,Site_D,40,2.9931916276860195,0.3649369273779438,24.401581337620243,104.89358292421171
2025-03-05,Site_D,40,3.7175516967228797,0.3382982526809168,19.882698978588426,127.13537521088304
2025-03-06,Site_D,40,4.119435728928568,0.12416427361110102,24.135245442480947,138.76141261946523
2025-03-07,Site_D,40,3.535121165200416,0.38933654697999986,24.19456955065309,113.50878302821454
2025-03-08,Site_D,40,4.1837518076603395,0.20917966425799714,20.606837190597815,136.5160030459582
2025-03-09,Site_D,40,1.7011173911480766,0.8577193867824644,24.87054578047385,60.847487815839614
2025-03-10,Site_D,40,4.238495206309362,0.15459145040996083,23.918183308192518,136.04416682122866
2025-03-11,Site_D,40,4.249663477161826,0.14976355181245435,24.84385178408535,140.95470335611523
2025-03-12,Site_D,40,3.450649106311958,0.4031923260855532,21.78030667028451,121.23433326971798
2025-03-13,Site_D,40,5.060799225721828,0.042930026928095645,24.182539331175214,172.9813110257337
2025-03-14,Site_D,40,4.1196355164448635,0.19548315582258285,20.641287890421545,143.82528401857513
2025-03-15,Site_D,40,3.987250509024398,0.30113252870937146,19.665232714975552,137.63642358136562
2025-03-16,Site_D,40,3.7037612229505745,0.3060318176644459,24.668384513114997,131.3464432362754
2025-03-17,Site_D,40,4.6548417434283476,0.08205415458777657,26.75472816468449,158.38370878378174
2025-03-18,Site_D,40,3.2659674146065627,0.5066145996912718,25.225455203871217,113.0330918682068
2025-03-19,Site_D,40,2.396827194117131,0.6118173847816214,24.7579322009178,79.63742312601435
2025-03-20,Site_D,40,4.688179992713012,0.3010127836523355,24.674144006453144,162.02861931565207
2025-03-21,Site_D,40,4.825337354289133,0.07868253441359742,23.327565834037514,161.93636309043038
2025-03-22,Site_D,40,5.262838770682302,0.05506402452207499,24.93150718835052,176.3107733482453
2025-03-23,Site_D,40,5.156532630592063,0.16575919673839343,26.380130158292605,178.8355508807101
2025-03-24,Site_D,40,3.7925481429271293,0.38070875590993625,24.826800963305473,132.28571390717738
2025-03-25,Site_D,40,4.504289451006937,0.137734707698832,27.357807770107627,159.20444379833276
2025-03-26,Site_D,40,5.0327157937390075,0.13431203549556325,26.406829959788936,178.23002959249698
2025-03-27,Site_D,40,3.9287400594567004,0.3757847229339631,26.805894861669984,136.10301293813126
2025-03-28,Site_D,40,4.0759048515645055,0.2709988242501359,28.105081432606234,129.6428544429361
2025-03-29,Site_D,40,4.422068675964083,0.34752912233623995,25.428782552094127,158.13341363626733
2025-03-30,Site_D,40,3.8660518894461617,0.47705206199807326,27.95426388140241,133.308679949575
2025-03-31,Site_D,40,5.275307438374622,0.22335621780544143,26.01438496665394,174.31567998376016
2025-04-01,Site_D,40,4.522707949592238,0.27451413041412864,27.61678446923745,155.29819650199764
2025-04-02,Site_D,40,4.761882199333535,0.20553020427956525,25.795166737247907,156.17200951090183
2025-04-03,Site_D,40,4.653446857549255,0.3034720945555675,25.412748427526036,160.68470503956243
2025-04-04,Site_D,40,4.876836967137575,0.28152330283124916,27.563781206679984,157.43073872263233
2025-04-05,Site_D,40,4.64258830741465,0.39411983806495565,23.753953027633962,153.82240454428887
2025-04-06,Site_D,40,4.352464213690337,0.48910568190327913,27.074482675893414,149.68635996719502
2025-04-07,Site_D,40,4.551585370542003,0.4442097043481396,24.595248723319646,159.52484257344707
2025-04-08,Site_D,40,5.942569520442182,0.11411030691108448,29.505734938234852,200.07672468573963
2025-04-09,Site_D,40,5.474325644569304,0.24734277342714361,30.184989893369092,180.45944639369714
2025-04-10,Site_D,40,5.388215109874749,0.20010518918964715,26.492565041567065,170.32040231059742
2025-04-11,Site_D,40,5.248495534924361,0.27835080932244805,29.210948933848766,174.10412703434952
2025-04-12,Site_D,40,3.528618023122553,0.5640174984206949,30.2845670377248,119.15143577998809
2025-04-13,Site_D,40,5.951977960080149,0.1489946990523795,30.42128462742635,195.82350541925715
2025-04-14,Site_D,40,5.737806150122524,0.20165524930937745,29.173337856272738,191.428367650494
2025-04-15,Site_D,40,5.74996751454685,0.2879641754434741,30.339137023359662,189.9872702771303
2025-04-16,Site_D,40,5.577246079218983,0.23419152474726526,27.695920646675685,185.50390711090716
2025-04-17,Site_D,40,5.927834448089277,0.18970224370037408,29.282811154131107,198.25625830429288
2025-04-18,Site_D,40,5.159276544378922,0.35269865979378817,28.30223356937757,171.43061863868186
2025-04-19,Site_D,40,5.236343300070234,0.3118484101432127,27.886594282069126,183.32808131728905
2025-04-20,Site_D,40,5.7716690433004425,0.2009222325140691,29.541847659904807,179.64956283054073
2025-04-21,Site_D,40,6.971054564735547,0.08168079440498474,30.278118837101772,227.86872312177476
2025-04-22,Site_D,40,4.351026208055738,0.47354682001885057,32.02116580474935,139.81350445110814
2025-04-23,Site_D,40,5.778038937651864,0.1978948916800621,30.333269565305528,193.22925457735494
2025-04-24,Site_D,40,3.5334333892074685,0.7123519558077521,31.193317637490875,117.24992732193272
2025-04-25,Site_D,40,4.354848968169334,0.5875048529921348,31.32017722824584,151.10886187370863
2025-04-26,Site_D,40,4.713758419586962,0.4533813317394459,35.490459321467526,162.27412077161637
2025-04-27,Site_D,40,4.646448826992888,0.47166807393406307,26.594700726478983,153.08732927500378
2025-04-28,Site_D,40,4.460365206979735,0.5427250268332675,28.935838529983723,149.0279022246351
2025-04-29,Site_D,40,4.420531034093819,0.5101980347085477,33.354296161320946,145.8948522126166
2025-04-30,Site_D,40,5.184060619592177,0.3757732003486491,29.79414476556833,168.4652304387903
2025-05-01,Site_D,40,5.49026644977674,0.40053097898944834,32.35924585796147,184.28604674035617
2025-05-02,Site_D,40,4.167119532956284,0.626620725884478,31.13458259482164,136.9849520778702
2025-05-03,Site_D,40,5.985879852766803,0.3429313887928683,34.96932185385845,188.82938010968786
2025-05-04,Site_D,40,6.3960482530856115,0.16522971414643917,28.61456624530621,212.1658518120761
2025-05-05,Site_D,40,4.666517749407284,0.5033724299808366,33.363414569633115,148.5111822305046
2025-05-06,Site_D,40,5.462667663726211,0.4042066060444649,34.49547130706743,183.9175574532146
2025-05-07,Site_D,40,7.086925039438976,0.07868555396096127,29.04130037369036,250.15137279231985
2025-05-08,Site_D,40,6.430919369940097,0.26360123640777705,32.70702036901603,213.09568062377198
2025-05-09,Site_D,40,6.63837509035955,0.2582539786239908,29.278716905508237,222.19213990528883
2025-05-10,Site_D,40,4.051786073019454,0.6240033316843273,31.335739980862215,134.64512619408274
2025-05-11,Site_D,40,6.388159377175496,0.26040107603313417,30.825196427864903,219.26922364245178
2025-05-12,Site_D,40,7.314066377290207,0.16946320743516496,26.59305270961958,255.23881161188652
2025-05-13,Site_D,40,5.203467331807599,0.5407559322397593,32.30443239369522,170.84336769478134
2025-05-14,Site_D,40,7.044235027844234,0.19478480444827906,31.797243498163997,234.3299578955761
2025-05-15,Site_D,40,7.796108743064644,0.06887990545793629,34.520506212730574,259.48840935209444
2025-05-16,Site_D,40,5.4048948434553585,0.4081542915149071,32.833585148022095,171.61473547673265
2025-05-17,Site_D,40,6.013252962156276,0.36172534093775816,36.23916722470607,201.985365687384
2025-05-18,Site_D,40,6.232909862710224,0.3375989645997123,31.9147239826725,216.37490781418688
2025-05-19,Site_D,40,5.602275400557786,0.4127175400402187,31.529944447719586,191.6226838562997
2025-05-20,Site_D,40,5.247627992865121,0.45795517756704424,31.40977011362238,167.02999112627418
2025-05-21,Site_D,40,5.5762347062652395,0.3801281615918507,30.933887280652545,173.81898382463112
2025-05-22,Site_D,40,6.421051292843597,0.22883850073337772,27.429236334755785,220.36455231956504
2025-05-23,Site_D,40,6.934943360659104,0.1414677049830548,31.433105169923948,224.0450762039251
2025-05-24,Site_D,40,8.018655046217741,0.07287321448756762,27.763615498001545,271.4102468956818
2025-05-25,Site_D,40,5.591271082043655,0.44687255637689216,32.82628878335086,192.25303915192217
2025-05-26,Site_D,40,6.499771164453395,0.279768128197931,29.46205848399835,212.3475508465205
2025-05-27,Site_D,40,7.061003250313467,0.19971599471476809,30.17052471529495,231.98098875751526
2025-05-28,Site_D,40,7.958492891449258,0.08218736120335327,30.634429341416453,266.1489963812204
2025-05-29,Site_D,40,6.793173564995932,0.2545713499265267,31.57448413592915,215.70165968502585
2025-05-30,Site_D,40,5.402834500316709,0.42987208116503034,32.006236622274905,174.13272558198364
2025-05-31,Site_D,40,6.25836686584404,0.38612652940425873,34.166644185945046,204.71374493375959
2025-06-01,Site_D,40,7.549396316834717,0.1620797059166703,30.844847210346796,247.90508568692832
2025-06-02,Site_D,40,6.97288083604979,0.2532675917742343,32.959458858992114,233.2326843658803
2025-06-03,Site_D,40,7.707826030366079,0.16308071565613846,37.45719727332071,269.1049527260431
2025-06-04,Site_D,40,7.845999830676989,0.07952385846686746,32.743498561376796,258.72311605682575
2025-06-05,Site_D,40,4.590535000665436,0.6667763595475985,31.618192030790652,147.79503697918946
2025-06-06,Site_D,40,7.245724439869017,0.2032714901241539,30.408285713685107,250.74317399067672
2025-06-07,Site_D,40,5.243165934154588,0.5552616072854383,31.562390020166323,164.95865192978394
2025-06-08,Site_D,40,7.156875187952076,0.2543553993461441,30.160127805455332,227.88714604534144
2025-06-09,Site_D,40,5.557898082726199,0.43442326792129315,32.44846349330209,179.67307694132836
2025-06-10,Site_D,40,5.817716025914429,0.4549580432612652,32.09386417960219,190.14091369184794
2025-06-11,Site_D,40,6.491579429763339,0.34531384306022517,27.53504305780272,213.94516195259598
2025-06-12,Site_D,40,5.926298800226537,0.4220092098351104,31.792149508267688,195.39994245539094
2025-06-13,Site_D,40,5.828606073478925,0.433111081740276,33.948429541734924,192.22402348739345
2025-06-14,Site_D,40,5.4078553532578635,0.4988650678488155,30.96188180191818,184.8219351494245
2025-06-15,Site_D,40,8.367792074270717,0.07938378465018037,30.41538842146749,278.4727072924974
2025-06-16,Site_D,40,7.683530345949759,0.176186008895597,28.923976284006933,252.22980254770772
2025-06-17,Site_D,40,3.6303234482743156,0.7775828828400863,27.91872140239268,125.41568309190171
2025-06-18,Site_D,40,7.939584988944127,0.05864283913640061,33.24987670399947,254.04816132712403
2025-06-19,Site_D,40,7.4608515954912775,0.20854171087367412,31.173853307146064,234.74239113818152
2025-06-20,Site_D,40,6.696308940372016,0.3347187186034697,33.02765892412856,227.80445810558
2025-06-21,Site_D,40,6.770239846520294,0.3838837660801729,34.490258923063145,228.49936647022378
2025-06-22,Site_D,40,5.376949737425056,0.5504600672251958,33.211308832775,172.20232423736772
2025-06-23,Site_D,40,5.675491475840846,0.39060350403492883,30.2224946675022,186.23112913098993
2025-06-24,Site_D,40,5.013955757433064,0.5676004259893483,31.532642551246045,161.0682200871986
2025-06-25,Site_D,40,7.784917512582913,0.2087823484234139,29.9462905302801,261.3645346024057
2025-06-26,Site_D,40,8.619401517541586,0.034647050479104755,29.689469375738835,301.77531968908903
2025-06-27,Site_D,40,5.387637655251972,0.5187672752459596,31.719188348052096,181.57387613824588
2025-06-28,Site_D,40,7.230955438759586,0.25696279185232984,29.293805141112745,248.53028932887318
2025-06-29,Site_D,40,7.519788448961583,0.15317219848562644,26.46226998811753,259.78946414336053
2025-06-30,Site_D,40,4.7008894979075855,0.628271848759218,29.023826248280603,156.8694069193964
2025-07-01,Site_D,40,7.5085408866031775,0.16697429858417492,30.103300889718472,257.56650816613586
2025-07-02,Site_D,40,7.217297516146442,0.2194874107730575,33.67421827616296,241.5645024604141
2025-07-03,Site_D,40,6.666778529492142,0.3358669613106042,29.561346797755537,231.56263007275214
2025-07-04,Site_D,40,6.213639388944066,0.3367516421427166,31.476338755589182,202.44219301493757
2025-07-05,Site_D,40,7.480259450613022,0.22491414959028105,30.022638326262232,235.62543995811708
2025-07-06,Site_D,40,5.407064429065484,0.4783823266561567,32.71635227497986,183.284538263126
2025-07-07,Site_D,40,7.626669699439481,0.15869962744119517,32.479573285387076,253.53713660869445
2025-07-08,Site_D,40,4.810140567039206,0.5302941825032673,32.41714967368929,156.87816661538744
2025-07-09,Site_D,40,4.4329753094284845,0.670232958918758,26.493861578991453,148.3560427142962
2025-07-10,Site_D,40,6.572938161427079,0.36297770217208636,30.269946645277138,234.9225354884438
2025-07-11,Site_D,40,6.000267831067605,0.37383327738568717,31.266717613914302,194.55298146284397
2025-07-12,Site_D,40,7.227967334295148,0.15572209232017992,30.40196325308409,233.66947049158756
2025-07-13,Site_D,40,3.4554198992045126,0.8008496181459662,30.799860926963742,114.74814054092995
2025-07-14,Site_D,40,7.84733032612992,0.1535640745708416,29.52892211705691,270.53273364766886
2025-07-15,Site_D,40,6.028908228558601,0.323191144014051,27.80600712741182,215.95747042905623
2025-07-16,Site_D,40,4.388773094153482,0.594028003731503,25.782574366787117,151.27743911444045
2025-07-17,Site_D,40,7.10102980604593,0.18689834629168883,27.76469724377483,229.04537759272634
2025-07-18,Site_D,40,6.186825886111533,0.3147042850262905,34.28903201614656,213.92952745824223
2025-07-19,Site_D,40,7.115467345794757,0.1633575087386425,27.836431742588818,238.389735020419
2025-07-20,Site_D,40,4.976815502597697,0.45144783878526973,24.76185818995385,164.5072762286856
2025-07-21,Site_D,40,5.0322262743414745,0.5476027134986414,30.016862293549018,161.78634205942416
2025-07-22,Site_D,40,7.410904989861152,0.1510245682886709,30.131467149730927,252.2909424629361
2025-07-23,Site_D,40,7.394483858588214,0.06714327551304734,30.862276926262624,246.5885232122615
2025-07-24,Site_D,40,8.444392672520852,0.020265096341135047,29.09480300704684,284.5329128406252
2025-07-25,Site_D,40,7.425453821261786,0.19079083315973652,29.707443661183127,256.5495375130517
2025-07-26,Site_D,40,6.035003382764631,0.3145915182749565,31.558286792608715,194.44877018509465
2025-07-27,Site_D,40,4.615431339943736,0.6227312727946971,26.246775694919013,162.08058698380464
2025-07-28,Site_D,40,5.735993251860752,0.36324961355267393,25.70819121325433,190.89699794019967
2025-07-29,Site_D,40,6.224318880373492,0.3096082335164432,25.263231306300654,224.48386437052915
2025-07-30,Site_D,40,4.9205276762812815,0.4799239160973749,26.775761308631367,168.60687259834066
2025-07-31,Site_D,40,6.013662577408204,0.42099355031573704,30.027468749808865,194.25848685033242
2025-08-01,Site_D,40,6.348840627932737,0.2553732244001163,28.068554869950226,199.67425019711783
2025-08-02,Site_D,40,7.212516501319038,0.12267416716586353,27.840110976505336,247.59859423832862
2025-08-03,Site_D,40,4.758186038638684,0.498267872601404,23.07297921940919,159.49336699032875
2025-08-04,Site_D,40,6.027978368247012,0.38665054906104845,25.17269328061175,203.25345737415694
2025-08-05,Site_D,40,7.666085688855034,0.10297423880754514,22.73387257778088,265.8491555612101
2025-08-06,Site_D,40,6.0013514906744145,0.3719661951572694,28.59249497833863,206.59410664237538
2025-08-07,Site_D,40,6.750857776993383,0.20846058132114104,29.26485257392768,233.19761635295572
2025-08-08,Site_D,40,4.098326997485602,0.5945539213787732,27.495036221045428,132.69101532482605
2025-08-09,Site_D,40,6.899811917472845,0.16496101528365886,23.80350756056056,243.89154147648892
2025-08-10,Site_D,40,4.711615176274223,0.5060443339007079,28.581182294529256,154.68750398143277
2025-08-11,Site_D,40,4.203585824548012,0.6493356891926007,24.949613306656914,132.84267137375267
2025-08-12,Site_D,40,6.440684655968796,0.23967420889097077,22.86516626073998,210.59621696296347
2025-08-13,Site_D,40,5.582564222535744,0.30777002028572686,23.202261900134886,190.4624339054392
2025-08-14,Site_D,40,5.472803964632907,0.3931387477373168,24.106814921551234,180.0546603561707
2025-08-15,Site_D,40,5.5637447170816525,0.35906610372810693,24.90146379296157,188.0835718725949
2025-08-16,Site_D,40,6.129964027987134,0.09318639284273175,24.31396650397648,209.8790486892627
2025-08-17,Site_D,40,6.181486252809807,0.23947149582705957,21.644884968467302,208.3740255256206
2025-08-18,Site_D,40,4.223778609989966,0.5361186227847963,26.729689520677407,140.05906592890375
2025-08-19,Site_D,40,5.502983357675555,0.2729968243224327,23.833997315524275,179.5138441515804
2025-08-20,Site_D,40,3.524582409347361,0.636892031847686,22.539221185394464,119.53523545476067
2025-08-21,Site_D,40,4.322371416424259,0.5157285652383427,26.018270581221152,136.85876868832358
2025-08-22,Site_D,40,5.773930409408796,0.264955160446557,21.26125775285211,191.6598159623949
2025-08-23,Site_D,40,5.48293154699217,0.22516405508029036,20.200211602049723,180.65002419565633
2025-08-24,Site_D,40,6.313465055939255,0.13276009733882985,25.83245666772329,211.72287343870866
2025-08-25,Site_D,40,6.338502954021247,0.13803798567389045,26.89936577031763,211.81602522924692
2025-08-26,Site_D,40,5.923556938835693,0.27247723472551494,22.021175460869195,206.52832737459465
2025-08-27,Site_D,40,5.410732431494684,0.22125192469229243,22.681924776500342,192.07576203322395
2025-08-28,Site_D,40,5.2432438151040115,0.2818441941883931,20.308803344616123,171.7282067557495
2025-08-29,Site_D,40,4.25228672069955,0.5012014218312568,22.441207430532092,152.71758478080662
2025-08-30,Site_D,40,5.165522352588299,0.356253490512045,21.306773874808936,170.95552493143393
2025-08-31,Site_D,40,4.14719159267592,0.48092168360998616,21.881813088816887,141.26446680922325
2025-09-01,Site_D,40,5.410605534264605,0.29358933166396944,22.732446806307607,186.1582008939888
2025-09-02,Site_D,40,4.342982168259391,0.3434091223524368,19.54552464166698,157.96075951291317
2025-09-03,Site_D,40,4.800263754806462,0.27617317095720023,20.846154991489563,160.01496247736847
2025-09-04,Site_D,40,5.240215853798201,0.25923282808434794,17.790304382785717,167.99570140149385
2025-09-05,Site_D,40,2.8194843701846444,0.6665982092841207,20.51616063943879,99.8097532375076
2025-09-06,Site_D,40,4.94665923676434,0.2225999956299699,20.86776435999401,163.42446272946637
2025-09-07,Site_D,40,4.279378235043987,0.39028637507150554,21.341374778905212,143.42963116243462
2025-09-08,Site_D,40,5.504651111032794,0.18792127771136868,21.191671306200607,180.2627996706044
2025-09-09,Site_D,40,2.6485588905997366,0.6540773063820488,22.349853532274967,88.77565776874783
2025-09-10,Site_D,40,5.422082892717553,0.15269482354801903,17.292596832068195,179.08266768401853
2025-09-11,Site_D,40,5.499754044272223,0.17261178254658605,17.22978008284379,190.12508809879597
2025-09-12,Site_D,40,3.582423528368844,0.5218861131700214,21.09118697484928,121.67278558724114
2025-09-13,Site_D,40,4.076194324702907,0.3932327482616173,15.786868291591208,135.28474505116614
2025-09-14,Site_D,40,4.832428018384236,0.25616397315810746,20.06354372190387,168.617883392754
2025-09-15,Site_D,40,3.8333750477726856,0.4414439664731421,17.16919231601086,130.8694398713788
2025-09-16,Site_D,40,4.816681156769384,0.29660434513898576,22.50897435455429,154.15075789235448
2025-09-17,Site_D,40,4.43254297660586,0.23006992106698437,19.698598063463393,154.31516697981613
2025-09-18,Site_D,40,4.546591217985036,0.2549915525968886,18.594559767838977,154.8878034699694
2025-09-19,Site_D,40,3.1119673938128574,0.6023632049668445,21.324371344920092,109.82728470491008
2025-09-20,Site_D,40,3.427661296523566,0.4837032298888094,16.579111164612797,116.55390247765746
2025-09-21,Site_D,40,3.1120324257442302,0.40021129701925656,16.79705760511705,102.92385219553185
2025-09-22,Site_D,40,4.0383521659504735,0.3295079548505259,15.859953025392107,135.96894874756228
2025-09-23,Site_D,40,4.567492862454337,0.25359136955956196,16.49284189526237,158.4627537285415
2025-09-24,Site_D,40,4.603371595193921,0.22571935487506772,18.18632845217011,152.33855862290383
2025-09-25,Site_D,40,3.340401931374435,0.5078744821781623,18.89434415583123,111.6635694651563
2025-09-26,Site_D,40,4.480617108531387,0.11349076812432074,19.672839971039544,150.77225436690605
2025-09-27,Site_D,40,4.9255777724284275,0.08191321353220349,13.94536406269357,161.09926325850117
2025-09-28,Site_D,40,3.2932692377281825,0.4327503265562949,17.097207091988825,109.02581870721214
2025-09-29,Site_D,40,4.281214238353756,0.22267041461811926,15.072075860879757,145.77161435104824
2025-09-30,Site_D,40,2.947173962103004,0.5522427734854515,16.726698745936897,103.4318727059443
2025-10-01,Site_D,40,2.8447631774254614,0.4970515800136799,21.655909025796326,97.2770451800043
2025-10-02,Site_D,40,3.49316076461884,0.31600786967957184,17.4230996138415,118.1588898222548
2025-10-03,Site_D,40,3.103041446766202,0.49894045362715966,18.49162946067716,102.48481933816673
2025-10-04,Site_D,40,2.839784774945381,0.5229057975539544,20.468978158915586,99.3478605112011
2025-10-05,Site_D,40,2.4782674915224447,0.572227403528655,18.658823862247754,85.03303554883382
2025-10-06,Site_D,40,3.5703838528617062,0.24488240451072416,15.366448361582787,118.36679863726383
2025-10-07,Site_D,40,4.27725633021304,0.07242626522342746,13.57048330393539,148.77654677348218
2025-10-08,Site_D,40,4.888115196641611,0.015948358307271447,15.923470828709071,168.3377342731763
2025-10-09,Site_D,40,2.614706775937251,0.5192852535674672,14.71174243192935,86.39649177779036
2025-10-10,Site_D,40,3.4255044238319146,0.3049656784272177,12.663329280803307,115.66438745969434
2025-10-11,Site_D,40,3.926089604209985,0.149706420472428,16.061302862213303,131.00384254253987
2025-10-12,Site_D,40,2.9322068532337853,0.34620562351302414,15.980209024027815,107.15305501891216
2025-10-13,Site_D,40,2.8491856695530284,0.31115129592300095,18.85759475839124,98.03342015906146
2025-10-14,Site_D,40,2.9287881754049447,0.33174075076411136,14.468739767556213,99.74440771049973
2025-10-15,Site_D,40,3.4243657426393472,0.2633102627296781,15.627430509069127,117.61514796753751
2025-10-16,Site_D,40,2.7464901407735716,0.4558267013603829,13.613193069547794,96.86062970647357
2025-10-17,Site_D,40,3.8199203493098546,0.14539009635465006,16.569569724627318,129.0395306627343
2025-10-18,Site_D,40,3.221420490292093,0.278427774808771,14.455188866754865,107.16253174666647
2025-10-19,Site_D,40,3.3873394411706275,0.19289275840051484,12.242596673808556,117.61588353082075
2025-10-20,Site_D,40,2.518120359586641,0.43097613112464966,14.4463880813496,84.82608312253778
2025-10-21,Site_D,40,3.562063430636197,0.18997629404518687,15.142159667224572,116.7524035179557
2025-10-22,Site_D,40,3.2919788055035455,0.11322783313393725,14.76170636115672,107.24701911548804
2025-10-23,Site_D,40,2.4395378935483576,0.38036891809333223,16.235294880204595,86.39911702602095
2025-10-24,Site_D,40,2.8726860484656203,0.363691266064873,11.142058618092467,97.65946138854306
2025-10-25,Site_D,40,3.1023896486319456,0.09835973530909621,12.249715356760671,103.19403959460266
2025-10-26,Site_D,40,2.8115451658798185,0.5298797834208773,15.114194149131917,94.53303184127763
2025-10-27,Site_D,40,2.669072701539917,0.3573692424359294,12.285920056838764,92.56600357041583
2025-10-28,Site_D,40,3.0126388953310954,0.24211707399507496,14.121687704474049,101.11088022923155
2025-10-29,Site_D,40,3.2083755931736317,0.04554165254028526,8.708018931645842,103.9112516820889
2025-10-30,Site_D,40,2.180582246114245,0.46963875377395287,18.888671447127496,74.55481606726535
2025-10-31,Site_D,40,2.4110330376915825,0.35900849112701533,12.829141656386213,84.59416989612798
2025-11-01,Site_D,40,2.227074143556954,0.40780250580682015,15.67084933288334,77.9873616561448
2025-11-02,Site_D,40,2.5282857580786158,0.3934533351281936,12.526082309097662,84.16615841205565
2025-11-03,Site_D,40,3.030585809061139,0.07167200457050205,13.948823831166845,106.51481467255216
2025-11-04,Site_D,40,2.904646268473692,0.25647990188704956,16.025446385341457,98.97091043366375
2025-11-05,Site_D,40,2.6746676195626917,0.507180766788446,15.298054015169928,93.92677589636197
2025-11-06,Site_D,40,2.867001180470437,0.10927747988491361,12.485043739687388,98.73598291638399
2025-11-07,Site_D,40,2.5090883116839273,0.29249717640138134,12.553655088618681,81.06909113750397
2025-11-08,Site_D,40,2.936920820640049,0.12192287676596913,14.764225898435637,104.64023910821378
2025-11-09,Site_D,40,2.5023142323883447,0.44942133018578706,17.359249498190806,84.84666609887567
2025-11-10,Site_D,40,2.336585047712669,0.30471676066112374,13.015751885843768,80.47205052845614
2025-11-11,Site_D,40,1.80806187848829,0.4436783590358585,16.486515847179078,58.74162472167181
2025-11-12,Site_D,40,1.7311154753552542,0.4189528258269907,12.033555379037871,59.49237405037049
2025-11-13,Site_D,40,1.518719872009069,0.6408743066505244,14.367110760715148,53.11409653298413
2025-11-14,Site_D,40,1.4108735733749997,0.6377385813569518,14.615133354621609,50.53440266333476
2025-11-15,Site_D,40,3.1692776657708968,0.10174202612083834,11.545373506652966,111.79334068498086
2025-11-16,Site_D,40,2.453391982403426,0.39441588289699137,10.826466011156075,84.4316782292452
2025-11-17,Site_D,40,1.1553620116013557,0.6659889245547499,14.569596410804094,37.2980888374959
2025-11-18,Site_D,40,1.874017852925201,0.35465289797165545,11.176780619190204,63.688155897191336
2025-11-19,Site_D,40,1.2948609400570013,0.7180812708236378,10.415163258194294,43.051968302242216
2025-11-20,Site_D,40,2.5372142154023445,0.2678590657150727,10.802815476601983,86.48901128453657
2025-11-21,Site_D,40,1.6938674551182207,0.5071194633934764,11.069291823510873,55.24370848440248
2025-11-22,Site_D,40,1.1610216003402853,0.6761793305646111,13.826458306927952,39.051210310132134
2025-11-23,Site_D,40,2.328278636195843,0.15810975561979926,13.11894470661783,77.5852137261498
2025-11-24,Site_D,40,1.9189144490957326,0.282168424787864,13.498747996841638,63.882722044992654
2025-11-25,Site_D,40,1.4417088632592712,0.6735862009134714,12.891706511189192,48.009912484108355
2025-11-26,Site_D,40,1.696497516625486,0.3672551094983738,10.845730657965023,57.186929138185164
2025-11-27,Site_D,40,1.5771697231160424,0.4467203943349487,13.415034103162624,53.8396857390058
2025-11-28,Site_D,40,1.8489232361472565,0.5159850719025716,14.376110497360273,57.8878035878487
2025-11-29,Site_D,40,1.8605287020355,0.24801605571262658,13.173543625365046,58.480942643255325
2025-11-30,Site_D,40,1.273665759652091,0.4619179107831346,12.900145226704323,42.66909550500943
2025-12-01,Site_D,40,1.757276564731768,0.402516634030268,10.465983589496744,59.121174657201244
2025-12-02,Site_D,40,1.975306369693819,0.21624277055289406,12.425949138150047,67.23148976733377
2025-12-03,Site_D,40,2.093934037581763,0.2625801541592067,10.367017228705762,69.31905252123923
2025-12-04,Site_D,40,1.2498011072285722,0.6916756785075089,11.96759007228315,42.30908073291647
2025-12-05,Site_D,40,2.0906451052246124,0.17558043974331478,8.746216990467813,71.02137067351299
2025-12-06,Site_D,40,1.4481638213442616,0.5211991290767134,8.775693232544022,47.92892180233821
2025-12-07,Site_D,40,1.5620910337699256,0.3589264267555552,11.67572555116642,54.47098000294036
2025-12-08,Site_D,40,1.4824405601341037,0.5133936079299621,10.980898562166697,50.43390400095188
2025-12-09,Site_D,40,1.7002016251188605,0.49909364200177775,12.314249436074816,58.480133263691584
2025-12-10,Site_D,40,1.4933988629773247,0.3498770023114147,11.856968417829899,50.64136343073148
2025-12-11,Site_D,40,1.943261302085391,0.22763956923246462,12.215643406899387,69.90963359109847
2025-12-12,Site_D,40,1.4966397308229462,0.6273288527395445,13.404150181997387,51.55140399495267
2025-12-13,Site_D,40,1.4860361125019395,0.5547387883630139,11.294978673621769,49.54957876012572
2025-12-14,Site_D,40,1.994324652241614,0.37596360806974133,11.820107824986067,69.1468042009065
2025-12-15,Site_D,40,1.5575415663457954,0.3547354714291741,15.209403227011258,50.11471541074184
2025-12-16,Site_D,40,1.5727907515238992,0.16168819248519367,12.348768877101504,53.410182669431556
2025-12-17,Site_D,40,1.497462520445921,0.4967434132656958,12.030281212026214,51.154770698110376
2025-12-18,Site_D,40,1.2847792809308918,0.6421575507959182,12.602677132727319,43.64333438606924
2025-12-19,Site_D,40,2.3808970234951325,0.15217081977280522,12.166706091029402,79.75348374841055
2025-12-20,Site_D,40,2.3009537302482346,0.1717768330804064,11.124891539822123,75.48983513102401
2025-12-21,Site_D,40,1.9873005293114816,0.2590778268847346,10.605379746221606,65.64827440261016
2025-12-22,Site_D,40,2.1162476173821267,0.21780853126946473,11.134765031470739,71.82177800851662
2025-12-23,Site_D,40,1.7036571376988032,0.318964252019161,14.470421537749608,55.716302656889525
2025-12-24,Site_D,40,1.4706539949387054,0.306332596483547,11.530476613396829,52.40008865171287
2025-12-25,Site_D,40,2.0794466405370664,0.14932468160503218,12.548870914474112,64.7804915571017
2025-12-26,Site_D,40,1.4091000108551222,0.6626736639530643,14.331334442239434,47.21120584597483
2025-12-27,Site_D,40,2.195059794769721,0.1653556385807813,12.446908961855609,74.50992387403711
2025-12-28,Site_D,40,1.9850081514063747,0.3144710018632933,14.346909165091818,68.1788226288603
2025-12-29,Site_D,40,1.8755625269294216,0.1999326332678643,10.07773881570463,61.70935850554468
2025-12-30,Site_D,40,1.259217855596794,0.5781585802995173,12.976049589473774,44.05015922913003
2025-12-31,Site_D,40,1.9599119198319086,0.289757138980161,13.483228645901047,63.532205223892525
2025-01-01,Site_E,100,1.7566287638303126,0.4125673885483874,12.319345628224461,146.77752663050106
2025-01-02,Site_E,100,2.3776453148342473,0.2992838619043997,12.470394944858718,205.86062138085578
2025-01-03,Site_E,100,1.2682861906690697,0.4653917981694444,14.189780416410121,111.16538531709905
2025-01-04,Site_E,100,2.2626038371639408,0.19048512323224914,15.210103222655738,184.21317370594448
2025-01-05,Site_E,100,1.247090364039988,0.6476001081644059,13.38617712031704,114.40784140639866
2025-01-06,Site_E,100,2.241791464950151,0.13497287935067193,11.558230487819111,185.40900264239426
2025-01-07,Site_E,100,1.3907986797833654,0.5731373645849486,12.514781288167574,113.55485051269957
2025-01-08,Site_E,100,1.9658953959944407,0.21412261194749418,14.497887602218423,169.60497008223226
2025-01-09,Site_E,100,2.1396505727806048,0.24274717795324555,14.580083417024175,179.95024891673103
2025-01-10,Site_E,100,1.5359520300890284,0.45302583210434877,14.788328006471318,128.59718913567954
2025-01-11,Site_E,100,1.6280339649760676,0.6238817403011739,15.45953249640589,140.83640005196963
2025-01-12,Site_E,100,2.4757673144081824,0.10438124911225927,14.541900240119347,200.7678311665123
2025-01-13,Site_E,100,1.9127346889318022,0.4126330744618807,15.17594186004077,154.25497205279748
2025-01-14,Site_E,100,1.814883962161298,0.3278587654280449,14.673505971383143,151.47330936596487
2025-01-15,Site_E,100,2.231148497012376,0.15774758607637537,17.180900743041132,195.74272040253942
2025-01-16,Site_E,100,1.5063938060627613,0.4160003403810664,17.87010079191853,125.88930560478941
2025-01-17,Site_E,100,2.242609733005657,0.15864773799092935,12.751449763003261,199.72306787046796
2025-01-18,Site_E,100,1.670127163411617,0.370256971221784,14.745059927466038,147.04146918946373
2025-01-19,Site_E,100,2.6106604633403676,0.20503308584343774,15.449102800658633,223.7345832098956
2025-01-20,Site_E,100,2.2211951084953827,0.2523505026403283,14.979874965621544,190.67615534686482
2025-01-21,Site_E,100,2.1778458419329585,0.2988099856772492,19.23152217375997,186.63185405986349
2025-01-22,Site_E,100,1.7665207010883843,0.4592692393390749,16.227443071770793,150.83032647984487
2025-01-23,Site_E,100,2.4870523361371117,0.17668360619992182,14.30448764474805,209.01374035348746
2025-01-24,Site_E,100,2.6827455576623738,0.363220025684123,17.245617809513707,226.2505302609065
2025-01-25,Site_E,100,2.276214214290985,0.24148423666029623,16.73394634315438,187.2062215037004
2025-01-26,Site_E,100,2.242918102701052,0.2285179900082405,16.941368276195668,177.9468674457055
2025-01-27,Site_E,100,2.1412641342823915,0.42094273161138956,20.091399185922185,187.9689520484303
2025-01-28,Site_E,100,1.814809746473429,0.23475427825520703,17.321518636126623,154.9292597120515
2025-01-29,Site_E,100,2.502592259722187,0.22930005609416912,16.158520878596505,212.67837395929115
2025-01-30,Site_E,100,2.1893228251216494,0.33164503101079856,13.002737708858753,188.24208040181207
2025-01-31,Site_E,100,2.531852589340621,0.12732411975357197,16.731446462113205,209.772906993102
2025-02-01,Site_E,100,2.6628574227547435,0.24601442149220148,19.824601433496493,219.45215017252164
2025-02-02,Site_E,100,2.3001042024247926,0.3644316696323585,17.182159051859117,193.75999796005536
2025-02-03,Site_E,100,2.6002366042225535,0.05589867289457542,13.037606785556886,229.98741578861495
2025-02-04,Site_E,100,2.721916240121607,0.14031725515819693,16.675519290110795,223.1468018700315
2025-02-05,Site_E,100,1.9263269273173629,0.2507209340797552,19.813441051702416,150.76097531144893
2025-02-06,Site_E,100,2.3702098628781383,0.405698242753939,19.0767544570643,198.21867191435356
2025-02-07,Site_E,100,1.5911685320840958,0.7267330638100146,16.463604144542458,139.81490597991748
2025-02-08,Site_E,100,2.667619426031091,0.20371054532533642,17.172185018295107,214.85024446668635
2025-02-09,Site_E,100,3.337517747742845,0.08639831040910925,17.64182146003145,273.4978106245654
2025-02-10,Site_E,100,2.9129442414622297,0.08963503988731421,17.299343460333006,249.42114372501914
2025-02-11,Site_E,100,2.701098218176987,0.21531307942037672,14.727955647597192,247.15546404648006
2025-02-12,Site_E,100,1.9941919170798366,0.6240880696700872,20.47796995467682,162.50599896191198
2025-02-13,Site_E,100,3.2185602531414887,0.07641732806751567,21.629295584572095,261.9581292836517
2025-02-14,Site_E,100,2.8785429195703025,0.27360317013405233,16.243520536729463,247.01331600050096
2025-02-15,Site_E,100,2.540720189614231,0.3634548071537282,21.93417291401076,223.62816681997379
2025-02-16,Site_E,100,3.113215190789073,0.18443386385777075,19.40722593714607,259.5051326684877
2025-02-17,Site_E,100,2.3907081174484373,0.45729231258788783,22.231049566294097,193.20120559253428
2025-02-18,Site_E,100,2.1041610967237343,0.5382802572224814,20.0248558738947,181.06188999687112
2025-02-19,Site_E,100,3.614686267242596,0.11472361362396107,20.388822085884815,312.70556330173474
2025-02-20,Site_E,100,2.533492324694668,0.4181868831582155,21.03193785214965,226.68231255848045
2025-02-21,Site_E,100,2.8920148114024222,0.36288457817920644,18.876779143086633,250.49088312995912
2025-02-22,Site_E,100,3.037153908665602,0.2646664795049403,23.016560567523392,264.3827790380846
2025-02-23,Site_E,100,3.105114884695567,0.18921919968666295,18.555158274856904,261.6689718166672
2025-02-24,Site_E,100,2.6879308479450175,0.5363300319908418,20.164849536492312,245.02735162261828
2025-02-25,Site_E,100,3.9179544403343933,0.11905867029865491,22.188881367911872,328.80046350933344
2025-02-26,Site_E,100,4.119977040384228,0.21111717141532532,20.293585251005872,343.5055170690601
2025-02-27,Site_E,100,2.7242534194231776,0.4002710941021013,23.03886580939735,243.94133893468793
2025-02-28,Site_E,100,3.1249869270100885,0.3519992920014972,24.407516230140455,253.6743998392874
2025-03-01,Site_E,100,2.6110621471856743,0.5265427448226805,23.852958440549326,209.47041739837735
2025-03-02,Site_E,100,4.130874493863642,0.16181100451912897,18.127769372642756,352.09408188840456
2025-03-03,Site_E,100,2.733678582803064,0.4804723311884958,22.42382750079706,232.15641848275237
2025-03-04,Site_E,100,2.9931916276860195,0.3649369273779438,24.401581337620243,252.46729519063996
2025-03-05,Site_E,100,3.7175516967228797,0.3382982526809168,19.882698978588426,325.13326978998066
2025-03-06,Site_E,100,4.119435728928568,0.12416427361110102,24.135245442480947,340.31311111503874
2025-03-07,Site_E,100,3.535121165200416,0.38933654697999986,24.19456955065309,300.79566692890353
2025-03-08,Site_E,100,4.1837518076603395,0.20917966425799714,20.606837190597815,351.45904408937935
2025-03-09,Site_E,100,1.7011173911480766,0.8577193867824644,24.87054578047385,140.59984441949513
2025-03-10,Site_E,100,4.238495206309362,0.15459145040996083,23.918183308192518,359.2687415193465
2025-03-11,Site_E,100,4.249663477161826,0.14976355181245435,24.84385178408535,370.1105094800786
2025-03-12,Site_E,100,3.450649106311958,0.4031923260855532,21.78030667028451,311.6652381570643
2025-03-13,Site_E,100,5.060799225721828,0.042930026928095645,24.182539331175214,437.21970311900833
2025-03-14,Site_E,100,4.1196355164448635,0.19548315582258285,20.641287890421545,323.4731630201091
2025-03-15,Site_E,100,3.987250509024398,0.30113252870937146,19.665232714975552,338.1899758712151
2025-03-16,Site_E,100,3.7037612229505745,0.3060318176644459,24.668384513114997,314.97046183442217
2025-03-17,Site_E,100,4.6548417434283476,0.08205415458777657,26.75472816468449,403.50410738760985
2025-03-18,Site_E,100,3.2659674146065627,0.5066145996912718,25.225455203871217,278.6042744661857
2025-03-19,Site_E,100,2.396827194117131,0.6118173847816214,24.7579322009178,211.16610532322204
2025-03-20,Site_E,100,4.688179992713012,0.3010127836523355,24.674144006453144,402.74687378243976
2025-03-21,Site_E,100,4.825337354289133,0.07868253441359742,23.327565834037514,428.8694560133109
2025-03-22,Site_E,100,5.262838770682302,0.05506402452207499,24.93150718835052,440.9694361086094
2025-03-23,Site_E,100,5.156532630592063,0.16575919673839343,26.380130158292605,437.2873692068999
2025-03-24,Site_E,100,3.7925481429271293,0.38070875590993625,24.826800963305473,329.9899501056249
2025-03-25,Site_E,100,4.504289451006937,0.137734707698832,27.357807770107627,372.31971264551953
2025-03-26,Site_E,100,5.0327157937390075,0.13431203549556325,26.406829959788936,414.8141952407009
2025-03-27,Site_E,100,3.9287400594567004,0.3757847229339631,26.805894861669984,324.8924163918537
2025-03-28,Site_E,100,4.0759048515645055,0.2709988242501359,28.105081432606234,334.064548866906
2025-03-29,Site_E,100,4.422068675964083,0.34752912233623995,25.428782552094127,380.65940306083564
2025-03-30,Site_E,100,3.8660518894461617,0.47705206199807326,27.95426388140241,306.4866666016592
2025-03-31,Site_E,100,5.275307438374622,0.22335621780544143,26.01438496665394,425.2166457296448
2025-04-01,Site_E,100,4.522707949592238,0.27451413041412864,27.61678446923745,401.1691040785048
2025-04-02,Site_E,100,4.761882199333535,0.20553020427956525,25.795166737247907,394.2038627298782
2025-04-03,Site_E,100,4.653446857549255,0.3034720945555675,25.412748427526036,396.7588037584993
2025-04-04,Site_E,100,4.876836967137575,0.28152330283124916,27.563781206679984,391.45172562800633
2025-04-05,Site_E,100,4.64258830741465,0.39411983806495565,23.753953027633962,395.22473002288774
2025-04-06,Site_E,100,4.352464213690337,0.48910568190327913,27.074482675893414,358.5085188835261
2025-04-07,Site_E,100,4.551585370542003,0.4442097043481396,24.595248723319646,368.2577696040786
2025-04-08,Site_E,100,5.942569520442182,0.11411030691108448,29.505734938234852,515.2231334342771
2025-04-09,Site_E,100,5.474325644569304,0.24734277342714361,30.184989893369092,471.1992763521216
2025-04-10,Site_E,100,5.388215109874749,0.20010518918964715,26.492565041567065,453.18224831447395
2025-04-11,Site_E,100,5.248495534924361,0.27835080932244805,29.210948933848766,451.1394710025692
2025-04-12,Site_E,100,3.528618023122553,0.5640174984206949,30.2845670377248,309.92685315197554
2025-04-13,Site_E,100,5.951977960080149,0.1489946990523795,30.42128462742635,505.43684062280124
2025-04-14,Site_E,100,5.737806150122524,0.20165524930937745,29.173337856272738,485.7867843029536
2025-04-15,Site_E,100,5.74996751454685,0.2879641754434741,30.339137023359662,480.47857542138115
2025-04-16,Site_E,100,5.577246079218983,0.23419152474726526,27.695920646675685,477.4036013996584
2025-04-17,Site_E,100,5.927834448089277,0.18970224370037408,29.282811154131107,489.1160629575713
2025-04-18,Site_E,100,5.159276544378922,0.35269865979378817,28.30223356937757,428.5254543238611
2025-04-19,Site_E,100,5.236343300070234,0.3118484101432127,27.886594282069126,445.2414136603312
2025-04-20,Site_E,100,5.7716690433004425,0.2009222325140691,29.541847659904807,474.1225754248312
2025-04-21,Site_E,100,6.971054564735547,0.08168079440498474,30.278118837101772,572.7999938746227
2025-04-22,Site_E,100,4.351026208055738,0.47354682001885057,32.02116580474935,358.90592186020933
2025-04-23,Site_E,100,5.778038937651864,0.1978948916800621,30.333269565305528,496.4844144530443
2025-04-24,Site_E,100,3.5334333892074685,0.7123519558077521,31.193317637490875,282.510635920419
2025-04-25,Site_E,100,4.354848968169334,0.5875048529921348,31.32017722824584,368.4453638222692
2025-04-26,Site_E,100,4.713758419586962,0.4533813317394459,35.490459321467526,392.3556582517968
2025-04-27,Site_E,100,4.646448826992888,0.47166807393406307,26.594700726478983,401.0418268638767
2025-04-28,Site_E,100,4.460365206979735,0.5427250268332675,28.935838529983723,363.5472225937197
2025-04-29,Site_E,100,4.420531034093819,0.5101980347085477,33.354296161320946,344.18864294523246
2025-04-30,Site_E,100,5.184060619592177,0.3757732003486491,29.79414476556833,438.73571278293156
2025-05-01,Site_E,100,5.49026644977674,0.40053097898944834,32.35924585796147,454.7347607947916
2025-05-02,Site_E,100,4.167119532956284,0.626620725884478,31.13458259482164,355.3343726016695
2025-05-03,Site_E,100,5.985879852766803,0.3429313887928683,34.96932185385845,477.44439335813667
2025-05-04,Site_E,100,6.3960482530856115,0.16522971414643917,28.61456624530621,547.0985088096637
2025-05-05,Site_E,100,4.666517749407284,0.5033724299808366,33.363414569633115,394.8400099230793
2025-05-06,Site_E,100,5.462667663726211,0.4042066060444649,34.49547130706743,444.65083252858415
2025-05-07,Site_E,100,7.086925039438976,0.07868555396096127,29.04130037369036,599.0279776987933
2025-05-08,Site_E,100,6.430919369940097,0.26360123640777705,32.70702036901603,534.9151291176274
2025-05-09,Site_E,100,6.63837509035955,0.2582539786239908,29.278716905508237,539.9883994078943
2025-05-10,Site_E,100,4.051786073019454,0.6240033316843273,31.335739980862215,340.4192811500488
2025-05-11,Site_E,100,6.388159377175496,0.26040107603313417,30.825196427864903,555.1652963239261
2025-05-12,Site_E,100,7.314066377290207,0.16946320743516496,26.59305270961958,617.036275272873
2025-05-13,Site_E,100,5.203467331807599,0.5407559322397593,32.30443239369522,409.8111024948392
2025-05-14,Site_E,100,7.044235027844234,0.19478480444827906,31.797243498163997,569.4320782163849
2025-05-15,Site_E,100,7.796108743064644,0.06887990545793629,34.520506212730574,602.2977997360261
2025-05-16,Site_E,100,5.4048948434553585,0.4081542915149071,32.833585148022095,461.39150520970225
2025-05-17,Site_E,100,6.013252962156276,0.36172534093775816,36.23916722470607,498.4075767995502
2025-05-18,Site_E,100,6.232909862710224,0.3375989645997123,31.9147239826725,506.44317657558537
2025-05-19,Site_E,100,5.602275400557786,0.4127175400402187,31.529944447719586,443.1869647602329
2025-05-20,Site_E,100,5.247627992865121,0.45795517756704424,31.40977011362238,422.9404454182814
2025-05-21,Site_E,100,5.5762347062652395,0.3801281615918507,30.933887280652545,452.99884869007707
2025-05-22,Site_E,100,6.421051292843597,0.22883850073337772,27.429236334755785,541.212573820025
2025-05-23,Site_E,100,6.934943360659104,0.1414677049830548,31.433105169923948,574.4872786296313
2025-05-24,Site_E,100,8.018655046217741,0.07287321448756762,27.763615498001545,699.8033891805878
2025-05-25,Site_E,100,5.591271082043655,0.44687255637689216,32.82628878335086,449.922827298446
2025-05-26,Site_E,100,6.499771164453395,0.279768128197931,29.46205848399835,517.039531227946
2025-05-27,Site_E,100,7.061003250313467,0.19971599471476809,30.17052471529495,566.2362500815631
2025-05-28,Site_E,100,7.958492891449258,0.08218736120335327,30.634429341416453,659.4384348920744
2025-05-29,Site_E,100,6.793173564995932,0.2545713499265267,31.57448413592915,548.8292045911679
2025-05-30,Site_E,100,5.402834500316709,0.42987208116503034,32.006236622274905,441.55730381841613
2025-05-31,Site_E,100,6.25836686584404,0.38612652940425873,34.166644185945046,443.9047116027652
2025-06-01,Site_E,100,7.549396316834717,0.1620797059166703,30.844847210346796,566.7012528439791
2025-06-02,Site_E,100,6.97288083604979,0.2532675917742343,32.959458858992114,495.0409309136023
2025-06-03,Site_E,100,7.707826030366079,0.16308071565613846,37.45719727332071,540.4802318599474
2025-06-04,Site_E,100,7.845999830676989,0.07952385846686746,32.743498561376796,579.7148339977697
2025-06-05,Site_E,100,4.590535000665436,0.6667763595475985,31.618192030790652,327.91836502869916
2025-06-06,Site_E,100,7.245724439869017,0.2032714901241539,30.408285713685107,535.8402378362891
2025-06-07,Site_E,100,5.243165934154588,0.5552616072854383,31.562390020166323,384.8622938210426
2025-06-08,Site_E,100,7.156875187952076,0.2543553993461441,30.160127805455332,525.3748820166946
2025-06-09,Site_E,100,5.557898082726199,0.43442326792129315,32.44846349330209,388.76935645246294
2025-06-10,Site_E,100,5.817716025914429,0.4549580432612652,32.09386417960219,437.4553252412344
2025-06-11,Site_E,100,6.491579429763339,0.34531384306022517,27.53504305780272,511.53660792395937
2025-06-12,Site_E,100,5.926298800226537,0.4220092098351104,31.792149508267688,430.40061228246634
2025-06-13,Site_E,100,5.828606073478925,0.433111081740276,33.948429541734924,406.26939498625865
2025-06-14,Site_E,100,5.4078553532578635,0.4988650678488155,30.96188180191818,394.3179610425993
2025-06-15,Site_E,100,8.367792074270717,0.07938378465018037,30.41538842146749,629.111763760265
2025-06-16,Site_E,100,7.683530345949759,0.176186008895597,28.923976284006933,554.004048539105
2025-06-17,Site_E,100,3.6303234482743156,0.7775828828400863,27.91872140239268,266.728502828453
2025-06-18,Site_E,100,7.939584988944127,0.05864283913640061,33.24987670399947,578.8169920421896
2025-06-19,Site_E,100,7.4608515954912775,0.20854171087367412,31.173853307146064,562.6285454950279
2025-06-20,Site_E,100,6.696308940372016,0.3347187186034697,33.02765892412856,494.9227255529565
2025-06-21,Site_E,100,6.770239846520294,0.3838837660801729,34.490258923063145,497.9598459508015
2025-06-22,Site_E,100,5.376949737425056,0.5504600672251958,33.211308832775,383.10645948930716
2025-06-23,Site_E,100,5.675491475840846,0.39060350403492883,30.2224946675022,419.67330632975955
2025-06-24,Site_E,100,5.013955757433064,0.5676004259893483,31.532642551246045,356.4812762674505
2025-06-25,Site_E,100,7.784917512582913,0.2087823484234139,29.9462905302801,583.8662061914773
2025-06-26,Site_E,100,8.619401517541586,0.034647050479104755,29.689469375738835,652.9086432866238
2025-06-27,Site_E,100,5.387637655251972,0.5187672752459596,31.719188348052096,397.7077222250777
2025-06-28,Site_E,100,7.230955438759586,0.25696279185232984,29.293805141112745,524.4445952708286
2025-06-29,Site_E,100,7.519788448961583,0.15317219848562644,26.46226998811753,554.4097334842481
2025-06-30,Site_E,100,4.7008894979075855,0.628271848759218,29.023826248280603,363.81754602551393
2025-07-01,Site_E,100,7.5085408866031775,0.16697429858417492,30.103300889718472,543.0356791871967
2025-07-02,Site_E,100,7.217297516146442,0.2194874107730575,33.67421827616296,536.1977217299905
2025-07-03,Site_E,100,6.666778529492142,0.3358669613106042,29.561346797755537,493.31414381042475
2025-07-04,Site_E,100,6.213639388944066,0.3367516421427166,31.476338755589182,447.07190848194335
2025-07-05,Site_E,100,7.480259450613022,0.22491414959028105,30.022638326262232,524.8314238735467
2025-07-06,Site_E,100,5.407064429065484,0.4783823266561567,32.71635227497986,393.4481063562763
2025-07-07,Site_E,100,7.626669699439481,0.15869962744119517,32.479573285387076,553.4982281307248
2025-07-08,Site_E,100,4.810140567039206,0.5302941825032673,32.41714967368929,367.09708225735454
2025-07-09,Site_E,100,4.4329753094284845,0.670232958918758,26.493861578991453,320.26811687881246
2025-07-10,Site_E,100,6.572938161427079,0.36297770217208636,30.269946645277138,513.0864578284336
2025-07-11,Site_E,100,6.000267831067605,0.37383327738568717,31.266717613914302,441.3843139858058
2025-07-12,Site_E,100,7.227967334295148,0.15572209232017992,30.40196325308409,533.5584017062288
2025-07-13,Site_E,100,3.4554198992045126,0.8008496181459662,30.799860926963742,247.3215712453841
2025-07-14,Site_E,100,7.84733032612992,0.1535640745708416,29.52892211705691,580.2420328285592
2025-07-15,Site_E,100,6.028908228558601,0.323191144014051,27.80600712741182,451.02072562857745
2025-07-16,Site_E,100,4.388773094153482,0.594028003731503,25.782574366787117,335.5515384805481
2025-07-17,Site_E,100,7.10102980604593,0.18689834629168883,27.76469724377483,508.4902527606758
2025-07-18,Site_E,100,6.186825886111533,0.3147042850262905,34.28903201614656,463.1250892737146
2025-07-19,Site_E,100,7.115467345794757,0.1633575087386425,27.836431742588818,530.4536458794229
2025-07-20,Site_E,100,4.976815502597697,0.45144783878526973,24.76185818995385,378.0199676810179
2025-07-21,Site_E,100,5.0322262743414745,0.5476027134986414,30.016862293549018,365.4031557755844
2025-07-22,Site_E,100,7.410904989861152,0.1510245682886709,30.131467149730927,526.378616060012
2025-07-23,Site_E,100,7.394483858588214,0.06714327551304734,30.862276926262624,539.8106535150861
2025-07-24,Site_E,100,8.444392672520852,0.020265096341135047,29.09480300704684,623.0397928990849
2025-07-25,Site_E,100,7.425453821261786,0.19079083315973652,29.707443661183127,520.8483470617704
2025-07-26,Site_E,100,6.035003382764631,0.3145915182749565,31.558286792608715,448.7674428667253
2025-07-27,Site_E,100,4.615431339943736,0.6227312727946971,26.246775694919013,352.77891651953576
2025-07-28,Site_E,100,5.735993251860752,0.36324961355267393,25.70819121325433,417.2792103103237
2025-07-29,Site_E,100,6.224318880373492,0.3096082335164432,25.263231306300654,449.5303347106944
2025-07-30,Site_E,100,4.9205276762812815,0.4799239160973749,26.775761308631367,361.07800460315474
2025-07-31,Site_E,100,6.013662577408204,0.42099355031573704,30.027468749808865,439.81713166445644
2025-08-01,Site_E,100,6.348840627932737,0.2553732244001163,28.068554869950226,463.9955201571471
2025-08-02,Site_E,100,7.212516501319038,0.12267416716586353,27.840110976505336,530.8391507426101
2025-08-03,Site_E,100,4.758186038638684,0.498267872601404,23.07297921940919,357.22682308150473
2025-08-04,Site_E,100,6.027978368247012,0.38665054906104845,25.17269328061175,430.81324316531055
2025-08-05,Site_E,100,7.666085688855034,0.10297423880754514,22.73387257778088,550.2302353644174
2025-08-06,Site_E,100,6.0013514906744145,0.3719661951572694,28.59249497833863,405.1083895719982
2025-08-07,Site_E,100,6.750857776993383,0.20846058132114104,29.26485257392768,508.8605715151371
2025-08-08,Site_E,100,4.098326997485602,0.5945539213787732,27.495036221045428,302.7231353080322
2025-08-09,Site_E,100,6.899811917472845,0.16496101528365886,23.80350756056056,530.7257147704195
2025-08-10,Site_E,100,4.711615176274223,0.5060443339007079,28.581182294529256,334.5077695248579
2025-08-11,Site_E,100,4.203585824548012,0.6493356891926007,24.949613306656914,313.70154384539455
2025-08-12,Site_E,100,6.440684655968796,0.23967420889097077,22.86516626073998,483.3869051501426
2025-08-13,Site_E,100,5.582564222535744,0.30777002028572686,23.202261900134886,409.27846688327094
2025-08-14,Site_E,100,5.472803964632907,0.3931387477373168,24.106814921551234,389.0851902314156
2025-08-15,Site_E,100,5.5637447170816525,0.35906610372810693,24.90146379296157,436.60949096317944
2025-08-16,Site_E,100,6.129964027987134,0.09318639284273175,24.31396650397648,476.283679861719
2025-08-17,Site_E,100,6.181486252809807,0.23947149582705957,21.644884968467302,455.6497078485284
2025-08-18,Site_E,100,4.223778609989966,0.5361186227847963,26.729689520677407,317.555993011289
2025-08-19,Site_E,100,5.502983357675555,0.2729968243224327,23.833997315524275,404.35858992425887
2025-08-20,Site_E,100,3.524582409347361,0.636892031847686,22.539221185394464,254.95661336170303
2025-08-21,Site_E,100,4.322371416424259,0.5157285652383427,26.018270581221152,338.5682260372645
2025-08-22,Site_E,100,5.773930409408796,0.264955160446557,21.26125775285211,409.13183639383874
2025-08-23,Site_E,100,5.48293154699217,0.22516405508029036,20.200211602049723,405.30714664426154
2025-08-24,Site_E,100,6.313465055939255,0.13276009733882985,25.83245666772329,470.3463390159333
2025-08-25,Site_E,100,6.338502954021247,0.13803798567389045,26.89936577031763,492.2295246168666
2025-08-26,Site_E,100,5.923556938835693,0.27247723472551494,22.021175460869195,453.52273788369916
2025-08-27,Site_E,100,5.410732431494684,0.22125192469229243,22.681924776500342,383.16554745437196
2025-08-28,Site_E,100,5.2432438151040115,0.2818441941883931,20.308803344616123,390.8783499206684
2025-08-29,Site_E,100,4.25228672069955,0.5012014218312568,22.441207430532092,317.2256321704659
2025-08-30,Site_E,100,5.165522352588299,0.356253490512045,21.306773874808936,382.46745478515805
2025-08-31,Site_E,100,4.14719159267592,0.48092168360998616,21.881813088816887,314.93057043994577
2025-09-01,Site_E,100,5.410605534264605,0.29358933166396944,22.732446806307607,386.31451877683514
2025-09-02,Site_E,100,4.342982168259391,0.3434091223524368,19.54552464166698,319.80013697366485
2025-09-03,Site_E,100,4.800263754806462,0.27617317095720023,20.846154991489563,362.99509107362303
2025-09-04,Site_E,100,5.240215853798201,0.25923282808434794,17.790304382785717,398.6114984287397
2025-09-05,Site_E,100,2.8194843701846444,0.6665982092841207,20.51616063943879,211.12601322208883
2025-09-06,Site_E,100,4.94665923676434,0.2225999956299699,20.86776435999401,365.5627248071883
2025-09-07,Site_E,100,4.279378235043987,0.39028637507150554,21.341374778905212,317.8577942628599
2025-09-08,Site_E,100,5.504651111032794,0.18792127771136868,21.191671306200607,419.4523186053199
2025-09-09,Site_E,100,2.6485588905997366,0.6540773063820488,22.349853532274967,197.63181669193705
2025-09-10,Site_E,100,5.422082892717553,0.15269482354801903,17.292596832068195,391.53918410528945
2025-09-11,Site_E,100,5.499754044272223,0.17261178254658605,17.22978008284379,394.7854686022069
2025-09-12,Site_E,100,3.582423528368844,0.5218861131700214,21.09118697484928,255.09944122165226
2025-09-13,Site_E,100,4.076194324702907,0.3932327482616173,15.786868291591208,317.10193649675233
2025-09-14,Site_E,100,4.832428018384236,0.25616397315810746,20.06354372190387,368.92339472614185
2025-09-15,Site_E,100,3.8333750477726856,0.4414439664731421,17.16919231601086,284.8141902896916
2025-09-16,Site_E,100,4.816681156769384,0.29660434513898576,22.50897435455429,354.12686360929814
2025-09-17,Site_E,100,4.43254297660586,0.23006992106698437,19.698598063463393,324.68946511132333
2025-09-18,Site_E,100,4.546591217985036,0.2549915525968886,18.594559767838977,349.9878425009217
2025-09-19,Site_E,100,3.1119673938128574,0.6023632049668445,21.324371344920092,245.19450564046394
2025-09-20,Site_E,100,3.427661296523566,0.4837032298888094,16.579111164612797,250.82910262949238
2025-09-21,Site_E,100,3.1120324257442302,0.40021129701925656,16.79705760511705,239.8627495931572
2025-09-22,Site_E,100,4.0383521659504735,0.3295079548505259,15.859953025392107,301.2292657611839
2025-09-23,Site_E,100,4.567492862454337,0.25359136955956196,16.49284189526237,338.2388586632151
2025-09-24,Site_E,100,4.603371595193921,0.22571935487506772,18.18632845217011,358.5593679156696
2025-09-25,Site_E,100,3.340401931374435,0.5078744821781623,18.89434415583123,248.8722632771317
2025-09-26,Site_E,100,4.480617108531387,0.11349076812432074,19.672839971039544,336.88860357649554
2025-09-27,Site_E,100,4.9255777724284275,0.08191321353220349,13.94536406269357,369.809625041697
2025-09-28,Site_E,100,3.2932692377281825,0.4327503265562949,17.097207091988825,233.45652846780868
2025-09-29,Site_E,100,4.281214238353756,0.22267041461811926,15.072075860879757,321.80650084614297
2025-09-30,Site_E,100,2.947173962103004,0.5522427734854515,16.726698745936897,215.91974033247257
2025-10-01,Site_E,100,2.8447631774254614,0.4970515800136799,21.655909025796326,202.95430089648028
2025-10-02,Site_E,100,3.49316076461884,0.31600786967957184,17.4230996138415,256.2692558747446
2025-10-03,Site_E,100,3.103041446766202,0.49894045362715966,18.49162946067716,227.58850338086495
2025-10-04,Site_E,100,2.839784774945381,0.5229057975539544,20.468978158915586,218.1508841335661
2025-10-05,Site_E,100,2.4782674915224447,0.572227403528655,18.658823862247754,178.7774685548771
2025-10-06,Site_E,100,3.5703838528617062,0.24488240451072416,15.366448361582787,259.74355908158293
2025-10-07,Site_E,100,4.27725633021304,0.07242626522342746,13.57048330393539,320.96665390566653
2025-10-08,Site_E,100,4.888115196641611,0.015948358307271447,15.923470828709071,349.741836238209
2025-10-09,Site_E,100,2.614706775937251,0.5192852535674672,14.71174243192935,190.97544395029396
2025-10-10,Site_E,100,3.4255044238319146,0.3049656784272177,12.663329280803307,242.49279229030535
2025-10-11,Site_E,100,3.926089604209985,0.149706420472428,16.061302862213303,300.60703445378806
2025-10-12,Site_E,100,2.9322068532337853,0.34620562351302414,15.980209024027815,216.50057599805632
2025-10-13,Site_E,100,2.8491856695530284,0.31115129592300095,18.85759475839124,212.18567323748633
2025-10-14,Site_E,100,2.9287881754049447,0.33174075076411136,14.468739767556213,224.2116857575888
2025-10-15,Site_E,100,3.4243657426393472,0.2633102627296781,15.627430509069127,249.60723766819137
2025-10-16,Site_E,100,2.7464901407735716,0.4558267013603829,13.613193069547794,202.71174084366248
2025-10-17,Site_E,100,3.8199203493098546,0.14539009635465006,16.569569724627318,275.57997182274636
2025-10-18,Site_E,100,3.221420490292093,0.278427774808771,14.455188866754865,232.38361963149399
2025-10-19,Site_E,100,3.3873394411706275,0.19289275840051484,12.242596673808556,245.39333812857888
2025-10-20,Site_E,100,2.518120359586641,0.43097613112464966,14.4463880813496,184.83021609295858
2025-10-21,Site_E,100,3.562063430636197,0.18997629404518687,15.142159667224572,262.3094958411943
2025-10-22,Site_E,100,3.2919788055035455,0.11322783313393725,14.76170636115672,247.37190469307635
2025-10-23,Site_E,100,2.4395378935483576,0.38036891809333223,16.235294880204595,176.8809318977283
2025-10-24,Site_E,100,2.8726860484656203,0.363691266064873,11.142058618092467,216.0577304921591
2025-10-25,Site_E,100,3.1023896486319456,0.09835973530909621,12.249715356760671,234.47734292202486
2025-10-26,Site_E,100,2.8115451658798185,0.5298797834208773,15.114194149131917,206.50558724916368
2025-10-27,Site_E,100,2.669072701539917,0.3573692424359294,12.285920056838764,194.02883210177464
2025-10-28,Site_E,100,3.0126388953310954,0.24211707399507496,14.121687704474049,224.9921137639164
2025-10-29,Site_E,100,3.2083755931736317,0.04554165254028526,8.708018931645842,237.54206130599542
2025-10-30,Site_E,100,2.180582246114245,0.46963875377395287,18.888671447127496,163.50654909601138
2025-10-31,Site_E,100,2.4110330376915825,0.35900849112701533,12.829141656386213,188.05500045934764
2025-11-01,Site_E,100,2.227074143556954,0.40780250580682015,15.67084933288334,166.23301042062786
2025-11-02,Site_E,100,2.5282857580786158,0.3934533351281936,12.526082309097662,184.7141284425203
2025-11-03,Site_E,100,3.030585809061139,0.07167200457050205,13.948823831166845,219.7043745722329
2025-11-04,Site_E,100,2.904646268473692,0.25647990188704956,16.025446385341457,210.8225141812848
2025-11-05,Site_E,100,2.6746676195626917,0.507180766788446,15.298054015169928,190.4786132974926
2025-11-06,Site_E,100,2.867001180470437,0.10927747988491361,12.485043739687388,219.51939311670458
2025-11-07,Site_E,100,2.5090883116839273,0.29249717640138134,12.553655088618681,174.36196668881712
2025-11-08,Site_E,100,2.936920820640049,0.12192287676596913,14.764225898435637,221.9488992248526
2025-11-09,Site_E,100,2.5023142323883447,0.44942133018578706,17.359249498190806,181.51961819339743
2025-11-10,Site_E,100,2.336585047712669,0.30471676066112374,13.015751885843768,171.352004142199
2025-11-11,Site_E,100,1.80806187848829,0.4436783590358585,16.486515847179078,131.03357277592283
2025-11-12,Site_E,100,1.7311154753552542,0.4189528258269907,12.033555379037871,134.52109350617454
2025-11-13,Site_E,100,1.518719872009069,0.6408743066505244,14.367110760715148,113.1638604100836
2025-11-14,Site_E,100,1.4108735733749997,0.6377385813569518,14.615133354621609,107.56654068583528
2025-11-15,Site_E,100,3.1692776657708968,0.10174202612083834,11.545373506652966,245.23816136483666
2025-11-16,Site_E,100,2.453391982403426,0.39441588289699137,10.826466011156075,183.60747366691442
2025-11-17,Site_E,100,1.1553620116013557,0.6659889245547499,14.569596410804094,82.95602169222732
2025-11-18,Site_E,100,1.874017852925201,0.35465289797165545,11.176780619190204,138.63635467767352
2025-11-19,Site_E,100,1.2948609400570013,0.7180812708236378,10.415163258194294,94.28115921978343
2025-11-20,Site_E,100,2.5372142154023445,0.2678590657150727,10.802815476601983,186.0898746367787
2025-11-21,Site_E,100,1.6938674551182207,0.5071194633934764,11.069291823510873,125.78086786296977
2025-11-22,Site_E,100,1.1610216003402853,0.6761793305646111,13.826458306927952,86.10981564001851
2025-11-23,Site_E,100,2.328278636195843,0.15810975561979926,13.11894470661783,175.5210213952627
2025-11-24,Site_E,100,1.9189144490957326,0.282168424787864,13.498747996841638,145.28087067244846
2025-11-25,Site_E,100,1.4417088632592712,0.6735862009134714,12.891706511189192,106.92324659893507
2025-11-26,Site_E,100,1.696497516625486,0.3672551094983738,10.845730657965023,127.85516371048081
2025-11-27,Site_E,100,1.5771697231160424,0.4467203943349487,13.415034103162624,115.50350777993924
2025-11-28,Site_E,100,1.8489232361472565,0.5159850719025716,14.376110497360273,143.1026400246989
2025-11-29,Site_E,100,1.8605287020355,0.24801605571262658,13.173543625365046,136.18433378288094
2025-11-30,Site_E,100,1.273665759652091,0.4619179107831346,12.900145226704323,98.24168742722577
2025-12-01,Site_E,100,1.757276564731768,0.402516634030268,10.465983589496744,125.0488981372925
2025-12-02,Site_E,100,1.975306369693819,0.21624277055289406,12.425949138150047,145.39642178388556
2025-12-03,Site_E,100,2.093934037581763,0.2625801541592067,10.367017228705762,154.3573179741046
2025-12-04,Site_E,100,1.2498011072285722,0.6916756785075089,11.96759007228315,93.83238985942438
2025-12-05,Site_E,100,2.0906451052246124,0.17558043974331478,8.746216990467813,159.68060552387377
2025-12-06,Site_E,100,1.4481638213442616,0.5211991290767134,8.775693232544022,103.77834171146151
2025-12-07,Site_E,100,1.5620910337699256,0.3589264267555552,11.67572555116642,112.43444292374683
2025-12-08,Site_E,100,1.4824405601341037,0.5133936079299621,10.980898562166697,105.72677902707953
2025-12-09,Site_E,100,1.7002016251188605,0.49909364200177775,12.314249436074816,131.59251376933582
2025-12-10,Site_E,100,1.4933988629773247,0.3498770023114147,11.856968417829899,112.17401241455764
2025-12-11,Site_E,100,1.943261302085391,0.22763956923246462,12.215643406899387,139.96466901790149
2025-12-12,Site_E,100,1.4966397308229462,0.6273288527395445,13.404150181997387,109.93849613411174
2025-12-13,Site_E,100,1.4860361125019395,0.5547387883630139,11.294978673621769,114.55075479050468
2025-12-14,Site_E,100,1.994324652241614,0.37596360806974133,11.820107824986067,147.22764882400907
2025-12-15,Site_E,100,1.5575415663457954,0.3547354714291741,15.209403227011258,114.77582372441044
2025-12-16,Site_E,100,1.5727907515238992,0.16168819248519367,12.348768877101504,114.33802893513563
2025-12-17,Site_E,100,1.497462520445921,0.4967434132656958,12.030281212026214,108.0453873333823
2025-12-18,Site_E,100,1.2847792809308918,0.6421575507959182,12.602677132727319,99.03458503051408
2025-12-19,Site_E,100,2.3808970234951325,0.15217081977280522,12.166706091029402,186.13244242848694
2025-12-20,Site_E,100,2.3009537302482346,0.1717768330804064,11.124891539822123,166.21677903397762
2025-12-21,Site_E,100,1.9873005293114816,0.2590778268847346,10.605379746221606,154.16418956795545
2025-12-22,Site_E,100,2.1162476173821267,0.21780853126946473,11.134765031470739,155.2222411862797
2025-12-23,Site_E,100,1.7036571376988032,0.318964252019161,14.470421537749608,128.8422877589102
2025-12-24,Site_E,100,1.4706539949387054,0.306332596483547,11.530476613396829,114.0981036641277
2025-12-25,Site_E,100,2.0794466405370664,0.14932468160503218,12.548870914474112,154.10616287262465
2025-12-26,Site_E,100,1.4091000108551222,0.6626736639530643,14.331334442239434,103.85048099340874
2025-12-27,Site_E,100,2.195059794769721,0.1653556385807813,12.446908961855609,167.30720285807368
2025-12-28,Site_E,100,1.9850081514063747,0.3144710018632933,14.346909165091818,142.82467459470485
2025-12-29,Site_E,100,1.8755625269294216,0.1999326332678643,10.07773881570463,144.40015060738935
2025-12-30,Site_E,100,1.259217855596794,0.5781585802995173,12.976049589473774,94.12265637803961
2025-12-31,Site_E,100,1.9599119198319086,0.289757138980161,13.483228645901047,143.34211163060758
