date,site,expected_kwh,actual_kwh,residual_kwh,pct_gap,rolling_gap_7d,is_anomaly
2025-01-01,Site_A,74.74568733573251,74.70854629964278,-0.037141036089735735,-0.049689871634882,,False
2025-01-02,Site_A,101.20612660752826,96.03779091916542,-5.168335688362845,-5.106741915344082,,False
2025-01-03,Site_A,54.05308860899294,55.84614425315782,1.7930556441648804,3.317212189548343,-0.6130731991435404,False
2025-01-04,Site_A,96.85132202535489,93.69123508336303,-3.160086941991864,-3.2628227224039117,-1.2755105799586333,False
2025-01-05,Site_A,52.30464481941439,53.531129600786706,1.2264847813723136,2.344886932330469,-0.5514310775008128,False
2025-01-06,Site_A,96.36778087612386,95.29237412096538,-1.0754067551584825,-1.1159401465733303,-0.6455159223462323,False
2025-01-07,Site_A,58.69153206640428,60.883785630462725,2.192253564058447,3.7352127076493864,-0.019697546632572584,False
2025-01-08,Site_A,84.3778339921973,89.0249939963745,4.647160004177209,5.507560201897276,0.7741953210148785,False
2025-01-09,Site_A,91.48565134121036,87.40538500774252,-4.080266333467833,-4.46000686845397,0.8665860419991803,False
2025-01-10,Site_A,65.26329964980552,63.99927672764687,-1.2640229221586452,-1.9368051093665657,0.11601214215419331,False
2025-01-11,Site_A,68.2508145524367,69.57441894157941,1.3236043891427158,1.9393239448091837,0.8591759517560641,False
2025-01-12,Site_A,106.18673892012104,101.71561958283098,-4.471119337290062,-4.210619313446909,-0.07732494049784704,False
2025-01-13,Site_A,81.16983497616162,83.18508522515147,2.015250248989844,2.482757602724821,0.4367747379733174,False
2025-01-14,Site_A,77.51629550953963,79.07002981337664,1.553734303837004,2.004397002751237,0.18951535155929614,False
2025-01-15,Site_A,95.63705719861616,96.39679332608186,0.7597361274657004,0.7943951327233997,-0.48379394403697196,False
2025-01-16,Site_A,64.11443937463633,64.46287947550425,0.34844010086791855,0.5434658779934078,0.23098787688408207,False
2025-01-17,Site_A,96.24915331703308,99.20561104237758,2.9564577253445066,3.071671410559106,0.9464845225877495,False
2025-01-18,Site_A,71.26708996601062,68.50364490318714,-2.763445062823479,-3.877589311057106,0.11549691460685096,False
2025-01-19,Site_A,111.2957890655822,111.14290903081528,-0.15288003476692325,-0.1373637188347145,0.6973905709800217,False
2025-01-20,Site_A,94.82881645566741,92.28445933434047,-2.5443571213269394,-2.683105427680234,-0.04058986193498632,False
2025-01-21,Site_A,92.66061967803473,95.00349104072612,2.3428713626913833,2.5284434432147043,0.03427391527408043,False
2025-01-22,Site_A,74.80855941489828,70.92746035796385,-3.8810990569344312,-5.188041431742238,-0.8203598796495821,False
2025-01-23,Site_A,106.3122137510626,105.57884270699994,-0.7333710440626646,-0.689827648382813,-0.9965446691318994,False
2025-01-24,Site_A,113.47561632728372,115.12708597667522,1.651469649391501,1.455351997937928,-1.2274474423634965,False
2025-01-25,Site_A,97.12280121670928,93.95841730111732,-3.164383915591955,-3.258126697284289,-1.138952783253094,False
2025-01-26,Site_A,95.79029324013207,93.5012588931503,-2.2890343469817793,-2.3896307961428924,-1.460705222868548,False
2025-01-27,Site_A,90.51141399001428,91.01328480516838,0.5018708151541063,0.5544834546607298,-0.9981925253912672,False
2025-01-28,Site_A,77.88486314887324,79.31005024564388,1.4251870967706424,1.8298640315339125,-1.0979895842028091,False
2025-01-29,Site_A,106.64600611123207,103.02495501991194,-3.621051091320126,-3.3953930609866068,-0.8418969598091474,False
2025-01-30,Site_A,93.17370528221764,90.61394277987188,-2.5597625023457624,-2.747301392160367,-1.1358217803487978,False
2025-01-31,Site_A,108.34664017286406,111.19154455374314,2.844904380879086,2.6257430561207253,-0.9686230577512555,False
2025-02-01,Site_A,113.13719385328793,112.19698435419161,-0.9402094990963121,-0.8310348410404632,-0.6218956497164232,False
2025-02-02,Site_A,97.50569531934482,95.43234036572346,-2.0733549536213616,-2.1263936909847505,-0.5842903489795458,False
2025-02-03,Site_A,111.66384436542235,112.87481692588295,1.210972560460604,1.0844804487454955,-0.5085764926817221,False
2025-02-04,Site_A,116.21552801894613,113.93409033328852,-2.2814376856576075,-1.9631091684113626,-1.0504298069596185,False
2025-02-05,Site_A,82.38230436008355,84.35184830014047,1.9695439400569228,2.3907366458800103,-0.22383984883581615,False
2025-02-06,Site_A,100.17040033952001,98.67945667599392,-1.490943663526096,-1.4884074122421942,-0.04399785170464859,False
2025-02-07,Site_A,66.17935629026759,67.26677535326415,1.0874190629965597,1.6431393775228917,-0.18436980579005338,False
2025-02-08,Site_A,113.62511285011777,116.52718761025507,2.902074760137296,2.5540786603797754,0.2992178372699807,False
2025-02-09,Site_A,142.1348940579612,140.80642288620854,-1.3284711717526534,-0.9346551953744139,0.4694661937857431,False
2025-02-10,Site_A,124.41415100675377,126.53874094516998,2.1245899384162072,1.7076754703738442,0.5584940540183643,False
2025-02-11,Site_A,115.04171710092835,114.50658679527061,-0.535130305657745,-0.46516195962918794,0.7724865124158179,False
2025-02-12,Site_A,83.37137044361624,89.74013451548224,6.368764071865996,7.639030086680858,1.5222427182445106,False
2025-02-13,Site_A,137.09554544294923,143.14218522158862,6.046639778639388,4.410529721518654,2.364948023067489,False
2025-02-14,Site_A,122.11398370729181,117.39297183179758,-4.721011875494227,-3.8660698244113716,1.5779181370768798,False
2025-02-15,Site_A,107.40201092611014,109.6047675084814,2.202756582371265,2.0509453811686127,1.506041954332428,False
2025-02-16,Site_A,132.24222045158865,128.98972051773143,-3.252499933857223,-2.459501906993388,1.2882067098154315,False
2025-02-17,Site_A,100.67548539298043,102.12304459965713,1.4475592066767007,1.4378467618271165,1.2496597514516135,False
2025-02-18,Site_A,88.39277164170483,89.5513498816686,1.1585782399637736,1.310716044361643,1.5033566091645891,False
2025-02-19,Site_A,153.47599002359158,148.6603251151297,-4.815664908461883,-3.137731776626196,-0.03618079987927558,False
2025-02-20,Site_A,106.86151086192658,111.01645266156561,4.154941799639033,3.8881555820481926,-0.11080567694648437,False
2025-02-21,Site_A,122.1582505117875,123.5738794747532,1.4156289629656982,1.1588484257386273,0.6070397873606582,False
2025-02-22,Site_A,128.5643383576175,127.88548127614075,-0.6788570814767354,-0.5280290710075535,0.238614865621206,False
2025-02-23,Site_A,131.90747472469204,130.13834374485634,-1.769130979835694,-1.3411908487582673,0.3983735882262232,False
2025-02-24,Site_A,112.75613661847184,114.63123386520009,1.8750972467282452,1.6629669151160547,0.430533610124643,False
2025-02-25,Site_A,166.05273515450094,168.42381871158753,2.3710835570865925,1.4279099678065876,0.44727559918820653,False
2025-02-26,Site_A,174.09221990982198,174.30871114189338,0.2164912320714052,0.12435434058084013,0.9132879016463545,False
2025-02-27,Site_A,114.84593573450164,105.85950937320015,-8.986426361301483,-7.824766548183394,-0.7599866883867293,False
2025-02-28,Site_A,131.7596628867602,132.7736677749122,1.0140048881520158,0.7695867353755257,-0.8155955012957438,False
2025-03-01,Site_A,109.48137276421826,106.0854875370012,-3.3958852272170645,-3.101792699047102,-1.183276019587108,False
2025-03-02,Site_A,174.85512522239392,174.31561664112849,-0.5395085812654372,-0.30854604952485637,-1.0357553339823349,False
2025-03-03,Site_A,114.86704985589782,111.19282279736989,-3.674227058527933,-3.1986780048214847,-1.7302760368305548,False
2025-03-04,Site_A,126.197461871389,121.7013861942852,-4.496075677103789,-3.5627306686134883,-2.4432246991762803,False
2025-03-05,Site_A,156.69295311010373,163.70886934109106,7.0159162309873295,4.477493142947815,-1.8213477274095695,False
2025-03-06,Site_A,174.37402161264365,173.24278822852875,-1.1312333841148927,-0.648739630853859,-0.7962010249339214,False
2025-03-07,Site_A,148.69726632350793,148.32259654026007,-0.37466978324786737,-0.25196817164932295,-0.9421374402231855,False
2025-03-08,Site_A,176.7529451451663,180.22028558775028,3.467340442583975,1.9616875066699826,-0.21878312512074485,False
2025-03-09,Site_A,69.86546995680052,71.42808868329215,1.5626187264916211,2.236610914458638,0.1448107268768972,False
2025-03-10,Site_A,179.20016589253507,191.3267972225887,12.126631330053641,6.767087111585536,1.568491457792186,False
2025-03-11,Site_A,179.66083501339992,178.96207312409493,-0.6987618893049898,-0.38893389828276875,2.02189099641086,False
2025-03-12,Site_A,145.18035490781125,148.11681845623863,2.9364635484273833,2.0226314712428013,1.6711964718815724,False
2025-03-13,Site_A,214.0480194014023,221.13369986544106,7.085680464038745,3.310322834966781,2.2367768241416637,False
2025-03-14,Site_A,174.14340524480028,183.31941435253063,9.176009107730351,5.269225725103556,3.025518809392075,False
2025-03-15,Site_A,168.13447692398404,165.52029112026187,-2.6141858037221652,-1.5548184117550592,2.5231608210456407,False
2025-03-16,Site_A,156.12560544305873,155.278539410802,-0.8470660322567198,-0.5425542016973359,2.1261372330233588,False
2025-03-17,Site_A,196.837947016934,203.74418529011803,6.906238273184016,3.508590888010974,1.6606377725127068,False
2025-03-18,Site_A,136.86217412292834,141.90069821168774,5.038524088759402,3.681458460709419,2.2421223952258766,False
2025-03-19,Site_A,100.09790362390677,105.03993213954946,4.94202851564269,4.937194822991644,2.658488588332854,False
2025-03-20,Site_A,197.22550740242605,190.8621617388848,-6.363345663541253,-3.226431381696107,1.724666557381013,False
2025-03-21,Site_A,204.07542787485465,214.3683653692952,10.292937494440537,5.043692717749676,1.6924475563304586,False
2025-03-22,Site_A,222.39567860815472,218.3219927362326,-4.073685871922123,-1.8317288795434132,1.6528889180749797,False
2025-03-23,Site_A,217.37460471075983,218.95684425872003,1.5822395479601994,0.7278861070572334,1.8343803907542036,False
2025-03-24,Site_A,159.4609609459123,160.2863144019214,0.8253534560091111,0.5175896665322764,1.4070945019715329,False
2025-03-25,Site_A,190.26551588265352,184.41942012298563,-5.8460957596678895,-3.0725986958527343,0.44222919389122495,False
2025-03-26,Site_A,212.3608752631979,203.4395958870978,-8.921279376100102,-4.200999532066893,-0.8632271425457088,False
2025-03-27,Site_A,165.10592044776877,156.9103179106147,-8.195602537154059,-4.963845339360036,-1.1114291364976985,False
2025-03-28,Site_A,171.71724641853137,171.48300423037384,-0.2342421881575376,-0.13641156787863487,-1.8514440344446004,False
2025-03-29,Site_A,185.87127935638065,178.81700695573537,-7.054272400645289,-3.7952460568799156,-2.1319464883498145,False
2025-03-30,Site_A,161.96021490620276,156.65372843053854,-5.306486475664229,-3.276413580173016,-2.703989300811279,False
2025-03-31,Site_A,222.06093209900533,221.55985017018895,-0.5010819288163759,-0.2256506464599409,-2.810166488381596,False
2025-04-01,Site_A,190.35851936331287,174.92992242862482,-15.428596934688045,-8.105020456290408,-3.529083882729835,False
2025-04-02,Site_A,200.73171753015893,206.19338802334696,5.461670493188024,2.720880666189405,-2.5402438544075068,False
2025-04-03,Site_A,195.74118673343744,182.9395180692522,-12.801668664185257,-6.5400996478164375,-2.7654230413298495,False
2025-04-04,Site_A,205.10226267733552,204.40313537812608,-0.6991272992094366,-0.3408676677103731,-2.7946310555915264,False
2025-04-05,Site_A,194.89755230514098,197.14472148134354,2.2471691762025614,1.1530002042736203,-2.087738732569593,False
2025-04-06,Site_A,182.22476726712932,186.16333548199862,3.938568214869292,2.1613791988525985,-1.3109111927087906,False
2025-04-07,Site_A,190.82970648224133,192.94642136026403,2.116714878022691,1.1092166503015992,-1.1202158645999991,False
2025-04-08,Site_A,250.3270340480712,262.67153151336163,12.34449746529043,4.931348111175189,0.7421225021808004,False
2025-04-09,Site_A,230.11788479546902,229.00418840991935,-1.113696385549673,-0.4839677657125768,0.2842870119090888,False
2025-04-10,Site_A,226.87061843084862,234.50856924752205,7.637950816673424,3.366654910848014,1.6995376631468677,False
2025-04-11,Site_A,220.57405354498587,214.25022353338514,-6.323830011600734,-2.866987258912116,1.3386634358323328,False
2025-04-12,Site_A,147.38344081821018,147.12420076496286,-0.2592400532473107,-0.17589496608853764,1.1488212686377388,False
2025-04-13,Site_A,250.52080599040377,258.60125492480853,8.080448934404757,3.2254602177490517,1.3008328427658036,False
2025-04-14,Site_A,241.36631836342224,237.74018046240698,-3.6261379010152552,-1.5023379921449622,0.9277536081305805,False
2025-04-15,Site_A,241.41621221283444,240.19117912982003,-1.2250330830144094,-0.5074361294072539,0.15078443090451726,False
2025-04-16,Site_A,234.55418204214806,241.0293082195093,6.475126177361233,2.7606099882702964,0.6142955386163563,False
2025-04-17,Site_A,249.35029718520923,241.7518311610141,-7.598466024195119,-3.047305782255085,-0.3019845603983721,False
2025-04-18,Site_A,216.51689782973284,202.04526180192573,-14.471636027807108,-6.683836768799213,-0.8472487760965288,False
2025-04-19,Site_A,219.9448737106511,221.33366325903341,1.3887895483823058,0.6314261955517684,-0.7319171815764852,False
2025-04-20,Site_A,242.77134653271062,247.61259054678223,4.841244014071606,1.9941579116377741,-0.9078175110209534,False
2025-04-21,Site_A,293.3754581665494,277.83735950543826,-15.538098661111121,-5.296318498560345,-1.4498147262231509,False
2025-04-22,Site_A,182.08628257663406,183.06012415578772,0.9738415791536568,0.5348242412186097,-1.3009203875623132,False
2025-04-23,Site_A,243.02720412365727,244.83257002191252,1.8053658982552463,0.7428657646642056,-1.5891695623631834,False
2025-04-24,Site_A,146.83217701937048,136.2508053083102,-10.581371711060285,-7.2064393008791,-2.1833314935951855,False
2025-04-25,Site_A,181.71159322785775,175.06103655555967,-6.65055667229808,-3.659951769812836,-1.7513479223114174,False
2025-04-26,Site_A,197.21165936602287,189.35043435799065,-7.861225008032221,-3.9861867362729635,-2.4110069125720934,False
2025-04-27,Site_A,194.59155505091445,194.84696971068195,0.2554146597674958,0.1312568059290482,-2.6771356419590546,False
2025-04-28,Site_A,186.4072702028464,182.12910521826942,-4.278164984576989,-2.295063373827392,-2.2483849098543467,False
2025-04-29,Site_A,184.76596423423294,176.9659416519646,-7.800022582268326,-4.221568953240771,-2.9278696519199725,False
2025-04-30,Site_A,217.39186707172297,226.56371048281898,9.171843411096006,4.219037048000507,-2.4312737543005007,False
2025-05-01,Site_A,229.967652101296,225.36577256487854,-4.601879536417471,-2.0010986303371214,-1.6876536585087896,False
2025-05-02,Site_A,173.69336640043844,168.8741939195655,-4.819172480872936,-2.7745288036865245,-1.561164663347888,False
2025-05-03,Site_A,250.84707888645175,243.5457373905318,-7.3013414959199565,-2.910674315336547,-1.4075200317855427,False
2025-05-04,Site_A,269.0271356848028,271.7597900035013,2.7326543186985077,1.0157541586809058,-1.281163267106706,False
2025-05-05,Site_A,195.0629612446985,191.663013268297,-3.3999479764015064,-1.7430002880641244,-1.2022971119976678,False
2025-05-06,Site_A,228.73145702173005,221.58684350353153,-7.1446135181985255,-3.1235815183565983,-1.0454417641570717,False
2025-05-07,Site_A,298.26345978014217,290.04546099255884,-8.217998787583326,-2.7552817880007927,-2.0417730264429714,False
2025-05-08,Site_A,269.87439692657085,259.1749236345794,-10.699473291991467,-3.964612209917285,-2.3222749663829947,False
2025-05-09,Site_A,278.6637413630306,271.85158971854617,-6.812151644484459,-2.4445776874896303,-2.2751390926405817,False
2025-05-10,Site_A,168.88748686211176,169.24319140041445,0.3557045383026889,0.21061627768379546,-1.8292404364948183,False
2025-05-11,Site_A,268.1645597241932,256.80372532947126,-11.360834394721962,-4.236515968555487,-2.5795647403857314,False
2025-05-12,Site_A,307.374552021746,311.9502625925444,4.575710570798378,1.4886432662371665,-2.117901375485547,False
2025-05-13,Site_A,217.3182096674316,223.38178598640502,6.063576318973418,2.7901832654763195,-1.2730778349379874,False
2025-05-14,Site_A,295.82963862376755,293.55012540284054,-2.279513220927015,-0.7705493038262037,-0.989544622913046,False
2025-05-15,Site_A,327.7314878962888,314.60438059167353,-13.127107304615265,-4.0054458571796925,-0.9953780010933899,False
2025-05-16,Site_A,226.3534544379442,213.44941725988417,-12.904037178060037,-5.700835098851003,-1.4605576312878716,False
2025-05-17,Site_A,251.8578968406208,255.15298190527406,3.29508506465325,1.3083111969041916,-1.3037440713992436,False
2025-05-18,Site_A,261.2759522247564,248.0645345032254,-13.211417721531006,-5.056499692771649,-1.4208846034301241,False
2025-05-19,Site_A,234.60772649934458,237.33104621339265,2.723319714048074,1.1607971121341913,-1.4677197683019776,False
2025-05-20,Site_A,219.59281144093578,221.04696784997637,1.4541564090405927,0.6622058342887601,-1.7717165441859144,False
2025-05-21,Site_A,233.69879012146828,229.28092782391872,-4.417862297549561,-1.8904087159601104,-1.9316964602050442,False
2025-05-22,Site_A,269.79701468151995,267.5930739092744,-2.2039407722455735,-0.8168884947993958,-1.4761882655792873,False
2025-05-23,Site_A,291.5409000531686,270.8092577572204,-20.731642295948234,-7.111057931208754,-1.6776486702018236,False
2025-05-24,Site_A,337.2088169930894,339.6960301798496,2.4872131867601865,0.7375884204152225,-1.7591804954145334,False
2025-05-25,Site_A,233.9414342845777,234.00851483386305,0.06708054928535034,0.028674077976178564,-1.032727099593415,False
2025-05-26,Site_A,272.7696868583356,261.9242318816799,-10.84545497665573,-3.97604847575617,-1.7665621835777523,False
2025-05-27,Site_A,296.5560184813525,291.9272550429491,-4.628763438403382,-1.560839487293845,-2.0841400866609816,False
2025-05-28,Site_A,334.56344820370504,330.3218998856307,-4.241548318074308,-1.2677859284531776,-1.9951939741599911,False
2025-05-29,Site_A,285.0691308320395,285.4674769298888,0.39834609784929853,0.13973666551921432,-1.8585332369716185,False
2025-05-30,Site_A,226.1873342386899,222.75523400642453,-3.432100232265384,-1.5173706537624132,-1.0594350544792839,False
2025-05-31,Site_A,262.031074779581,243.2259292809245,-18.805145498656486,-7.176685251730264,-2.1900455790714966,False
2025-06-01,Site_A,317.09717947146595,307.7285785440732,-9.368600927392777,-2.954488886658739,-2.6162117168764842,False
2025-06-02,Site_A,292.53067920872587,288.2443797965353,-4.2862994121905444,-1.4652478241887898,-2.2575259095097158,False
2025-06-03,Site_A,323.4964933402851,318.44873851462694,-5.04775482565816,-1.560373892630867,-2.2574593959864333,False
2025-06-04,Site_A,329.8167581459414,316.4702823664655,-13.346475779475895,-4.0466336078563305,-2.654437635901169,False
2025-06-05,Site_A,191.14964388002076,201.96841534041766,10.818771460396903,5.659843900722902,-1.8658508880149287,False
2025-06-06,Site_A,304.2388736542611,283.5511738303903,-20.687699823870787,-6.799821329663616,-2.6204866988579574,False
2025-06-07,Site_A,218.92704188966385,212.85702956089378,-6.070012328770076,-2.7726188032217953,-1.9913343490710333,False
2025-06-08,Site_A,300.29004732759904,296.5038450405075,-3.7862022870915553,-1.2608484099911004,-1.7493857095470848,False
2025-06-09,Site_A,232.62146333557183,227.29670189683804,-5.324761438733788,-2.2890241349107443,-1.867068039650221,False
2025-06-10,Site_A,243.37342186715867,230.8497468850808,-12.523674982077864,-5.145867977693022,-2.379281480373386,False
2025-06-11,Site_A,272.1681889824305,276.1533930740279,3.9852040915974385,1.4642431602668668,-1.592013370641501,False
2025-06-12,Site_A,248.07431428103797,247.2028169904678,-0.8714972905701757,-0.35130492775760547,-2.450748917567288,False
2025-06-13,Site_A,243.87653486025883,238.6586685872614,-5.2178662729974405,-2.139552407527553,-1.784996214404993,False
2025-06-14,Site_A,226.09276844904846,226.077343899217,-0.015424549831465129,-0.006822221664706253,-1.3898824170396946,False
2025-06-15,Site_A,351.6622724927847,342.72791992130215,-8.934352571482577,-2.5406059365284595,-1.5727049208307455,False
2025-06-16,Site_A,322.6851432498779,305.1332907600487,-17.55185248982923,-5.43931223887726,-2.0227460785402482,False
2025-06-17,Site_A,150.65889278182232,148.86774431000737,-1.7911484718149495,-1.1888766993720132,-1.4574616102086753,False
2025-06-18,Site_A,333.807753505135,327.08018609444366,-6.727567410691336,-2.0154017814292158,-1.954553744736687,False
2025-06-19,Site_A,313.165597762062,310.0460635528061,-3.119534209255903,-0.9961292784228724,-2.0466715091174392,False
2025-06-20,Site_A,280.5909320999329,275.15433917111784,-5.43659292881506,-1.9375511846116282,-2.0178141915580214,False
2025-06-21,Site_A,283.3901905853969,280.7100486269414,-2.680141958455522,-0.9457426712333175,-2.151945684353538,False
2025-06-22,Site_A,224.48122941578487,216.649638872678,-7.83159054310687,-3.488750735858263,-2.2873949414006525,False
2025-06-23,Site_A,237.81144025910638,235.7984497720445,-2.0129904870618702,-0.8464649492339922,-1.6312739000230427,False
2025-06-24,Site_A,209.30379943657994,210.5834415615848,1.2796421250048695,0.6113802656471161,-1.3740943335917384,False
2025-06-25,Site_A,326.724627006879,322.71148709738253,-4.013139909496488,-1.22829428141393,-1.2616504050181263,False
2025-06-26,Site_A,362.4018189760042,345.21129252472576,-17.19052645127846,-4.743498942652023,-1.7969889284794331,False
2025-06-27,Site_A,225.12841566825162,215.86864700650312,-9.259768661748495,-4.1131052400749155,-2.1077823649741885,False
2025-06-28,Site_A,303.39541781562536,308.81101513320704,5.415597317581671,1.7849964104839422,-1.7176767818717231,False
2025-06-29,Site_A,316.04203231343007,330.1826381740895,14.140605860659434,4.474280132028671,-0.580100943602161,False
2025-06-30,Site_A,196.0231350096667,203.00120792154092,6.9780729118742215,3.559821095367189,0.0493684913408648,False
2025-07-01,Site_A,315.3917193895472,313.9955478771753,-1.3961715123718932,-0.44267855702560516,-0.10121134046952392,False
2025-07-02,Site_A,302.871668972892,284.6936834043806,-18.177985568511417,-6.00187717463214,-0.7831517537864111,False
2025-07-03,Site_A,279.461348027208,277.4182767289824,-2.043071298225584,-0.7310747309594576,-0.20994829497318748,False
2025-07-04,Site_A,260.48969599915824,268.6159954686064,8.126299469448156,3.1196241518414674,0.8232987610148672,False
2025-07-05,Site_A,313.9314464287687,316.50011061103623,2.5686641822675256,0.8182245555481036,0.685188496024033,False
2025-07-06,Site_A,226.1049517866981,220.75724255144226,-5.347709235255849,-2.365144678609581,-0.29187219121000296,False
2025-07-07,Site_A,320.2869352654777,319.5451501985055,-0.741785066972227,-0.2316001638834816,-0.8335037996743845,False
2025-07-08,Site_A,200.95389531398126,190.3202505819849,-10.633644731996355,-5.291584278762933,-1.5262046170654313,False
2025-07-09,Site_A,184.71843388037206,182.89245302692868,-1.825980853443383,-0.9885211860479125,-0.8100109044105416,False
2025-07-10,Site_A,275.3913807635098,263.87810836146235,-11.513272402047448,-4.1806945337677,-1.3028137333831478,False
2025-07-11,Site_A,251.412209281387,251.46172039076356,0.04951110937656722,0.01969320007094529,-1.745661012207508,False
2025-07-12,Site_A,303.73016809626534,306.1822345100432,2.4520664137778567,0.8073173728994514,-1.7472191811573157,False
2025-07-13,Site_A,143.1574494020804,142.40889677100702,-0.7485526310733803,-0.5228876556545455,-1.4840396064494532,False
2025-07-14,Site_A,329.6113216305891,318.0465341496537,-11.564787480935365,-3.50861354632004,-1.9521843753689616,False
2025-07-15,Site_A,252.9623895569686,252.5262149798815,-0.43617457708708685,-0.17242665119150363,-1.2208761428587576,False
2025-07-16,Site_A,183.26812110005625,182.73281342487266,-0.5353076751835886,-0.2920899019264427,-1.121385959412833,False
2025-07-17,Site_A,298.36379664611167,290.5414429407355,-7.822353705376145,-2.6217502905200702,-0.898679638948886,False
2025-07-18,Site_A,259.39067189830894,255.05129334432925,-4.339378553979685,-1.672912338066223,-1.1404804301113385,False
2025-07-19,Site_A,299.07884587030134,291.3811944690129,-7.697651401288454,-2.573786647761313,-1.6234952902057334,False
2025-07-20,Site_A,208.53222339743186,201.02321938596302,-7.509004011468846,-3.6008842610179173,-2.0632090909719296,False
2025-07-21,Site_A,210.21104557101265,200.57311465587958,-9.637930915133069,-4.584883201048169,-2.2169618987902338,False
2025-07-22,Site_A,311.3947406582795,292.8478622195675,-18.546878438711985,-5.95606669512286,-3.043196190780427,False
2025-07-23,Site_A,311.09605845656444,308.3153708168796,-2.7806876396848565,-0.8938357025417277,-3.129159876582611,False
2025-07-24,Site_A,355.18818836197164,353.6102984931231,-1.5778898688485583,-0.44424052391081587,-2.8180870527812893,False
2025-07-25,Site_A,311.82099048736234,309.70104545352217,-2.1199450338401675,-0.6798596305292943,-2.676222380276013,False
2025-07-26,Site_A,253.14155459859558,253.44567984328984,0.30412524469426216,0.12014038753001696,-2.2913756609486806,False
2025-07-27,Site_A,192.57104965332258,201.58365269125218,9.012603037929608,4.680144317723049,-1.1083715782713994,False
2025-07-28,Site_A,240.6103075567317,238.08960492984986,-2.5207026268818424,-1.047628695743845,-0.6030495060850676,False
2025-07-29,Site_A,261.2616912669453,266.7116382165247,5.449946949579385,2.0860107439214564,0.5458186994926919,False
2025-07-30,Site_A,205.9817573980529,197.22841420066112,-8.753343197391786,-4.249572053352395,0.06642779223402519,False
2025-07-31,Site_A,251.77967007520988,260.0457085706156,8.266038495405724,3.2830444542788344,0.5988970748325466,False
2025-08-01,Site_A,266.63453585130156,255.81580347273913,-10.81873237856243,-4.057513534029174,0.1163750886182781,False
2025-08-02,Site_A,303.32669895179384,295.7285138619287,-7.598185089865126,-2.5049509707263407,-0.25863796256120153,False
2025-08-03,Site_A,199.23399987214648,198.01460213620416,-1.219397735942323,-0.6120429930257092,-1.0146647212395956,False
2025-08-04,Site_A,252.69612545996685,243.57031262664268,-9.125812833324176,-3.6113782182900644,-1.3809146530319125,False
2025-08-05,Site_A,322.50771818960413,325.1620652647669,2.654347075162775,0.8230336594928463,-1.5613399508074284,False
2025-08-06,Site_A,251.550009244154,252.25339665785677,0.7033874137027567,0.2796213030626646,-0.9143123284624198,False
2025-08-07,Site_A,283.6005714236648,279.5769776621875,-4.0235937614772865,-1.4187537568344761,-1.5859977871928927,False
2025-08-08,Site_A,171.09302726843376,163.97911392820947,-7.113913340224286,-4.157921251263514,-1.6003417467977985,False
2025-08-09,Site_A,290.19852441206496,309.7540441210421,19.555519708977158,6.738669587860985,-0.27982452414246634,False
2025-08-10,Site_A,197.08091803289682,200.01996662958356,2.939048596686746,1.4912902913290462,0.020651659336784384,False
2025-08-11,Site_A,175.29716410595518,192.18446587234192,16.88730176638674,9.633528216223464,1.9127811499815743,False
2025-08-12,Site_A,270.70581852381446,266.3016535883519,-4.404164935462575,-1.6269191994021115,1.5627878844251517,False
2025-08-13,Site_A,234.55731114228573,243.32801576165372,8.77070461936799,3.739258681238701,2.0570217955931573,False
2025-08-14,Site_A,229.53267880590596,237.29814567895906,7.7654668730531,3.3831639631669264,2.7430100413076426,False
2025-08-15,Site_A,233.46870711700873,233.67220607781059,0.20349896080185204,0.08716327053623653,3.349450687279036,False
2025-08-16,Site_A,258.4103631648343,270.70741296547493,12.29704980064065,4.758729352040976,3.066602082161892,False
2025-08-17,Site_A,259.92965510066307,258.70742007454623,-1.2222350261168344,-0.4702176154711931,2.786386666904715,False
2025-08-18,Site_A,176.63662146274726,175.78536076339367,-0.8512606993535883,-0.48192763895969304,1.3413215447356923,False
2025-08-19,Site_A,231.38670432561221,208.8600539318464,-22.526650393765806,-9.735499046680673,0.18295299512446941,False
2025-08-20,Site_A,147.10121030258844,151.15303554844348,4.051825245855042,2.7544472526911257,0.04226564818910144,False
2025-08-21,Site_A,180.87218097347474,175.11907675828746,-5.753104215187278,-3.1807568108171274,-0.8954373195229063,False
2025-08-22,Site_A,242.81171320643614,240.5674671816238,-2.244246024812327,-0.924274202086903,-1.0399283870404976,False
2025-08-23,Site_A,230.8968603104046,225.12659908290013,-5.770261227504477,-2.4990643960022956,-2.0767560653323933,False
2025-08-24,Site_A,265.82657284751616,263.6391301765593,-2.187442670956841,-0.8228833737444319,-2.1271368879428563,False
2025-08-25,Site_A,266.81224072753554,270.0239416113317,3.2117008837961407,1.2037307115440326,-1.8863285521566096,False
2025-08-26,Site_A,248.99456401326853,251.0177146161178,2.023150602849256,0.8125280207890183,-0.3794675425180823,False
2025-08-27,Site_A,227.8259257239782,234.0860383010524,6.26011257707421,2.7477612818563193,-0.3804226812087689,False
2025-08-28,Site_A,220.6157452244795,230.54150171315055,9.925756488671055,4.499115182631894,0.7167018892839485,False
2025-08-29,Site_A,178.13038745367103,178.13511592700016,0.004728473329123517,0.0026545012317751343,0.849120275472331,False
2025-08-30,Site_A,216.97851743673883,215.66847673272193,-1.3100407040168989,-0.6037651650923681,1.1198773084594635,False
2025-08-31,Site_A,173.8616358793831,180.7187022599437,6.85706638056061,3.9439789841375443,1.800857645299746,False
2025-09-01,Site_A,227.46607134576536,236.31556204204213,8.849490696276774,3.8904662325771167,2.1846770054473295,False
2025-09-02,Site_A,182.77508044473112,188.0469691666556,5.271888721924483,2.884358583838039,2.4806528001686177,False
2025-09-03,Site_A,202.14297931329003,197.51841848736052,-4.624560825929507,-2.287767223793689,1.7612915850757598,False
2025-09-04,Site_A,220.67834928923298,224.77303312061676,4.094683831383776,1.8554986678901888,1.383632082969802,False
2025-09-05,Site_A,117.59867200671756,119.81483807429862,2.2161660675810566,1.8845162362500685,1.6524694736867007,False
2025-09-06,Site_A,208.5121822620256,216.1345393468797,7.622357084854116,3.655593165906981,2.2609492352580363,False
2025-09-07,Site_A,179.83635920038165,178.13816451568843,-1.6981946846932203,-0.9442999692854193,1.5626236704833274,False
2025-09-08,Site_A,231.95391007088375,221.48955179518066,-10.464358275703091,-4.51139550633367,0.36235770778178633,False
2025-09-09,Site_A,110.47054308224389,114.49957355622135,4.029030473977457,3.647153676956124,0.4713284353700841,False
2025-09-10,Site_A,228.80228944080872,212.01769200953706,-16.784597431271663,-7.335852046014535,-0.24982653923289394,False
2025-09-11,Site_A,231.94794744730842,227.81773251067125,-4.130214936637174,-1.780664576725963,-0.7692784313209157,False
2025-09-12,Site_A,150.121062512402,147.06596670790015,-3.0550958045018604,-2.035088050518873,-1.3292219008593358,False
2025-09-13,Site_A,171.51736258871438,167.2990866523983,-4.218275936316076,-2.4593871271395313,-2.202790514151695,False
2025-09-14,Site_A,203.60712318305795,200.05910281971916,-3.548020363338793,-1.742581648358569,-2.316830754019288,False
2025-09-15,Site_A,161.1071489592408,168.2739082390311,7.166759279790313,4.448442745146873,-1.0368538609506386,False
2025-09-16,Site_A,202.67640706802177,209.0068984307786,6.330491362756817,3.1234475952754543,-1.1116690154764484,False
2025-09-17,Site_A,187.06035007468677,186.29709716140076,-0.76325291328601,-0.4080249571762639,-0.12197943135669541,False
2025-09-18,Site_A,191.73194803701145,199.09001072502804,7.358062688016588,3.8376821199335054,0.6806415253089428,False
2025-09-19,Site_A,130.09095742751637,127.58587575616727,-2.505081671349103,-1.9256385846378874,0.6962771632919409,False
2025-09-20,Site_A,143.99065457216602,139.93474481097365,-4.055909761192368,-2.8167868069240596,0.6452200661798654,False
2025-09-21,Site_A,131.2214198889482,135.19914410084803,3.97772421189984,3.031307095492612,1.32720417244432,False
2025-09-22,Site_A,170.24704550447848,173.98300895881238,3.7359634543338984,2.1944365867045965,1.005203292666852,False
2025-09-23,Site_A,192.67651947937927,190.74313170918862,-1.9333877701906488,-1.0034371470975034,0.41564832947071506,False
2025-09-24,Site_A,194.25673171510869,188.29032538438693,-5.966406330721753,-3.0714026114018598,0.03516580743848704,False
2025-09-25,Site_A,140.15947900193015,147.64210991666815,7.482630914737996,5.338654915116338,0.24959049246460602,False
2025-09-26,Site_A,189.63594980395365,179.93662457682535,-9.699325227128298,-5.114708069411679,-0.2059908625030785,False
2025-09-27,Site_A,208.53512219270044,204.82132956550578,-3.713792627194664,-1.780895509660416,-0.058006391465415134,False
2025-09-28,Site_A,138.6155094677616,140.4024920569531,1.7869825891914957,1.2891649686625448,-0.30688383815542475,False
2025-09-29,Site_A,180.9265668155495,191.0768254070494,10.150258591499892,5.610153760253379,0.18107575806582993,False
2025-09-30,Site_A,123.60291343601449,126.2223816891505,2.619468253136006,2.1192609302789824,0.6271754834053278,False
2025-10-01,Site_A,119.44520396612621,122.18587814385491,2.7406741777286925,2.294503325981952,1.393733474460158,False
2025-10-02,Site_A,147.51562113754548,145.37571020139896,-2.1399109361465207,-1.4506334445429612,0.42383513736597245,False
2025-10-03,Site_A,130.31160517624778,133.62310589683364,3.3115007205858547,2.541217043644744,1.5175387249454613,False
2025-10-04,Site_A,119.14836516328214,120.61439685303847,1.4660316897563348,1.230425350567983,1.947727419263804,False
2025-10-05,Site_A,103.87962187474791,99.92653479826986,-3.953087076478056,-3.8054500056271494,1.2199252800795624,False
2025-10-06,Site_A,151.14907537236155,154.75933259754737,3.610257225185819,2.388540727948095,0.759694846893093,False
2025-10-07,Site_A,181.54143220349138,186.360449211779,4.819017008287631,2.65449982948573,0.8361575467797712,False
2025-10-08,Site_A,207.23211120478413,211.93571141698553,4.703600212201394,2.2697255675561574,0.8326178670046576,False
2025-10-09,Site_A,109.95419407808896,110.80796201843125,0.8537679403422942,0.7764760112160453,1.1507763606845158,False
2025-10-10,Site_A,144.89506391123354,140.86155779175218,-4.033506119481359,-2.783742945137447,0.39006779085848836,False
2025-10-11,Site_A,166.43389516055768,154.6975270290065,-11.736368131551188,-7.051669445234814,-0.7930886085419111,False
2025-10-12,Site_A,124.00709355456884,124.71884359136698,0.7117500367981364,0.5739591312048077,-0.16745873185163163,False
2025-10-13,Site_A,120.62421340614837,124.53267976136344,3.9084663552150687,3.240200491136093,-0.04579305139620336,False
2025-10-14,Site_A,123.98220925104015,127.68879187179007,3.706582620749927,2.989608463295576,0.0020796105766318312,False
2025-10-15,Site_A,144.95829524111576,148.51239016199722,3.554094920881454,2.4518051312412066,0.028090976817353144,False
2025-10-16,Site_A,115.79689759291256,116.00647869182939,0.20958109891682852,0.18099025386121925,-0.05697841709047914,False
2025-10-17,Site_A,162.0091029054298,166.97931611189586,4.970213206466042,3.0678604580431035,0.7789649262210281,False
2025-10-18,Site_A,136.45307841713577,140.14722117817527,3.694142761039501,2.707262308693793,2.1730980339251147,False
2025-10-19,Site_A,143.86261349021518,141.5700325539053,-2.2925809363098892,-1.5935904963007077,1.8634480871386125,False
2025-10-20,Site_A,106.36325737686595,108.75563360171674,2.3923762248507927,2.2492506189182726,1.721883819678924,False
2025-10-21,Site_A,151.07682417852817,148.35571247138742,-2.72111170714075,-1.801144366077751,1.037490558339877,False
2025-10-22,Site_A,140.1937287793434,141.60313020937377,1.4094014300303854,1.0053241627153664,0.8308504199790429,False
2025-10-23,Site_A,103.27545446846548,99.23692094328776,-4.038533525177726,-3.9104485629844095,0.24635916042966732,False
2025-10-24,Site_A,121.58923768852809,117.13569787897258,-4.453539809555508,-3.6627746782688306,-0.7151601447577518,False
2025-10-25,Site_A,132.4339432966318,135.48388055044185,3.049937253810043,2.302987570927077,-0.7729136787244254,False
2025-10-26,Site_A,118.1031594891721,122.35005652314335,4.246897033971251,3.5959216098368767,-0.03155480641905634,False
2025-10-27,Site_A,113.08846749103928,115.11836138246824,2.029893891428955,1.7949610039501123,-0.09645332284307918,False
2025-10-28,Site_A,127.92910823296542,127.84748266944322,-0.08162556352219497,-0.06380530955750169,0.15173797094552785,False
2025-10-29,Site_A,137.22456867637084,126.05212577090832,-11.172442905462518,-8.141722005927017,-1.1549829102890983,False
2025-10-30,Site_A,91.95191218910702,92.08403926188043,0.1321270727734145,0.1436914900711187,-0.57582004556688,False
2025-10-31,Site_A,102.2966194662892,103.43398236489865,1.137362898609453,1.1118284304441353,0.10626611282068651,False
2025-11-01,Site_A,94.29400139195373,92.74442712383947,-1.549574268114256,-1.643343420832371,-0.4574954574306632,False
2025-11-02,Site_A,107.03045491543361,104.7160260500117,-2.3144288654219025,-2.162402156704433,-1.280113138365136,False
2025-11-03,Site_A,129.51506734037332,133.81783654140153,4.302769201028212,3.322215159507487,-1.061933973285511,False
2025-11-04,Site_A,123.29352775172407,122.70597391090105,-0.5875538408230199,-0.476548811228904,-1.12089733066714,False
2025-11-05,Site_A,112.49686881483811,114.73816495919914,2.24129614436103,1.9923186911540134,0.3268227689158643,False
2025-11-06,Site_A,122.55156746768132,124.14958706298937,1.5980195953080454,1.3039568798085484,0.4925749674497828,False
2025-11-07,Site_A,106.7211993362655,102.9933341213293,-3.7278652149362017,-3.4930878195907002,-0.16527021112662224,False
2025-11-08,Site_A,125.33616806076915,125.0077684453668,-0.32839961540234697,-0.26201504360905836,0.032062414190993836,False
2025-11-09,Site_A,105.52280719256923,110.08609101311671,4.563283820547483,4.324452639153086,0.9587559564563536,False
2025-11-10,Site_A,99.44932362052427,104.27557124355786,4.826247623033595,4.852971792396945,1.177435475440562,False
2025-11-11,Site_A,76.60988697505678,76.6037697936159,-0.006117181440885133,-0.00798484592840714,1.2443731847692043,False
2025-11-12,Site_A,73.65888857880321,72.73202153187236,-0.9268670469308518,-1.2583234214011423,0.779995740118468,False
2025-11-13,Site_A,63.640784955861605,64.78486628284709,1.1440813269854857,1.7977171836880534,0.8505329263869685,False
2025-11-14,Site_A,59.148379119624735,60.13811007983765,0.989730960212917,1.673301914514401,1.5885886026876972,False
2025-11-15,Site_A,135.2303753056988,139.6867920918444,4.45641678614561,3.295425880517992,2.0967944489915618,False
2025-11-16,Site_A,103.95381217372473,100.71034953354378,-3.243462640180951,-3.120099756188418,1.0332869639427755,False
2025-11-17,Site_A,48.350542106271554,48.47716992741535,0.12662782114379922,0.26189534931269015,0.37741890064502487,False
2025-11-18,Site_A,79.96209992428261,76.63800602209915,-3.3240939021834635,-4.157086801536105,-0.21530995015607474,False
2025-11-19,Site_A,54.0467189835255,53.125302488853855,-0.9214164946716465,-1.704851861502476,-0.27909972731340815,False
2025-11-20,Site_A,108.06964937156786,108.56729353258672,0.49764416101885445,0.4604846632821408,-0.47013294451425286,False
2025-11-21,Site_A,71.70456225304805,73.41112415149809,1.7065618984500333,2.379990679571424,-0.36917740664896387,False
2025-11-22,Site_A,48.560162962527954,48.16672198296763,-0.3934409795603244,-0.8102134662602511,-0.9556973133315699,False
2025-11-23,Site_A,99.81490497973063,100.79171802492556,0.9768130451949304,0.9786244302825228,-0.3701652866928642,False
2025-11-24,Site_A,82.11666576395615,83.89597115939577,1.7793053954396214,2.166801804342889,-0.0980357931171215,False
2025-11-25,Site_A,60.31387434164798,64.53767594424686,4.223801602598876,7.00303478876709,1.4962672912119064,False
2025-11-26,Site_A,72.50377326510954,71.92638036673381,-0.5773928983757344,-0.7963625510420007,1.6260514784205458,False
2025-11-27,Site_A,67.05677213285125,65.44602088698436,-1.6107512458668936,-2.4020709536625358,1.2171149617141632,False
2025-11-28,Site_A,78.02789800073032,75.87045084791644,-2.157447152813873,-2.7649689509688957,0.482120728779832,False
2025-11-29,Site_A,79.85728101084479,76.11109400970291,-3.7461870011418767,-4.691102619225336,-0.07229200735803724,False
2025-11-30,Site_A,54.33476091685565,55.90415998086463,1.5693990640089766,2.8883886438931947,0.2005314517292016,False
2025-12-01,Site_A,74.87961217379244,70.96346651621411,-3.9161456575783262,-5.229922463392461,-0.8561434436615627,False
2025-12-02,Site_A,84.82484119634631,86.61811269099844,1.7932714946521315,2.114087653286846,-1.5545644630158832,False
2025-12-03,Site_A,89.61282320028546,86.2747260440635,-3.338097156221963,-3.7250217513639603,-1.9729443487761633,False
2025-12-04,Site_A,52.246957951899674,51.784504741705824,-0.4624532101938499,-0.8851294473825634,-1.7562384193075957,False
2025-12-05,Site_A,89.95071118836783,88.03890654766572,-1.9118046407021154,-2.1253913564936266,-1.6648701915254145,False
2025-12-06,Site_A,61.45528699847421,59.967947856866566,-1.4873391416076416,-2.420197210444349,-1.3404551331281307,False
2025-12-07,Site_A,66.91029870944996,67.92720767871033,1.0169089692603706,1.5198093400780905,-1.535966462244574,False
2025-12-08,Site_A,62.8547643440826,66.1208310958228,3.2660667517401976,5.196211911416829,-0.046518694414675696,False
2025-12-09,Site_A,71.96916355666002,70.50156615694418,-1.4675973997158422,-2.039203079747383,-0.6398459419909941,False
2025-12-10,Site_A,64.08256872736209,62.35208229103058,-1.7304864363315104,-2.700401171017079,-0.4934715733700111,False
2025-12-11,Site_A,83.43868925565577,81.79667440555401,-1.6420148501017593,-1.967929823382811,-0.6481573413700464,False
2025-12-12,Site_A,62.81562997912576,64.33415283038742,1.5185228512616646,2.417428356232811,0.0008169033051589178,False
2025-12-13,Site_A,62.793236998989656,62.56776239459409,-0.22547460439556488,-0.3590746634055396,0.2952629814535603,False
2025-12-14,Site_A,84.8579189015291,87.86660371603615,3.008684814507049,3.545555740058143,0.5846553243078534,False
2025-12-15,Site_A,66.63061971560253,68.14614032057943,1.5155206049768992,2.2745107451282163,0.16726944340948022,False
2025-12-16,Site_A,68.29820102152925,64.15818722346746,-4.140013798061787,-6.061673274171239,-0.4073691557939278,False
2025-12-17,Site_A,63.53005874941087,64.3269206771292,0.7968619277183251,1.254306927153148,0.15758914394467602,False
2025-12-18,Site_A,53.92825624910581,56.8190589547223,2.890802705616494,5.360460186703008,1.2045020025283646,False
2025-12-19,Site_A,102.06914858253461,99.20546643818004,-2.86368214435457,-2.805629501297304,0.4583508800240624,False
2025-12-20,Site_A,98.67030460985485,96.45854099687467,-2.211763612980178,-2.241569661435174,0.18942302316268605,False
2025-12-21,Site_A,85.17311234960607,82.71924167607997,-2.4538706735260973,-2.8810391047515203,-0.7286619546672658,False
2025-12-22,Site_A,90.73837987158349,88.14159591906798,-2.5967839525155085,-2.861836365373262,-1.4624258275960484,False
2025-12-23,Site_A,72.92501652121906,68.44585335762295,-4.479163163596112,-6.142148987093895,-1.4739223580135707,False
2025-12-24,Site_A,63.35619582768932,59.718609083572744,-3.6375867441165752,-5.741485416848208,-2.4733212642994786,False
2025-12-25,Site_A,89.49287106617007,88.14747257893454,-1.3453984872355278,-1.503358280058704,-3.453866759551152,False
2025-12-26,Site_A,58.96155946389482,62.298199671175794,3.336640207280972,5.659009425156347,-2.2446326272006307,False
2025-12-27,Site_A,94.24187105341697,91.12183262668957,-3.1200384267274046,-3.3106711399638327,-2.3973614098475813,False
2025-12-28,Site_A,84.69037345168545,82.3269543436456,-2.3634191080398494,-2.790658503103831,-2.384449895326483,False
2025-12-29,Site_A,80.81584136609855,83.36486796580111,2.5490265997025574,3.1541175054472044,-1.5250279137807023,False
2025-12-30,Site_A,53.162326478414656,51.48017866473234,-1.6821478136823131,-3.1641726860191315,-1.099602727912879,False
2025-12-31,Site_A,83.79076911980121,78.75035568611989,-5.040413433681323,-6.015475793610046,-1.1387442103074272,False
2025-01-01,Site_B,121.33201906805756,116.4817520858123,-4.850266982245259,-3.99751608808607,,False
2025-01-02,Site_B,162.91356737873218,158.46294317581288,-4.4506242029193,-2.7318929138496753,,False
2025-01-03,Site_B,88.10436755305207,81.7200299422572,-6.384337610794873,-7.246334986685583,-4.658581329540443,False
2025-01-04,Site_B,154.08669086079036,153.2597587039478,-0.8269321568425596,-0.5366668284087246,-3.6281027042575134,False
2025-01-05,Site_B,87.69703619231557,87.21027438728063,-0.4867618050349307,-0.5550493222684111,-3.013492027859693,False
2025-01-06,Site_B,153.05021709077346,146.55078263471714,-6.499434456056321,-4.246602572410292,-3.2190104519514597,False
2025-01-07,Site_B,97.24456573315658,94.8149960607685,-2.4295696723880837,-2.4984117663242293,-3.116067782576141,False
2025-01-08,Site_B,134.18460103781115,135.25578691935965,1.0711858815485016,0.7982927051716299,-2.430952240682184,False
2025-01-09,Site_B,146.10605939800558,145.11637108892552,-0.9896883090800657,-0.677376635272921,-2.1374499151712185,False
2025-01-10,Site_B,106.10989623776179,105.01362798080221,-1.0962682569595756,-1.0331442172963334,-1.2498512338298973,False
2025-01-11,Site_B,113.07620354418682,111.34641578584441,-1.729787758342411,-1.5297540102382914,-1.3917208312341212,False
2025-01-12,Site_B,168.2567386381806,164.22269213030833,-4.034046507872262,-2.397554202299783,-1.6549358140957457,False
2025-01-13,Site_B,131.42404687019842,135.89105429343667,4.467007423238243,3.398927007361221,-0.5627173026998153,False
2025-01-14,Site_B,124.45626508762916,128.00895833915214,3.5526932515229817,2.8545716433170676,0.20199461296322704,False
2025-01-15,Site_B,151.44202605518208,157.10389531538644,5.661869260204355,3.738638083289573,0.6220439526943619,False
2025-01-16,Site_B,103.37614996787862,105.52815999536959,2.1520100274909737,2.0817277758551205,1.0162017257126534,False
2025-01-17,Site_B,153.0097746532384,145.26020586498842,-7.749568788249974,-5.06475406934792,0.44025746113385544,False
2025-01-18,Site_B,114.82286836039853,116.69661439965725,1.8737460392587195,1.6318578920860325,0.8919163043230445,False
2025-01-19,Site_B,177.74507985452234,180.971844869117,3.226765014594662,1.8153892176569093,1.4937653643168576,False
2025-01-20,Site_B,151.61815554986362,144.04141316188586,-7.57674238797776,-4.997252710600314,0.29431111889378136,False
2025-01-21,Site_B,148.14815331182226,147.09840036381974,-1.0497529480025207,-0.7085832152041751,-0.21471100375211052,False
2025-01-22,Site_B,121.53867916053719,121.08604584923297,-0.45263331130421136,-0.3724191462590606,-0.8020048936876296,False
2025-01-23,Site_B,169.41781964048758,177.51010373768148,8.092284097193897,4.776524756584695,-0.41703389644054756,False
2025-01-24,Site_B,183.09247059647356,186.3342407786983,3.241770182224741,1.770564443018215,0.5594401767546147,False
2025-01-25,Site_B,154.9894459799782,150.71840795105223,-4.271038028925972,-2.75569604234711,-0.06735324245012007,False
2025-01-26,Site_B,152.62890538431515,160.22088164886097,7.591976264545821,4.97414054397458,0.383896947023833,False
2025-01-27,Site_B,146.1081888889284,145.7452711945501,-0.3629176943782966,-0.24838970158899648,1.062305948311164,False
2025-01-28,Site_B,123.52742729173895,122.41459128104133,-1.1128360106976203,-0.9008817192228876,1.034834733451348,False
2025-01-29,Site_B,170.40093004158658,168.44160845805166,-1.9593215835349156,-1.1498303342926242,0.9237759923036961,False
2025-01-30,Site_B,150.19180098877106,141.56653845359818,-8.62526253517288,-5.74283181797503,-0.5789892326334074,False
2025-01-31,Site_B,171.78820527714,171.5284987173906,-0.2597065597494179,-0.15117834156916785,-0.8535239161458906,False
2025-02-01,Site_B,180.71307485344553,183.69871647479812,2.9856416213525847,1.652144773572071,-0.2238323710145791,False
2025-02-02,Site_B,157.13189433642114,154.53101593953872,-2.600878396882422,-1.6552199080053807,-1.1708838641545736,False
2025-02-03,Site_B,176.73710594850613,178.96543319646156,2.228327247955434,1.2608146070948316,-0.9552832486283124,False
2025-02-04,Site_B,184.76505770254167,180.20662117632355,-4.558436526218117,-2.4671529253961366,-1.1790362780816337,False
2025-02-05,Site_B,130.73454779888309,130.3738876436692,-0.3606601552138784,-0.2758721097721651,-1.0541851031501397,False
2025-02-06,Site_B,161.75692373672075,162.62457737299286,0.8676536362721095,0.5363935071393434,-0.15715291384808627,False
2025-02-07,Site_B,110.89731802993397,108.75994346015663,-2.137374569777336,-1.9273455911714699,-0.4108910923627008,False
2025-02-08,Site_B,181.30013679104482,172.57139198381856,-8.728744807226263,-4.81452742492217,-1.334701406433307,False
2025-02-09,Site_B,226.1241569934455,223.8425678871502,-2.2815891062952858,-1.008998391251679,-1.2423840468970635,False
2025-02-10,Site_B,197.3761299618464,207.93437551561382,10.55824555376742,5.349302145000194,-0.658314398624869,False
2025-02-11,Site_B,184.06296215106428,180.85954686694046,-3.203415284123821,-1.7403910307032393,-0.554491270811598,False
2025-02-12,Site_B,137.04622151963585,135.59130150301993,-1.4549200166159153,-1.0616272382288598,-0.6667420034482686,False
2025-02-13,Site_B,217.29246341653578,218.16388761205357,0.8714241955177897,0.40103746895598724,-0.6860785803316052,False
2025-02-14,Site_B,196.1255712943486,204.8264477630563,8.700876468707719,4.4363804328448815,0.22302513738501645,False
2025-02-15,Site_B,172.62025393607226,179.34641594472998,6.726162008657724,3.8965080025595804,1.4674587698824093,False
2025-02-16,Site_B,211.06158904241195,216.69059837924289,5.629009336830933,2.6669984635147452,1.9926011777061843,False
2025-02-17,Site_B,162.84116036009317,157.71999468599856,-5.1211656740946125,-3.1448840469879356,0.7791460074221658,False
2025-02-18,Site_B,144.17366398259588,144.52964801267993,0.3559840300840449,0.2469133545270917,1.0630466338836417,False
2025-02-19,Site_B,244.59253325095528,249.81884660440286,5.22631335344758,2.136742804035359,1.5199566399213873,False
2025-02-20,Site_B,172.55659758394728,168.55133645398305,-4.005261129964225,-2.321128943224382,1.1310757238956202,False
2025-02-21,Site_B,197.0090725245556,191.38740602529617,-5.621666499259419,-2.8535064031422834,0.08966331875459664,False
2025-02-22,Site_B,205.6494355553482,216.93574244327795,11.286306887929754,5.488129280516393,0.3170377870341413,False
2025-02-23,Site_B,210.6860609880624,209.0904776111327,-1.5955833769296817,-0.7573274517767402,-0.1721516294360709,False
2025-02-24,Site_B,183.77178901150808,191.49307025153342,7.721281240025348,4.201559598215496,0.8773403198787051,False
2025-02-25,Site_B,264.8836260559024,274.1835680543843,9.29994199848187,3.510953899626533,1.3436318263214824,False
2025-02-26,Site_B,279.384309530077,283.3689965818968,3.984687051819776,1.426238666917981,1.2421312353047143,False
2025-02-27,Site_B,185.06426007464967,187.61755518324213,2.553295108592465,1.3796802837903646,1.770818267735392,False
2025-02-28,Site_B,211.79207995221657,203.4097319684058,-8.382347983810774,-3.957819379129737,1.613059271165756,False
2025-03-01,Site_B,177.85154381789442,178.50923439537715,0.6576905774827253,0.3697975082837331,0.8818690179896617,False
2025-03-02,Site_B,280.26747468638945,292.59998291968174,12.332508233292288,4.40026380053268,1.618667768319579,False
2025-03-03,Site_B,186.20456682962495,189.531264681709,3.3266978520840382,1.7865823103726177,1.2736710129134534,False
2025-03-04,Site_B,202.90861188676277,204.3057601538954,1.3971482671326214,0.6885603593367087,0.8704719357291928,False
2025-03-05,Site_B,252.756928174562,265.5471452598367,12.790217085274719,5.060283481701989,1.389621194984051,False
2025-03-06,Site_B,278.24217311526866,278.32238952071197,0.08021640544330921,0.028829707784835908,1.1966425412689754,False
2025-03-07,Site_B,239.8562887788407,235.71015634749634,-4.14613243134437,-1.7285902539613243,1.515103844864463,False
2025-03-08,Site_B,283.64902661313187,285.54965401322886,1.9006274000969938,0.6700630785838212,1.557998926335904,False
2025-03-09,Site_B,117.51067247229739,118.22722897087064,0.7165564985732544,0.6097799318969768,1.016501230816518,False
2025-03-10,Site_B,286.51215832494756,273.11007436157854,-13.402083963369023,-4.67766674954473,0.09303707939975414,False
2025-03-11,Site_B,287.0827167051449,291.17125497378953,4.0885382686446405,1.4241673325266289,0.198123789855457,False
2025-03-12,Site_B,234.61704757235478,240.11794940054935,5.500901828194571,2.3446300621007174,-0.1898266986590103,False
2025-03-13,Site_B,341.74705657043114,341.0185605179968,-0.728496052434366,-0.2131682009920191,-0.2243978284842753,False
2025-03-14,Site_B,279.2231867751865,289.15273620381936,9.929549428632868,3.556133551554777,0.530562715160882,False
2025-03-15,Site_B,270.9241116217227,276.07209273847894,5.1479811167562275,1.9001561307854675,0.7062902940468315,False
2025-03-16,Site_B,250.8148214511002,267.7636464758781,16.948825024777904,6.757505368590154,1.5845367850029997,False
2025-03-17,Site_B,313.92131045825283,306.91429559631774,-7.00701486193509,-2.232092766084106,1.9339044969259458,False
2025-03-18,Site_B,221.97286838306965,227.17841578528106,5.205547402211408,2.3451277807646003,2.065470275245656,False
2025-03-19,Site_B,163.56273181070236,157.84334790172954,-5.719383908972816,-3.496752497134913,1.230987052497709,False
2025-03-20,Site_B,317.62205667774964,303.02293274913615,-14.599123928613494,-4.596382279403648,0.604813612724619,False
2025-03-21,Site_B,326.0874621770668,307.7524012174336,-18.33506095963321,-5.6227433085658465,-0.7064545101497558,False
2025-03-22,Site_B,355.39007605141836,363.254062598471,7.8639865470526615,2.2127760669138348,-0.6617945192742748,False
2025-03-23,Site_B,348.4562912693696,350.2468827352953,1.7905914659256723,0.5138640084249415,-1.5537432850121622,False
2025-03-24,Site_B,257.17896676350097,253.90142728542813,-3.277539478072839,-1.2744197238675548,-1.416932850409798,False
2025-03-25,Site_B,303.8650462109952,286.93376917935603,-16.931277031639183,-5.571972572285457,-2.547947186559806,False
2025-03-26,Site_B,339.8920956696761,332.8672660953936,-7.024829574282535,-2.0667822711327806,-2.3436657257023583,False
2025-03-27,Site_B,266.05023281910206,264.94821955371003,-1.1020132653920314,-0.4142124792430959,-1.7462128971079938,False
2025-03-28,Site_B,275.29964563014204,279.9021247885912,4.602479158449171,1.6718071495930957,-0.7041342602281448,False
2025-03-29,Site_B,299.6488337125964,299.67843850295566,0.029604790359258004,0.009879828328533721,-1.0188337228831879,False
2025-03-30,Site_B,262.08491611639045,261.4338355215578,-0.6510805948326492,-0.2484235279467621,-1.1277319423648597,False
2025-03-31,Site_B,356.8659013028516,352.8033539146705,-4.0625473881811445,-1.1383960679206202,-1.1082999915152978,False
2025-04-01,Site_B,305.73708166833535,319.90013081333484,14.16304914499949,4.632427662262969,0.3494714705630488,False
2025-04-02,Site_B,321.9610389881538,312.52792884401157,-9.433110144142233,-2.9298918197643515,0.2261701064728243,False
2025-04-03,Site_B,315.14506759703016,308.89523989655777,-6.2498277004723946,-1.9831589775867686,0.0020348924237282456,False
2025-04-04,Site_B,329.8227041283988,322.96397381951977,-6.858730308879046,-2.079520367466567,-0.533869038584795,False
2025-04-05,Site_B,315.1443175944963,320.4227620625875,5.278444468091209,1.6749292858528102,-0.2960048303670412,False
2025-04-06,Site_B,295.32251498270557,283.99406179771586,-11.328453184989712,-3.835959877848501,-0.8085100232101468,False
2025-04-07,Site_B,309.06137899545257,310.3593029048479,1.2979239093953083,0.4199566809719067,-0.5858882019397857,False
2025-04-08,Site_B,401.01462608774807,398.24502197622104,-2.7696041115270305,-0.690649151265869,-1.3463277467296197,False
2025-04-09,Site_B,369.75506036029185,356.46092358357186,-13.294136776719995,-3.595390084388865,-1.4413989273902643,False
2025-04-10,Site_B,364.33302781208107,367.31777836457184,2.984750552490766,0.819236886212322,-1.0410566611332515,False
2025-04-11,Site_B,354.74732610438554,339.8112119212222,-14.93611418316334,-4.210352857957369,-1.3454613026319373,False
2025-04-12,Site_B,239.18763110625625,226.6887601642114,-12.498870942044846,-5.22555070437249,-2.3312441583784085,False
2025-04-13,Site_B,401.66130430060537,396.58605848751415,-5.075245813091215,-1.2635635443968172,-1.9637589678853111,False
2025-04-14,Site_B,387.59928373258816,364.03985526762426,-23.5594284649639,-6.078295150106103,-2.8920806580393124,False
2025-04-15,Site_B,388.63945518708454,357.51626582991327,-31.12318935717127,-8.008242328918737,-3.937451111989722,False
2025-04-16,Site_B,377.1194652756494,380.6117285596125,3.492263283963098,0.9260363374270495,-3.2915330517303056,False
2025-04-17,Site_B,400.4226732001087,408.06152864998427,7.638855449875564,1.9076980303905255,-3.1360386025619915,False
2025-04-18,Site_B,349.2141223610146,340.84820015775125,-8.365922203263324,-2.3956425778836934,-2.87679427683718,False
2025-04-19,Site_B,354.32055673296486,344.39571389898884,-9.924842833976015,-2.801091453876867,-2.5304429553378056,False
2025-04-20,Site_B,389.82934874780676,396.37483039045605,6.5454816426492926,1.67906332955033,-2.11006768763107,False
2025-04-21,Site_B,470.54387256597994,447.4018356300485,-23.142036935931458,-4.918146486475917,-1.944332164255329,False
2025-04-22,Site_B,294.2720184120113,275.3794551708546,-18.892563241156665,-6.420101830648785,-1.7174549502167646,False
2025-04-23,Site_B,390.10672862594953,392.08537084846876,1.9786422225192268,0.5072053562081547,-1.7772879475337497,False
2025-04-24,Site_B,240.07734160192803,234.0218313244817,-6.055510277446331,-2.522316448957922,-2.4101471588692425,False
2025-04-25,Site_B,295.2119501731163,297.3992901665949,2.187339993478588,0.7409388380774905,-1.962064099446216,False
2025-04-26,Site_B,318.1846731170411,286.9152816137857,-31.269391503255406,-9.82743486571186,-2.9658274439940717,False
2025-04-27,Site_B,315.28125432917295,300.27321987395237,-15.008034455220582,-4.760205134032889,-3.8857229387916745,False
2025-04-28,Site_B,302.57966704704756,298.1794837840506,-4.400183262996961,-1.4542230500613198,-3.3908767335895895,False
2025-04-29,Site_B,298.93326879559453,293.7161576042436,-5.217111191350909,-1.7452427467744585,-2.7230397216075426,False
2025-04-30,Site_B,350.7448509332575,353.96374880744395,3.218897874186439,0.9177320395785242,-2.6643930525546327,False
2025-05-01,Site_B,371.19942352011554,363.6497528485502,-7.549670671565366,-2.0338584041891017,-2.5946133318733726,False
2025-05-02,Site_B,282.69068533621936,277.3157961694353,-5.374889166784044,-1.9013322495544545,-2.972080630106508,False
2025-05-03,Site_B,404.10309451434955,385.59724480583975,-18.5058497085098,-4.579487254545798,-2.222373828511356,False
2025-05-04,Site_B,432.2090103521883,448.3441295227731,16.1351191705848,3.733175103739044,-1.0090337945439372,False
2025-05-05,Site_B,315.59852026507656,296.0546719679192,-19.543848297157353,-6.192629889627538,-1.6859490573391114,False
2025-05-06,Site_B,368.9649572696407,360.5830046239275,-8.381952645713227,-2.271747622793259,-1.7611640396275112,False
2025-05-07,Site_B,478.61502891466375,459.2764026022184,-19.338626312445342,-4.040538876578694,-2.4694884562213995,False
2025-05-08,Site_B,434.330994436565,429.87167371917474,-4.459320717390256,-1.0267102220450788,-2.3256101444865394,False
2025-05-09,Site_B,448.99694989477257,429.12669568544095,-19.87025420933162,-4.425476434525543,-2.6862021709109807,False
2025-05-10,Site_B,274.8121970450509,274.04609731484044,-0.766099730210442,-0.2787720990727543,-2.0718142915576885,False
2025-05-11,Site_B,431.7459836573646,424.9418941371903,-6.80408952017433,-1.5759473805722957,-2.8302603607450223,False
2025-05-12,Site_B,494.9128134036815,519.1193612207119,24.206547817030355,4.891073167120851,-1.2468742097809673,False
2025-05-13,Site_B,352.4225043977639,339.9857317076903,-12.436772690073553,-3.528938287106862,-1.426472876111482,False
2025-05-14,Site_B,475.7947923732347,471.0652631008684,-4.729529272366335,-0.9940271201321347,-0.9912569109048306,False
2025-05-15,Site_B,525.7427159381211,497.1050969551852,-28.63761898293592,-5.447078602284717,-1.6227381080819216,False
2025-05-16,Site_B,365.35660944211065,352.2889102530071,-13.067699189103564,-3.5766970820803206,-1.5014839148754613,False
2025-05-17,Site_B,405.8280716452796,391.02742974055474,-14.800641904724841,-3.647022702180537,-1.9826625724622875,False
2025-05-18,Site_B,421.38959345349883,392.495290993033,-28.894302460465838,-6.8569093564135155,-2.737085711868176,False
2025-05-19,Site_B,379.0102643186635,354.55441523472365,-24.455849083939825,-6.452555876792267,-4.357604146712907,False
2025-05-20,Site_B,355.1751209655254,353.27268087748445,-1.9024400880409758,-0.5356343887120499,-3.9299893040850766,False
2025-05-21,Site_B,377.1889737763255,367.8546210043277,-9.334352771997771,-2.4747151748749365,-4.141516169048335,False
2025-05-22,Site_B,434.4270347157202,423.8772143261674,-10.549820389552792,-2.42844472063217,-3.7102827573836845,False
2025-05-23,Site_B,468.1792773729943,448.40934653217994,-19.769930840814368,-4.22272659134886,-3.8025726872791905,False
2025-05-24,Site_B,542.0688495591867,526.907094758414,-15.161754800772655,-2.7970164330789857,-3.6811432202646834,False
2025-05-25,Site_B,378.2000426550273,368.818627985004,-9.381414670023275,-2.4805429962842367,-3.0559480259605003,False
2025-05-26,Site_B,439.6595403489286,439.01768649018265,-0.6418538587459466,-0.1459888390540894,-2.1550098777121893,False
2025-05-27,Site_B,477.245643547564,439.82395880149,-37.42168474607399,-7.84117890902118,-3.198659094899208,False
2025-05-28,Site_B,537.5209278755156,550.2911089940986,12.770181118583082,2.3757551485587043,-2.505734762980116,False
2025-05-29,Site_B,459.0813446612799,466.94366130837324,7.862316647093337,1.7126195038254763,-1.9141541594861666,False
2025-05-30,Site_B,365.4693886508729,331.45061218538297,-34.01877646548991,-9.308242364995309,-2.6406564128642307,False
2025-05-31,Site_B,422.9554888931611,422.4507050116497,-0.5047838815114005,-0.11934680947926163,-2.258132180921413,False
2025-06-01,Site_B,510.0997129428981,516.1582866686242,6.058573725726092,1.1877234140698887,-1.734094122299395,False
2025-06-02,Site_B,471.029884841895,458.1100713745408,-12.919813467354231,-2.742886148655063,-2.1050794522423915,False
2025-06-03,Site_B,519.6882546275847,477.63183762919823,-42.05641699838645,-8.092624111454015,-2.1410001954470816,False
2025-06-04,Site_B,529.4968193623572,531.6248784075317,2.1280590451744956,0.40190213941930675,-2.42297919675271,False
2025-06-05,Site_B,311.54683415560015,301.05290345332486,-10.493930702275293,-3.368331676589647,-3.148829365383442,False
2025-06-06,Site_B,489.7616715822006,488.94093253889946,-0.8207390433011597,-0.16757927190376481,-1.84302035208465,False
2025-06-07,Site_B,355.3200030176208,369.49364054912166,14.173637531500844,3.988978219950638,-1.2561167764518069,False
2025-06-08,Site_B,484.0229355278408,479.1839903828938,-4.83894514494699,-0.9997346798597432,-1.5686107898703259,False
2025-06-09,Site_B,375.94055662103244,355.8141713639159,-20.126385257116567,-5.3536084103330746,-1.9415711129671844,False
2025-06-10,Site_B,393.74282005861807,379.6737957443339,-14.06902431428415,-3.5731506957230708,-1.2959320535770495,False
2025-06-11,Site_B,439.76488991186636,425.6619135477578,-14.102976364108542,-3.206935498405735,-1.8114802875520557,False
2025-06-12,Site_B,401.007258575174,396.25672597656194,-4.75053259861204,-1.1846500274062972,-1.4995257662401487,False
2025-06-13,Site_B,394.0467607878902,372.0844979257776,-21.962262862112595,-5.573516914134608,-2.2718025722731263,False
2025-06-14,Site_B,366.33209485998657,353.0775044515992,-13.254590408387344,-3.618189777626035,-3.3585408576412226,False
2025-06-15,Site_B,565.3336314200822,534.0237851488174,-31.309846271264746,-5.538295358904511,-4.006906668933333,False
2025-06-16,Site_B,519.6155181911865,511.0765549055664,-8.538963285620127,-1.6433233778977159,-3.4768659500139956,False
2025-06-17,Site_B,247.55411461074974,244.71254201939294,-2.841572591356794,-1.147859164379004,-3.1303957312505575,False
2025-06-18,Site_B,535.6586965566289,478.92102874456447,-56.737667812064444,-10.592130432454622,-4.185423578971827,False
2025-06-19,Site_B,504.256777356706,497.50773206747107,-6.749045289234914,-1.338414393677194,-4.207389917010526,False
2025-06-20,Site_B,452.6386649318292,439.0982769424346,-13.540387989394617,-2.9914342362762802,-3.838520963030765,False
2025-06-21,Site_B,457.63852162170457,431.7218331215444,-25.91668850016015,-5.663135264120866,-4.130656032530027,False
2025-06-22,Site_B,364.08691158326786,374.26050532011965,10.173593736851785,2.794276150332048,-2.9402886740676606,False
2025-06-23,Site_B,384.10480805962214,387.81544925967034,3.710641200048201,0.9660491413250474,-2.5675211713215518,False
2025-06-24,Site_B,339.8242826873684,320.3529167660699,-19.471365921298514,-5.729833597327647,-3.2220889474570726,False
2025-06-25,Site_B,526.4765913800495,530.674260763636,4.197669383586458,0.7973135847470703,-1.5950255164282592,False
2025-06-26,Site_B,582.3259073412089,595.1588345345881,12.832927193379192,2.203736263765412,-1.0890039939364584,False
2025-06-27,Site_B,364.9223755269465,357.0569797516885,-7.86539577525798,-2.1553613323656515,-0.9695650076635113,False
2025-06-28,Site_B,489.2185906130253,487.3088041874948,-1.9097864255305126,-0.3903748676307284,-0.21631352245063457,False
2025-06-29,Site_B,508.82308418087865,512.25555060741,3.4324664265313345,0.6745893677479354,-0.5191259199626507,False
2025-06-30,Site_B,319.3108808859347,294.1078233105517,-25.203057575383013,-7.892952944621431,-1.7846976465264335,False
2025-07-01,Site_B,507.4813610356085,496.1210940607762,-11.360266974832257,-2.2385584667877367,-1.2859440564493032,False
2025-07-02,Site_B,487.3319084599482,469.179638115734,-18.152270344214173,-3.7248269668157863,-1.931964135243997,False
2025-07-03,Site_B,451.253934345268,463.00152916446086,11.747594819192841,2.6033224145153717,-1.8748803994225742,False
2025-07-04,Site_B,420.1548911970214,414.6546451579588,-5.500246039062631,-1.3090996092875244,-1.7539858675542703,False
2025-07-05,Site_B,505.85837315621654,492.7363190227327,-13.122054133483857,-2.594017383089075,-2.068791941191177,False
2025-07-06,Site_B,365.86741003583046,354.46288744871634,-11.404522587114116,-3.117119009314669,-2.610464566485835,False
2025-07-07,Site_B,515.0395499358237,517.2150662450125,2.1755163091887653,0.4223979128321008,-1.42255730113533,False
2025-07-08,Site_B,325.6482894965237,314.8148866025126,-10.833402894011101,-3.3267188078157393,-1.5780087784250452,False
2025-07-09,Site_B,301.7753188734596,292.6052933717548,-9.1700255017048,-3.038693003767473,-1.4799896408467144,False
2025-07-10,Site_B,444.88974345768816,432.7896940810402,-12.100049376647974,-2.7197860941019347,-2.2404337135063295,False
2025-07-11,Site_B,405.8871000713261,407.94630536638834,2.05920529506227,0.5073345013183244,-1.9809431262769228,False
2025-07-12,Site_B,488.3252042363889,486.7557655603117,-1.5694386760771977,-0.32139210969693516,-1.6562823729351883,False
2025-07-13,Site_B,235.28259464404707,229.21460937152762,-6.067985272519451,-2.579020042557567,-1.579411091969888,False
2025-07-14,Site_B,530.5183497140013,525.5618956049685,-4.956454109032734,-0.9342662910160834,-1.7732202639482002,False
2025-07-15,Site_B,408.1978808849736,397.4926644475094,-10.705216437464173,-2.622555613041216,-1.672625521837554,False
2025-07-16,Site_B,298.5286095900149,294.97723709202353,-3.5513724979913945,-1.1896255112261038,-1.4084730229030726,False
2025-07-17,Site_B,480.3270183217018,466.7646028399059,-13.562415481795938,-2.823579554026343,-1.4233006600351312,False
2025-07-18,Site_B,417.7282831338693,400.40124037841395,-17.327042755455352,-4.147921856156088,-2.0883372825314757,False
2025-07-19,Site_B,481.17959131061616,496.32425844317873,15.144667132562574,3.147404296868075,-1.5927949387364744,False
2025-07-20,Site_B,337.93628131906684,326.58293526355754,-11.353346055509292,-3.3596114661597656,-1.7043079992510741,False
2025-07-21,Site_B,341.2358017005782,326.40030771401786,-14.835493986560323,-4.347578393775317,-2.1919240139309646,False
2025-07-22,Site_B,500.76997415818755,470.5516155538019,-30.218358604385628,-6.0343790889587146,-2.6793273676334644,False
2025-07-23,Site_B,499.11622416415713,463.3802835376687,-35.73594062648846,-7.15984351867814,-3.5322156544123264,False
2025-07-24,Site_B,570.4796927626012,552.6114519843488,-17.868240778252357,-3.1321431779146653,-3.5762961721106583,False
2025-07-25,Site_B,502.02693812383023,476.797005101517,-25.22993302231322,-5.025613389712165,-3.7016806769043837,False
2025-07-26,Site_B,407.90451884523884,411.15634287804835,3.251824032809509,0.7972022575320545,-4.037423825380958,False
2025-07-27,Site_B,313.974350143184,301.55196050068133,-12.422389642502651,-3.956498241603997,-4.122693364730134,False
2025-07-28,Site_B,388.8791053451976,392.0942732913893,3.2151679461916842,0.8267782717041754,-3.3834995553759204,False
2025-07-29,Site_B,421.84891366238185,420.8255742563825,-1.0233394059993657,-0.2425843407098055,-2.5561003056260767,False
2025-07-30,Site_B,333.89681483559303,318.21406750932005,-15.682747326272988,-4.696884375490372,-2.2042489994563956,False
2025-07-31,Site_B,407.24631824798774,409.26283303867416,2.016514790686415,0.4951585073529093,-1.6860630444181706,False
2025-08-01,Site_B,429.5407676998327,411.4646730308201,-18.076094669012605,-4.208237268329407,-1.5692950270777766,False
2025-08-02,Site_B,487.5691205949905,483.50812216429244,-4.060998430698078,-0.8329072246704957,-1.8021678102495695,False
2025-08-03,Site_B,323.6212932370994,320.4389263725409,-3.182366864558503,-0.9833613952673255,-1.3774339750586164,False
2025-08-04,Site_B,408.91127316292886,392.818724827617,-16.092548335311847,-3.935462138482018,-2.0577540336566438,False
2025-08-05,Site_B,519.1712776489064,503.11869193664836,-16.052585712258065,-3.0919633661078123,-2.464808180142074,False
2025-08-06,Site_B,406.42564055391733,385.38953544788353,-21.0361051060338,-5.175880408864879,-2.5332361849098604,False
2025-08-07,Site_B,456.39292203699523,408.3699992569771,-48.02292278001812,-10.522275973448462,-4.107155396452913,False
2025-08-08,Site_B,278.5090430686333,258.0984720806662,-20.41057098796705,-7.328512842197821,-4.552909049862686,False
2025-08-09,Site_B,467.2613973052906,450.65845460099075,-16.602942704299835,-3.5532451000766305,-4.941528746349277,False
2025-08-10,Site_B,319.5210358948805,306.21143950732204,-13.309596387558486,-4.165483612145405,-5.3961176344747175,False
2025-08-11,Site_B,286.37371636554417,258.36730492197427,-28.006411443569903,-9.77967245004457,-6.231004821840797,False
2025-08-12,Site_B,436.62194572926495,409.5498053157564,-27.072140413508578,-6.200361818344131,-6.6750617435888415,False
2025-08-13,Site_B,378.63621968070686,349.74943178631435,-28.886787894392512,-7.6291665701585325,-7.025531195202221,False
2025-08-14,Site_B,371.44078786877384,338.8840387947674,-32.55674907400646,-8.764990312670891,-6.774490386519711,False
2025-08-15,Site_B,377.3076535749002,348.1548965653646,-29.152757009535605,-7.726521509256484,-6.831348767528091,False
2025-08-16,Site_B,414.55522219526534,380.6156614546069,-33.939560740658465,-8.186981835841433,-7.493311158351633,False
2025-08-17,Site_B,419.24015901113995,386.0896480166489,-33.15051099449107,-7.907284233619949,-8.02785410427657,False
2025-08-18,Site_B,286.87653076398254,267.95839995541337,-18.918130808569174,-6.594520213343416,-7.572832356176405,False
2025-08-19,Site_B,372.95173808513033,343.61894007820234,-29.332798006927987,-7.865038559019251,-7.810643319129993,False
2025-08-20,Site_B,240.64237200720825,216.2215915349343,-24.420780472273947,-10.148163130449213,-8.170499970600089,False
2025-08-21,Site_B,293.59666510023607,275.25062383923773,-18.346041260998334,-6.248722632709353,-7.811033159177013,False
2025-08-22,Site_B,391.76333403148413,359.92135614873996,-31.841977882744175,-8.127860653795944,-7.8683673226826505,False
2025-08-23,Site_B,372.0011698194047,328.6111118990435,-43.39005792036119,-11.663957385248477,-8.365078115455086,False
2025-08-24,Site_B,426.93714143302805,362.99281727456525,-63.94432415846279,-14.977456387099899,-9.375102708809363,False
2025-08-25,Site_B,428.47359553609004,364.07848223671255,-64.3951132993775,-15.028957203024088,-10.580022278763746,False
2025-08-26,Site_B,401.82355604332224,361.83081164899147,-39.99274439433077,-9.952812320942924,-10.87827567332427,False
2025-08-27,Site_B,366.64048495038526,314.22150264610127,-52.418982304283986,-14.297106963345158,-11.470981935166549,False
2025-08-28,Site_B,355.985990052145,299.8247905544042,-56.16119949774077,-15.776238691167102,-12.832055657803368,False
2025-08-29,Site_B,289.4018165894166,244.09695508432713,-45.30486150508949,-15.654656919228987,-13.907312267150946,True
2025-08-30,Site_B,350.8956457008854,296.0166104818412,-54.87903521904417,-15.639702541599734,-14.475275860915414,True
2025-08-31,Site_B,282.26704896381113,247.89242097914683,-34.3746279846643,-12.178051993972346,-14.075360947611475,True
2025-09-01,Site_B,366.97593075189565,312.65947475569135,-54.3164559962043,-14.80109496143671,-14.042809198813279,True
2025-09-02,Site_B,295.3024739605229,240.8256142982175,-54.4768596623054,-18.44781688811319,-15.256381279837603,True
2025-09-03,Site_B,325.7888856614782,276.7815994512075,-49.007286210270706,-15.042651350971303,-15.362887620927053,True
2025-09-04,Site_B,356.11654859786984,302.68494709679135,-53.43160150107849,-15.003964772615483,-15.252562775419678,True
2025-09-05,Site_B,193.27648079209982,158.82372502979268,-34.452755762307135,-17.825632803903677,-15.562702187516063,True
2025-09-06,Site_B,335.46248215341825,291.3579527060065,-44.10452944741178,-13.147380644265697,-15.206656202182629,True
2025-09-07,Site_B,290.89476939450344,239.573564285751,-51.32120510875245,-17.6425328016648,-15.987296317567266,True
2025-09-08,Site_B,373.1182086621843,321.1981766949656,-51.92003196721873,-13.915169713474466,-15.860735567858372,True
2025-09-09,Site_B,181.28607482692482,151.637776405901,-29.64829842102381,-16.35442680819763,-15.56167984215615,True
2025-09-10,Site_B,368.0319166123621,312.1846374342947,-55.847279178067424,-15.174574991247248,-15.580526076481283,True
2025-09-11,Site_B,373.41338904291524,296.7331766738132,-76.68021236910204,-20.534939190487737,-16.370665279034462,True
2025-09-12,Site_B,244.26469749437268,199.64798618494606,-44.61671130942662,-18.265722295156667,-16.433535206356318,True
2025-09-13,Site_B,278.09957087156766,225.21643368262235,-52.88313718894531,-19.015900320596998,-17.271895160117932,True
2025-09-14,Site_B,328.0136279737256,254.96661157188717,-73.04701640183842,-22.269506560773017,-17.93289141141911,True
2025-09-15,Site_B,261.604653931946,217.37406993265327,-44.23058399929275,-16.907414808759068,-18.360354996459765,True
2025-09-16,Site_B,326.7083976833439,256.82113884817176,-69.88725883517213,-21.391326127744374,-19.0799120421093,True
2025-09-17,Site_B,300.8025592510883,236.86374378881052,-63.9388154622778,-21.256074290546938,-19.94869765629497,True
2025-09-18,Site_B,308.86270261071115,238.96158321376765,-69.9011193969435,-22.631777422813816,-20.248245975198696,True
2025-09-19,Site_B,212.67656480081018,171.51651480551243,-41.160049995297754,-19.35335472145117,-20.40362203609791,True
2025-09-20,Site_B,234.371356891957,175.8127980189901,-58.5585588729669,-24.98537348997038,-21.256403917436963,True
2025-09-21,Site_B,212.49704308625797,169.6637766106566,-42.83326647560136,-20.157111766592557,-20.95463323255404,True
2025-09-22,Site_B,275.2065023133393,221.98842868447855,-53.218073628860736,-19.33750590248363,-21.301789103086122,True
2025-09-23,Site_B,310.64748317271517,246.31847889813648,-64.3290042745787,-20.708039742531174,-21.20417676234138,True
2025-09-24,Site_B,312.6470725710268,248.4740412668077,-64.17303130421911,-20.525709956756543,-21.099839000371325,True
2025-09-25,Site_B,228.15478756737002,179.77772827428612,-48.3770592930839,-21.2036134805188,-20.895815580043465,True
2025-09-26,Site_B,303.50198200658144,228.06921665228282,-75.43276535429862,-24.854126110010995,-21.68164006412344,True
2025-09-27,Site_B,334.57186887969056,268.01267560008876,-66.5591932796018,-19.893840298789726,-20.954278179669057,True
2025-09-28,Site_B,224.90689860808914,168.69315070875413,-56.213747899335004,-24.9942301668968,-21.64529509399824,True
2025-09-29,Site_B,291.31283684533906,220.95764972804173,-70.35518711729733,-24.151076855789096,-22.33294808732759,True
2025-09-30,Site_B,202.05911777234869,150.22818337076214,-51.830934401586546,-25.651371228880766,-23.039138299663247,True
2025-10-01,Site_B,193.96320767061,147.9755309708835,-45.98767669972648,-23.709484521323834,-23.49396323745857,True
2025-10-02,Site_B,237.8501536135152,175.3938346031315,-62.45631901038371,-26.25868348686019,-24.216116095507346,True
2025-10-03,Site_B,212.06804254350402,157.97544313969667,-54.092599403807355,-25.50719040692362,-24.309410995066287,True
2025-10-04,Site_B,193.96181073500327,138.31684889882263,-55.64496183618064,-28.688617426965834,-25.565807727662875,True
2025-10-05,Site_B,169.97979490169442,129.15308415270846,-40.82671074898596,-24.018566896493525,-25.426427260462408,True
2025-10-06,Site_B,243.11036984390913,182.57895090385182,-60.53141894005731,-24.898740016282304,-25.53323628339001,True
2025-10-07,Site_B,290.5771181355221,211.57171004788424,-79.00540808763785,-27.18913608703028,-25.752916977411367,True
2025-10-08,Site_B,331.3559193672815,239.40151439325444,-91.95440497402706,-27.750946821657035,-26.330268734601827,True
2025-10-09,Site_B,179.6841020571179,131.79483136312214,-47.88927069399577,-26.65192420794843,-26.386445980471574,True
2025-10-10,Site_B,234.046843002324,165.03397809719672,-69.01286490512729,-29.486774536173517,-26.954957998935843,True
2025-10-11,Site_B,266.67177976314764,193.08609189314652,-73.58568787000112,-27.59410385881791,-26.79859891777185,True
2025-10-12,Site_B,200.16983655233446,147.98481905797738,-52.18501749435708,-26.070370238181862,-27.09171368087019,True
2025-10-13,Site_B,193.85231254085178,134.94212207594623,-58.910190464905554,-30.389212123786773,-27.876066839085116,True
2025-10-14,Site_B,200.1351006450821,143.073977262472,-57.061123382610106,-28.511302214698368,-28.064947714466268,True
2025-10-15,Site_B,233.24078155125602,166.23818224803975,-67.00259930321627,-28.726794198506,-28.20435448258755,True
2025-10-16,Site_B,188.51601141525262,131.07345674122922,-57.4425546740234,-30.470915569867497,-28.749924677147416,True
2025-10-17,Site_B,259.35271965837165,179.22053934259128,-80.13218031578037,-30.896988634371464,-28.95138383403284,True
2025-10-18,Site_B,219.74430182440926,158.29655328681127,-61.44774853759799,-27.963295533687578,-29.00412550187136,True
2025-10-19,Site_B,230.98345477786938,157.71562752063934,-73.26782725723004,-31.719946057474008,-29.81120776177024,True
2025-10-20,Site_B,172.74287517730687,112.89327550132757,-59.849599675979306,-34.64663860350156,-30.419411544586637,True
2025-10-21,Site_B,242.31730313536417,172.11875769942074,-70.19854543594343,-28.96967922952199,-30.484893975275725,True
2025-10-22,Site_B,223.67400654931689,150.44258718556497,-73.23141936375191,-32.740245723458905,-31.058244193126143,True
2025-10-23,Site_B,166.84376159990123,118.05328215986061,-48.79047944004061,-29.243214713081304,-30.8828583564424,True
2025-10-24,Site_B,197.07196730428737,141.63923402728,-55.43273327700737,-28.128167610676414,-30.48731249591454,True
2025-10-25,Site_B,211.17545406216774,149.8515125834975,-61.323941478670235,-29.039332128352918,-30.641032009438156,True
2025-10-26,Site_B,193.02792915383816,137.56726684100352,-55.46066231283464,-28.73193664562083,-30.21417352203056,True
2025-10-27,Site_B,183.01490710594013,134.19523856130382,-48.8196685446363,-26.675241550884444,-29.075402514513826,True
2025-10-28,Site_B,205.451921537435,146.9542479854838,-58.49767355195121,-28.472682618007276,-29.004402998583156,True
2025-10-29,Site_B,218.7410061310136,153.5972722472349,-65.14373388377868,-29.78121708225171,-28.581684621267843,True
2025-10-30,Site_B,149.2283793661746,108.43316946796921,-40.7952098982054,-27.337434120424682,-28.309430250888322,True
2025-10-31,Site_B,165.40814597175887,120.305355235303,-45.10279073645587,-27.26757528867807,-28.186488490602844,True
2025-11-01,Site_B,152.65342084517064,111.1690003820075,-41.48442046316315,-27.17555901039315,-27.920235188037168,True
2025-11-02,Site_B,173.59032168689075,118.07417763038517,-55.51614405650558,-31.981128623427207,-28.384405470580933,True
2025-11-03,Site_B,205.8691952500177,137.816004784927,-68.0531904650907,-33.056519399341674,-29.296016591789108,True
2025-11-04,Site_B,197.85283820685407,135.39480775507553,-62.45803045177854,-31.567922410331565,-29.738193704978293,True
2025-11-05,Site_B,183.5918657393902,129.45318506204893,-54.138680677341256,-29.488605314459548,-29.696392023865126,True
2025-11-06,Site_B,195.20635874142286,136.5404495595532,-58.665909181869665,-30.05327775186902,-30.084369685500036,True
2025-11-07,Site_B,171.7894268911169,118.1887489246287,-53.600677966488206,-31.20138354059545,-30.646342292916806,True
2025-11-08,Site_B,199.61090457152562,141.54245722953556,-58.068447341990066,-29.090819194791372,-30.919950890687975,True
2025-11-09,Site_B,171.2434161993462,113.36791160469475,-57.875504594651446,-33.797214444307734,-31.17939172224234,True
2025-11-10,Site_B,160.05579586730553,111.21357925374099,-48.842216613564545,-30.515743806027025,-30.816423780340244,True
2025-11-11,Site_B,124.23691947433016,88.56889171315467,-35.668027761175495,-28.70968461878614,-30.408104095833757,True
2025-11-12,Site_B,119.68173373337484,83.39759705104363,-36.28413668233121,-30.31718838830031,-30.526473106382436,True
2025-11-13,Site_B,105.93139665701413,73.47199013488344,-32.45940652213069,-30.64191311215137,-30.610563872137057,True
2025-11-14,Site_B,98.55037828139395,70.07024818968712,-28.480130091706826,-28.899057099899334,-30.281660094894757,True
2025-11-15,Site_B,215.8578902385063,149.90241376590444,-65.95547647260184,-30.555045451304164,-30.490835274396584,True
2025-11-16,Site_B,168.8117432825066,113.99306803914237,-54.818675243364225,-32.47325937012873,-30.301698835228155,True
2025-11-17,Site_B,81.34949172559664,56.70808355728823,-24.64140816830841,-30.290795486992554,-30.269563361080372,True
2025-11-18,Site_B,129.22155173770346,91.93125171969696,-37.290300018006505,-28.857647595579966,-30.290700929193775,True
2025-11-19,Site_B,91.8108629191855,62.39127171175926,-29.419591207426237,-32.04369316659423,-30.537344468950046,True
2025-11-20,Site_B,173.88905882015277,119.65854862484564,-54.23051019530713,-31.186844395653328,-30.615191795164613,True
2025-11-21,Site_B,117.75415395449303,80.27355702682584,-37.48059692766719,-31.82953269075488,-31.033831165286838,True
2025-11-22,Site_B,81.91519745070251,52.911199710081526,-29.00399774062098,-35.40734643052764,-31.727017019461616,True
2025-11-23,Site_B,158.75811084868727,114.01492103574478,-44.74318981294249,-28.183246559029246,-31.114158046447407,True
2025-11-24,Site_B,131.5042374635469,93.87093609293332,-37.63330137061358,-28.617557955914208,-30.875124113436215,True
2025-11-25,Site_B,101.12427171731329,65.62869105837052,-35.49558065894277,-35.100950598851774,-31.767024542475042,True
2025-11-26,Site_B,117.28978387241219,82.48179000813668,-34.8079938642755,-29.676918752054,-31.42891391182644,True
2025-11-27,Site_B,109.12087268577115,75.63990932263444,-33.48096336313671,-30.682455646730244,-31.356858376266,True
2025-11-28,Site_B,127.73801711481015,84.92364755296525,-42.8143695618449,-33.51732751837193,-31.597971923068435,True
2025-11-29,Site_B,127.43137892795653,84.96882362685416,-42.46255530110237,-33.321898937551815,-31.300050852643317,True
2025-11-30,Site_B,88.68126089567907,61.02614252575087,-27.655118369928203,-31.184850204667846,-31.728851373448833,True
2025-12-01,Site_B,121.65551047082337,82.27022478904159,-39.38528568178178,-32.37443624982984,-32.265548272579636,True
2025-12-02,Site_B,135.20117397871462,98.70314019249197,-36.49803378622265,-26.9953527119289,-31.10760571730494,True
2025-12-03,Site_B,143.84601128099203,102.04778934751961,-41.79822193347242,-29.05761623923157,-31.01913392975888,True
2025-12-04,Site_B,88.34765029306799,60.057403265765345,-28.29024702730264,-32.021504741165,-31.21042665753527,True
2025-12-05,Site_B,143.48548498580297,100.6083313758634,-42.87715360993957,-29.882572173890626,-30.691175894037944,True
2025-12-06,Site_B,101.54851090286824,71.35190942585969,-30.196601477008556,-29.73613419687836,-30.17892378822745,True
2025-12-07,Site_B,107.97706597378762,75.88872406968616,-32.088341904101455,-29.717738312959145,-29.969336375126208,True
2025-12-08,Site_B,103.44655084276616,71.28757510068749,-32.15897574207867,-31.087528274344095,-29.78549237862824,True
2025-12-09,Site_B,117.92431307619302,78.18163343572455,-39.74267964046847,-33.7018538448386,-30.743563969043915,True
2025-12-10,Site_B,103.23722245903822,77.25092600961148,-25.986296449426746,-25.17144091099256,-30.188396065009766,True
2025-12-11,Site_B,133.11851686732953,89.01647011183272,-44.102046755496815,-33.12991144534042,-30.34673987989197,True
2025-12-12,Site_B,104.53697156568627,70.2385587652844,-34.29841280040188,-32.80983970235862,-30.7649209553874,True
2025-12-13,Site_B,103.83674600222521,66.90526417582186,-36.931481826403356,-35.5668713131784,-31.59788340057312,True
2025-12-14,Site_B,137.37920018998926,96.00575859882555,-41.37344159116371,-30.116234141664894,-31.654811376102515,True
2025-12-15,Site_B,107.0213028994526,74.12004190366999,-32.90126099578262,-30.742721406310693,-31.605553252097742,True
2025-12-16,Site_B,107.62160771260181,76.21747611566475,-31.404131596937063,-29.180136093859744,-30.959593573386478,True
2025-12-17,Site_B,104.19911196562988,67.23651901920547,-36.96259294642441,-35.473040267959796,-32.431250624381796,True
2025-12-18,Site_B,90.36809529812133,62.893436158071204,-27.47465914005013,-30.40305214955803,-32.04169929641288,True
2025-12-19,Site_B,162.47023149683434,110.05224767756985,-52.41798381926449,-32.26313112029131,-31.96359807040327,True
2025-12-20,Site_B,157.32320735253742,108.50854663257856,-48.814660719958866,-31.028264387321208,-31.315225652423667,True
2025-12-21,Site_B,136.54725338268318,96.76763542362285,-39.77961795906033,-29.132492213208554,-31.174691091215617,True
2025-12-22,Site_B,145.00629558008535,101.02922750097945,-43.977068079105905,-30.32769570671355,-31.115401705558885,True
2025-12-23,Site_B,116.89760866557727,81.50222631629411,-35.39538234928315,-30.278961865287496,-31.272376815762847,True
2025-12-24,Site_B,101.53843714795356,71.33092882868827,-30.207508319265287,-29.74982594546867,-30.454774769692687,True
2025-12-25,Site_B,141.92295448839474,99.76327119553646,-42.159683292858276,-29.706035535150686,-30.355200967634495,True
2025-12-26,Site_B,98.60196846628367,66.06030748692967,-32.54166097935399,-33.00305408251704,-30.46090424795246,True
2025-12-27,Site_B,149.8683063757377,103.45034674334329,-46.4179596323944,-30.97249895919892,-30.452937758220706,True
2025-12-28,Site_B,135.99865726679468,94.61675289584187,-41.38190437095281,-30.428171279494375,-30.638034767690105,True
2025-12-29,Site_B,128.76619879856486,86.44738476145206,-42.3188140371128,-32.864846855745235,-31.00048493183749,True
2025-12-30,Site_B,88.25420016659535,61.4227983892778,-26.831401777317552,-30.402407734327152,-31.01812005598601,True
2025-12-31,Site_B,134.3273643662358,93.63046943414338,-40.69689493209242,-30.29680149246038,-31.09625941984197,True
2025-01-01,Site_C,97.17924884972848,97.27145869378585,0.09220984405736488,0.09488635192061634,,False
2025-01-02,Site_C,131.200229080315,136.06260561495984,4.862376534644824,3.706073204848057,,False
2025-01-03,Site_C,69.95029693612273,69.81839812692712,-0.13189880919560437,-0.18856075666991357,1.2041329333662534,False
2025-01-04,Site_C,123.96425354340035,124.31962552984645,0.3553719864461016,0.2866729531200577,0.9747679383047044,False
2025-01-05,Site_C,69.53997109978158,67.896269075022,-1.6437020247595768,-2.36367947637059,0.30707845536964556,False
2025-01-06,Site_C,123.26732760000957,125.12516551248406,1.8578379124744941,1.5071616693946643,0.5070923243738154,False
2025-01-07,Site_C,77.40836023433548,77.54630711075964,0.13794687642416648,0.17820668982854693,0.46010866229591985,False
2025-01-08,Site_C,107.7189382671889,106.43444544976612,-1.2844928174227874,-1.1924484571475236,0.27620368957189984,False
2025-01-09,Site_C,117.4367723874404,117.57262155759788,0.13584917015748488,0.1156785625113226,-0.23670983076191937,False
2025-01-10,Site_C,84.64387336460545,83.17185217168884,-1.472021192916614,-1.7390758886657378,-0.4582119924756086,False
2025-01-11,Site_C,90.21470165708715,88.03475159129223,-2.1799500657949125,-2.4164022335085322,-0.8443655905654072,False
2025-01-12,Site_C,135.60810462962158,129.66782056595835,-5.940284063663228,-4.380478644611674,-1.1324797574569907,False
2025-01-13,Site_C,105.32947209475446,104.92927196857592,-0.4002001261785466,-0.3799507566301351,-1.402067246889105,False
2025-01-14,Site_C,99.70303284383196,95.13484690441192,-4.568185939420047,-4.581792357886788,-2.0820671108484383,False
2025-01-15,Site_C,121.75915673049968,121.53608975598397,-0.22306697451571722,-0.1832034489278298,-1.9378892525313394,False
2025-01-16,Site_C,82.33254839571093,81.68166519378734,-0.6508832019235911,-0.7905539359662265,-2.0673510380281317,False
2025-01-17,Site_C,123.18226519369436,127.7861997543154,4.603934560621042,3.7374978885001986,-1.2849833555758554,False
2025-01-18,Site_C,91.80859943957962,89.44411263733056,-2.3644868022490613,-2.5754524267687575,-1.3077048117558874,False
2025-01-19,Site_C,143.27108116388916,140.91045431252923,-2.360626851359939,-1.6476645755605035,-0.9173028018914345,False
2025-01-20,Site_C,121.92035533938383,121.28482318632395,-0.6355321530598843,-0.5212682913290271,-0.9374910211341333,False
2025-01-21,Site_C,118.92240971524373,118.19939984459357,-0.7230098706501593,-0.6079677265045214,-0.36980178807952385,False
2025-01-22,Site_C,97.19515845611956,101.58022770298729,4.3850692468677295,4.511612838048353,0.30088625291707366,False
2025-01-23,Site_C,136.5229675351371,132.67614088831237,-3.8468266468247236,-2.817713910177539,0.011291970886886129,False
2025-01-24,Site_C,147.4905016903367,146.48844431675522,-1.0020573735814935,-0.6794046817234105,-0.6196941105736294,False
2025-01-25,Site_C,124.62331616284804,126.9719015178116,2.3485853549635607,1.884547312073298,0.01744870926094991,False
2025-01-26,Site_C,122.69602992983549,127.15358409240673,4.457554162571242,3.6330060272694418,0.771830223950942,False
2025-01-27,Site_C,117.1590365518009,116.91365557082301,-0.24538098097788463,-0.2094426415579062,0.8163767453468164,False
2025-01-28,Site_C,98.91176493402942,94.46355294513272,-4.448211988896702,-4.4971515692430515,0.2607790535270264,False
2025-01-29,Site_C,137.23606736451583,137.59278746698178,0.35672010246594255,0.2599317433939944,-0.3466039599950248,False
2025-01-30,Site_C,120.77420480182802,125.81632882119341,5.042124019365389,4.174835203956625,0.6523316277384271,False
2025-01-31,Site_C,138.40858639464267,141.01109431340686,2.6025079187641893,1.880308141681103,1.0180048882247863,False
2025-02-01,Site_C,145.53043728467034,148.1034269030657,2.5729896183953542,1.7680078933332413,1.0013563998333497,False
2025-02-02,Site_C,126.28874261193442,122.97415312719305,-3.3145894847413757,-2.624611993268942,0.10741096832786619,False
2025-02-03,Site_C,142.61057943246504,138.57648102771452,-4.034098404750523,-2.8287511493219326,-0.26677596135270903,False
2025-02-04,Site_C,149.00175990279732,150.39718789310706,1.3954279903097415,0.9365177909442558,0.5094625186740491,False
2025-02-05,Site_C,104.70850505811383,101.82645186444152,-2.8820531936723057,-2.752453768748536,0.07912173122511623,False
2025-02-06,Site_C,129.98149780605004,133.95767848797846,3.976180681928412,3.059035900525943,-0.08027816926498119,False
2025-02-07,Site_C,88.3441695429024,85.63572246934434,-2.7084470735580624,-3.065790405379004,-0.7868636759878536,False
2025-02-08,Site_C,146.11970648534,147.20028445537432,1.0805779700343123,0.7395155629762542,-0.9337911517531375,False
2025-02-09,Site_C,182.78094656183285,173.87297359157276,-8.90797297026009,-4.873578530925606,-1.2550720857040893,False
2025-02-10,Site_C,159.31042343580802,158.95166860381212,-0.35875483199589553,-0.22519231589416427,-0.8831351095001224,False
2025-02-11,Site_C,148.4486315249695,143.84566009378622,-4.602971431183278,-3.1007166478385786,-1.459882886469099,False
2025-02-12,Site_C,109.62972058802295,102.44519612889438,-7.184524459128568,-6.553445927429899,-2.0028817662807223,False
2025-02-13,Site_C,175.44451115102066,180.60960426964667,5.165093118626004,2.9440038247648284,-2.0193149199608813,False
2025-02-14,Site_C,158.2185492356805,166.76919285932206,8.550643623641548,5.404324375964672,-0.8092985226260706,False
2025-02-15,Site_C,138.78571009976946,145.0418145426894,6.256104442919934,4.5077439445477365,-0.27098018240157323,False
2025-02-16,Site_C,170.36588597379068,175.41216496492933,5.046278991138649,2.9620243291635133,0.8483916547540152,False
2025-02-17,Site_C,130.73574498999707,130.3616419443647,-0.3741030456323813,-0.28615207391138886,0.8396831178944116,False
2025-02-18,Site_C,115.51445181241164,118.98727156216397,3.4728197497523325,3.006394174290831,1.7121275210557558,False
2025-02-19,Site_C,197.75996669583574,206.90496523338038,9.144998537544637,4.624292110450282,3.3089472407529246,False
2025-02-20,Site_C,138.7317578053276,140.45373473401742,1.721976928689827,1.2412276438579801,3.065693500623375,False
2025-02-21,Site_C,158.80425708744227,153.9989071171477,-4.8053499702945714,-3.025957904672924,1.8613674605322896,False
2025-02-22,Site_C,165.78325751520114,165.17107166830064,-0.6121858469005019,-0.36926880076799606,1.1646513540586139,False
2025-02-23,Site_C,170.0839960395466,180.18999501455932,10.10599897501271,5.941769484686227,1.5903292334190016,False
2025-02-24,Site_C,147.85253076687448,148.06556670498583,0.21303593811134647,0.14408677146504142,1.6517919256156344,False
2025-02-25,Site_C,214.27192824018374,194.72916327429337,-19.54276496589037,-9.120543753162247,-0.08062777830623372,False
2025-02-26,Site_C,226.12417216785533,217.43073171166594,-8.693440456189393,-3.8445427451852088,-1.290461329111304,False
2025-02-27,Site_C,148.89262313164724,148.48239560159655,-0.41022753005069035,-0.2755190427990359,-1.5071394272051635,False
2025-02-28,Site_C,170.70559707890473,177.87931516331338,7.173718084408648,4.202391841371647,-0.47451803491308187,False
2025-03-01,Site_C,142.90356689181203,142.9635156999026,0.05994880809055303,0.041950533072374924,-0.41577241579302887,False
2025-03-02,Site_C,226.9435352643824,235.25690878900383,8.313373524621426,3.663190279880233,-0.7412837307653136,False
2025-03-03,Site_C,149.79823293880114,148.52744628778498,-1.2707866510161523,-0.8483322039822206,-0.8830578701149226,False
2025-03-04,Site_C,163.44292058699767,155.49638198174904,-7.946538605248634,-4.861965618767095,-0.2746895652013296,False
2025-03-05,Site_C,204.31740005623948,202.19116461676046,-2.126235439479018,-1.0406531401112975,0.12586609266637203,False
2025-03-06,Site_C,225.11661379080118,229.7524927331448,4.6358789423436235,2.0593233277094796,0.4594150027390171,False
2025-03-07,Site_C,193.61249631414495,196.67505515028668,3.062558836141733,1.5817981248341502,0.08504447180508905,False
2025-03-08,Site_C,229.5983269634885,222.24753859555312,-7.350788367935365,-3.201586207160958,-0.37831791965681566,False
2025-03-09,Site_C,93.3993573312489,92.91114936711715,-0.48820796413174605,-0.5227101963884765,-0.9763037019809169,False
2025-03-10,Site_C,231.86078024381655,252.80181147551144,20.941031231694893,9.031726370313276,0.43513323720415403,False
2025-03-11,Site_C,232.29960506398407,225.89326936279195,-6.40633570119212,-2.757790181962459,0.7357297281762448,False
2025-03-12,Site_C,189.40353884937744,194.24090095914596,4.83736210976852,2.553997744263594,1.2492512830869436,False
2025-03-13,Site_C,277.02845483480434,261.76682248013367,-15.261632354670667,-5.5090486512554735,0.16805528609195036,False
2025-03-14,Site_C,225.99022804830292,233.27777908304503,7.287551034742108,3.224719536627254,0.4027583449195367,False
2025-03-15,Site_C,219.18348555323237,214.1839318276403,-4.9995537255920794,-2.280990154423771,0.5342720667391349,False
2025-03-16,Site_C,202.59485957504558,206.8912828189343,4.296423243888711,2.1206970665004565,0.9119016757232681,False
2025-03-17,Site_C,254.19657999874963,245.22798069448845,-8.968599304261176,-3.528213992613627,-0.8823755189805752,False
2025-03-18,Site_C,178.90632319784436,181.66570782129568,2.759384623451325,1.5423628266061045,-0.26806794632792325,False
2025-03-19,Site_C,131.15553439003241,128.67899690378005,-2.4765374862523686,-1.8882447452713675,-0.9026740162614892,False
2025-03-20,Site_C,257.16187517736773,253.1947232688626,-3.9671519085051443,-1.5426672035926594,-0.3360480951668014,False
2025-03-21,Site_C,264.24589333112397,269.8425536702631,5.5966603391391345,2.117974386881394,-0.4941545451304958,False
2025-03-22,Site_C,288.14018773493734,286.70298299594594,-1.4372047389913973,-0.498786632399051,-0.23955404198410712,False
2025-03-23,Site_C,282.36729481558353,286.2408322127004,3.873537397116877,1.3718080911766772,-0.3465381813160756,False
2025-03-24,Site_C,207.74514462574137,208.10460380655005,0.35945918080867045,0.17302892034191514,0.1822108062490018,False
2025-03-25,Site_C,245.93203883378587,246.73321158411815,0.8011727503322845,0.3257699786215168,0.008411827965489282,False
2025-03-26,Site_C,275.3895671443768,279.8623210349129,4.472753890536069,1.6241551693173495,0.510183244335306,False
2025-03-27,Site_C,214.9295200148404,212.98381737551162,-1.945702639328772,-0.9052747334076889,0.6012393115045876,False
2025-03-28,Site_C,222.5015086652019,215.49704328445668,-7.004465380745216,-3.1480529829956514,-0.15105031276356184,False
2025-03-29,Site_C,242.43152525101334,239.71928828373026,-2.7122369672830757,-1.1187641394718895,-0.23961852805968162,False
2025-03-30,Site_C,211.59616922813302,218.3796105339298,6.783441305796771,3.205843154222317,0.022386480946838372,False
2025-03-31,Site_C,289.2148541958634,290.9346634193243,1.7198092234609135,0.5946476118049651,0.08261772258441691,False
2025-04-01,Site_C,247.3748582945881,240.69957921040282,-6.675279084185291,-2.698446855191722,-0.3494132536746172,False
2025-04-02,Site_C,260.72377194702597,265.0856799818407,4.361908034814746,1.6729997430771297,-0.3424354574232201,False
2025-04-03,Site_C,255.11353913551557,259.95662930697364,4.843090171458073,1.8984057795871967,0.058090330147477935,False
2025-04-04,Site_C,267.04435130958296,270.4972347465865,3.4528834370035497,1.2929999904774776,0.6925264692150678,False
2025-04-05,Site_C,255.11499537103379,248.65785620681152,-6.457139164222269,-2.531070019945768,0.490768486290228,False
2025-04-06,Site_C,238.7643309414688,233.29215757789314,-5.472173363575678,-2.291872216422954,-0.2946194238019535,False
2025-04-07,Site_C,250.0911198704686,246.0449290385481,-4.046190831920484,-1.6178866462816255,-0.6106957463857522,False
2025-04-08,Site_C,325.22229395167284,318.4974868740672,-6.7248070776056466,-2.0677571011183304,-0.5205972100895534,False
2025-04-09,Site_C,299.5935395783397,300.56808170278856,0.9745421244488739,0.3252880972735543,-0.7131274452043499,False
2025-04-10,Site_C,295.31134406444255,298.1460847870731,2.8347407226305563,0.9599159597512656,-0.8471974194666257,False
2025-04-11,Site_C,287.34992695286184,287.9092622614981,0.559335308636264,0.1946530192534275,-1.0041041296414899,False
2025-04-12,Site_C,192.7701936836586,198.31218499333718,5.541991309678593,2.87492127479685,-0.2318196589639732,False
2025-04-13,Site_C,325.7010331908547,327.90569433239347,2.204661141538793,0.6768971900211637,0.1922902562423293,False
2025-04-14,Site_C,314.2263660715543,309.957732041371,-4.268634030183307,-1.3584582616505425,0.22935145404676976,False
2025-04-15,Site_C,314.98915607666294,299.43170509290854,-15.557450983754393,-4.939043355501412,-0.18083229657938477,False
2025-04-16,Site_C,305.69629888166475,297.85664508054884,-7.839653801115901,-2.5645236235426703,-0.593662542410274,False
2025-04-17,Site_C,324.70303955495086,318.91109795173566,-5.791941603215207,-1.7837657482830591,-0.9856170721294634,False
2025-04-18,Site_C,282.81781428512966,287.8589214999372,5.041107214807539,1.7824574550050174,-0.7587878670220933,False
2025-04-19,Site_C,287.02512402767684,285.3102987649431,-1.7148252627337115,-0.597447790865986,-1.2548405906882127,False
2025-04-20,Site_C,316.0362618099868,306.46964227929186,-9.566619530694936,-3.0270638805513896,-1.7839778864842917,False
2025-04-21,Site_C,382.00330132198616,368.1742159615181,-13.82908536046807,-3.6201481276759164,-2.107076438773631,False
2025-04-22,Site_C,237.75530197271027,232.80059093133826,-4.954711041372008,-2.0839539645432232,-1.6992065257796038,False
2025-04-23,Site_C,316.23895043339024,320.27588059695574,4.036930163565501,1.2765442580786088,-1.1504825426908496,False
2025-04-24,Site_C,193.38313252617314,199.16435842059727,5.781225894424125,2.98951920930419,-0.468584691606957,False
2025-04-25,Site_C,238.48083873305472,232.71102772053595,-5.7698110125187725,-2.4194023482856215,-1.068850377791334,False
2025-04-26,Site_C,257.18512735223436,248.77937224523214,-8.405755107002221,-3.2683674960293905,-1.4504103356718205,False
2025-04-27,Site_C,255.090917436868,245.39866366130622,-9.692253775561795,-3.799529153350006,-1.5607625175001942,False
2025-04-28,Site_C,244.60090393514702,256.2549445693044,11.654040634157411,4.7645124963427525,-0.36295385692609855,False
2025-04-29,Site_C,241.49841315337326,225.78500083374982,-15.713412319623444,-6.506631705958254,-0.9947649628425316,False
2025-04-30,Site_C,284.0066817448184,290.32730043296635,6.320618688147931,2.225517600260913,-0.8591973425307737,False
2025-05-01,Site_C,300.6158222425063,290.70250104101876,-9.91332120148752,-3.2976711363816573,-1.7573673919144661,False
2025-05-02,Site_C,228.23793733629583,220.18000988747758,-8.057927448818248,-3.5304943353678064,-1.9160948186404927,False
2025-05-03,Site_C,327.4380578684057,306.4448148912182,-20.993242977187492,-6.41136314875911,-2.365094197601881,False
2025-05-04,Site_C,350.69982698494675,372.8237389086719,22.12391192372513,6.308503803360805,-0.9210894895003368,False
2025-05-05,Site_C,255.11322885546682,250.4296722760861,-4.683556579380706,-1.8358736629977557,-1.8640017979775523,False
2025-05-06,Site_C,298.7196982628348,290.0368572016577,-8.6828410611771,-2.906685133813077,-1.3497237162425268,False
2025-05-07,Site_C,388.6370432807951,394.78818138939926,6.15113810860413,1.5827462191142327,-1.441548199263481,False
2025-05-08,Site_C,352.2447225464343,337.0439145309996,-15.200808015434689,-4.315411145281491,-1.5869396291063145,False
2025-05-09,Site_C,364.3368936658754,359.88083121385887,-4.456062452016511,-1.2230609991704706,-1.2573062953638379,False
2025-05-10,Site_C,221.79822291790333,218.17041593492524,-3.627806982978086,-1.635633926751923,-0.5750592636485256,False
2025-05-11,Site_C,350.1960786079381,338.82099935452607,-11.375079253412025,-3.2482029206691925,-1.9403030813670965,False
2025-05-12,Site_C,401.9756583891859,415.23128001761984,13.255621628433914,3.2976179904903717,-1.2069471308687927,False
2025-05-13,Site_C,285.2019340127802,276.75963144317717,-8.442302569603044,-2.9601140675381026,-1.2145798356866533,False
2025-05-14,Site_C,386.1785330198638,360.31349804836964,-25.86503497149414,-6.697688441983835,-2.3974990729863777,False
2025-05-15,Site_C,426.9567284583696,409.83047388213856,-17.12625457623102,-4.011238946407871,-2.354045901718717,False
2025-05-16,Site_C,295.8240771144699,290.8867753958619,-4.937301718608012,-1.6689992805073506,-2.4177513704811284,False
2025-05-17,Site_C,328.7951885195306,308.2158304137876,-20.579358105742983,-6.2590204553801,-3.0782351602851543,False
2025-05-18,Site_C,341.6584520950617,326.04752456558106,-15.610927529480648,-4.569161814599899,-3.2669435737038266,False
2025-05-19,Site_C,307.0151477973625,295.9405184918947,-11.074629305467795,-3.607193125460155,-4.253345161696759,False
2025-05-20,Site_C,287.52611851591763,292.2901508980755,4.764032382157893,1.6569042168230546,-3.593771121073736,False
2025-05-21,Site_C,305.5654200508372,295.8102176365294,-9.755202414307803,-3.1925086329090577,-3.0930311483487682,False
2025-05-22,Site_C,352.51352420321444,365.6703534688909,13.156829265676436,3.7322906391789616,-1.9868126361220777,False
2025-05-23,Site_C,380.0007033487104,365.69659961114104,-14.304103737569335,-3.764230858394773,-2.2861314329631384,False
2025-05-24,Site_C,440.50711641690197,441.5385807352377,1.0314643183357362,0.2341538376781964,-1.3585351053833814,False
2025-05-25,Site_C,306.29208053134744,294.6585133075665,-11.633567223780915,-3.798193934234052,-1.248396836759689,False
2025-05-26,Site_C,356.6924684859828,359.96543079245936,3.272962306476586,0.917586603487594,-0.6019997326242964,False
2025-05-27,Site_C,387.4132816932653,368.49628712941217,-18.91699456385311,-4.8828977884218885,-1.5362571619450025,False
2025-05-28,Site_C,436.6945432758846,438.4903347687401,1.7957914928555283,0.41122370785407897,-1.0214382561216973,False
2025-05-29,Site_C,372.5011418141257,365.95759069929125,-6.543551114834429,-1.7566526327856453,-1.8055730092594984,False
2025-05-30,Site_C,295.93058087254315,283.98950364790534,-11.941077224637809,-4.035094037740159,-1.8442677491659818,False
2025-05-31,Site_C,342.8370019389656,330.7543273564751,-12.08267458249054,-3.5243204537885866,-2.3811926479469507,False
2025-06-01,Site_C,414.2462222082879,425.21571719579794,10.969494987510018,2.6480615632493145,-1.4602990054493272,False
2025-06-02,Site_C,382.216004481233,373.74866933277775,-8.467335148455277,-2.2153272100543417,-1.9078581216696038,False
2025-06-03,Site_C,421.86329806163786,395.27673173074265,-26.58656633089521,-6.302175717360149,-2.1106121115179266,False
2025-06-04,Site_C,430.0742516040086,404.02892339480604,-26.04532820920258,-6.056007331772061,-3.034502260035947,False
2025-06-05,Site_C,251.76753068848205,250.12435672259454,-1.643173965887513,-0.6526552337364945,-2.876788345886068,False
2025-06-06,Site_C,397.6259540813236,393.12523492431757,-4.500719157006017,-1.131897732230406,-2.4620460165275317,False
2025-06-07,Site_C,287.5841820422072,287.3430600110116,-0.24112203119562992,-0.08384398247614389,-1.9705493777686114,False
2025-06-08,Site_C,392.9178526070298,369.46668801933896,-23.451164587690812,-5.968465019365028,-3.201481746713518,False
2025-06-09,Site_C,304.4659528000966,286.821501306631,-17.644451493465624,-5.795213333771495,-3.7128940501016823,False
2025-06-10,Site_C,319.0056126698002,322.34544927832263,3.3398366085224325,1.046952302992696,-2.6630186186227047,False
2025-06-11,Site_C,356.80352509540637,357.76112894262843,0.9576038472220603,0.26838407691347915,-1.7595341316676272,False
2025-06-12,Site_C,324.9672817524738,322.9112186447904,-2.0560631076834284,-0.6326984970904003,-1.7566831692896139,False
2025-06-13,Site_C,319.2063329120773,300.8629838424025,-18.343349069674787,-5.746549231129229,-2.4159190977037315,False
2025-06-14,Site_C,296.6297128309223,282.4393934574466,-14.190319373475688,-4.783849614405995,-3.08734847369371,False
2025-06-15,Site_C,459.4190509861378,464.7037593463794,5.284708360241609,1.150302397973711,-2.070381699788176,False
2025-06-16,Site_C,422.072256649674,429.88876275779495,7.8165061081209615,1.851935535911988,-0.9779318612619642,False
2025-06-17,Site_C,199.5584849580117,191.32274172833363,-8.235743229678064,-4.126982238520659,-1.7170653671924434,False
2025-06-18,Site_C,435.1024289322996,406.96694835630524,-28.135480575994336,-6.466403932755825,-2.679177940002344,False
2025-06-19,Site_C,409.436989212127,399.7948670668095,-9.6421221453175,-2.354970947757231,-2.925216861526177,False
2025-06-20,Site_C,367.14657989599283,348.68996348960235,-18.45661640639048,-5.027042989647069,-2.822430255600154,False
2025-06-21,Site_C,371.1549444272762,350.1796257645283,-20.975318662747895,-5.651364471276169,-2.9463609494387506,False
2025-06-22,Site_C,294.6939267177592,275.88103046854224,-18.812896249216976,-6.383876471005418,-4.022672216435769,False
2025-06-23,Site_C,311.2309171814922,301.98848051223445,-9.242436669257756,-2.9696396337990074,-4.711468669251625,False
2025-06-24,Site_C,274.9221044320395,259.8160827686864,-15.10602166335309,-5.494655184078618,-4.9068505186170475,False
2025-06-25,Site_C,427.6244102332602,406.77442371587733,-20.849986517382888,-4.87577089109802,-4.679617226951647,False
2025-06-26,Site_C,473.3462788989347,470.3353783570074,-3.010900541927299,-0.6360883514139051,-4.4340625703311725,False
2025-06-27,Site_C,295.44253830505266,288.48580637984384,-6.956731925208828,-2.354681883360279,-4.052296698004488,False
2025-06-28,Site_C,397.18788727822897,397.38887480157473,0.2009875233457592,0.0506026315966096,-3.2377299690226624,False
2025-06-29,Site_C,413.35026730266196,391.6421016980738,-21.708165604588146,-5.251760388651948,-3.0759991001150238,False
2025-06-30,Site_C,258.21451568391234,254.98925850554605,-3.2252571783662916,-1.2490611419825908,-2.8302021727126783,False
2025-07-01,Site_C,412.1288868977834,430.6130278891261,18.484140991342713,4.4850389232548915,-1.4045315859507486,False
2025-07-02,Site_C,395.5266761403471,379.67231112722726,-15.854365013119832,-4.008418640135952,-1.2806241215275962,False
2025-07-03,Site_C,366.12699891063227,369.63741041495774,3.510411504325475,0.9587961321536763,-1.0527834810179415,False
2025-07-04,Site_C,340.66466926741737,341.7330738457249,1.0684045783075362,0.31362353501614587,-0.6715969926784523,False
2025-07-05,Site_C,410.7729816347721,414.4399379637013,3.6669563289291887,0.8926965727725407,-0.5512978582247479,False
2025-07-06,Site_C,296.2051230333388,290.2257541359668,-5.979368897372012,-2.018658163687134,-0.08942611180120304,False
2025-07-07,Site_C,418.2298830427806,414.6437408978841,-3.5861421448965416,-0.8574571761362438,-0.03348268810886775,False
2025-07-08,Site_C,263.33658493707605,262.6052422753987,-0.7313426616773313,-0.27772163212797973,-0.7138770531635636,False
2025-07-09,Site_C,243.9503804799296,247.45716803895002,3.5067875590204096,1.4375003441771312,0.06411137316687679,False
2025-07-10,Site_C,360.8907690845699,342.6880999416346,-18.202669142935292,-5.043816772899985,-0.7934047561265034,False
2025-07-11,Site_C,328.9972380013606,305.8473853865886,-23.149852614771987,-7.036488438445872,-1.8434207523353632,False
2025-07-12,Site_C,396.47997335121454,371.5261535171222,-24.953819834092315,-6.293841180217047,-2.8700690027624467,False
2025-07-13,Site_C,189.4294481963846,184.4824576364812,-4.946990559903412,-2.611521390684085,-2.954763749476297,False
2025-07-14,Site_C,430.9703796656779,432.1444018216142,1.1740221559363135,0.2724136533111748,-2.793353630983809,False
2025-07-15,Site_C,331.02521073129213,317.5954269396773,-13.429783791614852,-4.0570274880109976,-3.333254467538526,False
2025-07-16,Site_C,241.3649790522545,247.7539695704881,6.388990518233584,2.6470246608769177,-3.1604652794385566,False
2025-07-17,Site_C,390.01502541307036,381.1155279729975,-8.899497440072878,-2.2818345089775183,-2.7658963845924895,False
2025-07-18,Site_C,338.60437718201507,323.37656662299156,-15.22781055902351,-4.497227911155406,-2.4031448806938513,False
2025-07-19,Site_C,390.7224266991729,377.8872114770135,-12.835215222159377,-3.2849957783563664,-1.9733098232851827,False
2025-07-20,Site_C,273.6649953978016,258.71057537325464,-14.954420024546948,-5.4644986666303765,-2.3808780055632246,False
2025-07-21,Site_C,276.13531918302186,273.5701111128266,-2.56520807019524,-0.9289677531236147,-2.5525039207681948,False
2025-07-22,Site_C,406.6555676950929,420.4872294986133,13.831661803520433,3.401321143078829,-1.4870255448982193,False
2025-07-23,Site_C,405.32895732594574,397.10781755503996,-8.22113977090578,-2.028263617073561,-2.154923870319716,False
2025-07-24,Site_C,463.69836485315375,432.22144050501055,-31.4769243481432,-6.788232768108092,-2.798695050195512,False
2025-07-25,Site_C,407.6732762878563,410.7978024699585,3.1245261821022154,0.7664289919989755,-2.0467440640306007,False
2025-07-26,Site_C,330.6692152163923,307.9888172832825,-22.68039793310976,-6.858938446467581,-2.5573073023322026,False
2025-07-27,Site_C,253.94885402883713,243.83439043642593,-10.114463592411198,-3.9828742803709014,-2.3456466757237067,False
2025-07-28,Site_C,315.29176188646386,312.862335297227,-2.4294265892368685,-0.7705328470052769,-2.3230131177068007,False
2025-07-29,Site_C,342.26451131032275,343.8103815994062,1.5458702890834388,0.4516595317362122,-2.7443933478986033,False
2025-07-30,Site_C,270.28450060882204,261.0071141578224,-9.277386450999643,-3.4324522605262664,-2.944991725534704,False
2025-07-31,Site_C,330.12060771376787,321.931441494603,-8.18916621916486,-2.4806588949046473,-2.3296240293627837,False
2025-08-01,Site_C,348.4869454152602,352.8736320464063,4.3866866311461195,1.25878076319872,-2.259288062048534,False
2025-08-02,Site_C,395.9640468550174,402.8574421309741,6.8933952759567205,1.7409144417803022,-1.030737649441694,False
2025-08-03,Site_C,262.00129229719886,271.9600349573386,9.958742660139762,3.801028068534544,0.08124840040194112,False
2025-08-04,Site_C,331.6568980210867,350.8439237975862,19.187025776499524,5.78520329020252,1.0177821342887692,False
2025-08-05,Site_C,421.95114108581384,432.55842572399115,10.607284638177305,2.513865612706107,1.3123830029987542,False
2025-08-06,Site_C,329.5245874823652,323.719839522996,-5.804747959369195,-1.7615523028853928,1.5510829969474502,False
2025-08-07,Site_C,370.4062666990886,374.9502216492198,4.543954950131251,1.226748939920792,2.0807126876367987,False
2025-08-08,Site_C,224.95848573333004,226.62955398887627,1.6710682555462313,0.7428340611819136,2.0070060159201124,False
2025-08-09,Site_C,379.48428172336213,385.839324735816,6.355043012453848,1.6746525003864512,1.9975400242924193,False
2025-08-10,Site_C,258.469972382449,257.1710139176948,-1.2989584647542074,-0.5025568164769963,1.3827421835764848,False
2025-08-11,Site_C,231.43302615125523,225.2064677909264,-6.2265583603288235,-2.690436392712334,0.17193651458864873,False
2025-08-12,Site_C,354.4475645036581,343.8189365809355,-10.628627922722615,-2.9986460585802446,-0.615565152737973,False
2025-08-13,Site_C,307.03850392658444,306.5943505143197,-0.4441534122647681,-0.14465723568369426,-0.3845801431377303,False
2025-08-14,Site_C,301.0839007667499,302.78707486611705,1.7031740993671747,0.5656808932758667,-0.4790184355155768,False
2025-08-15,Site_C,305.86931338461085,300.1988856505031,-5.670427734107761,-1.853872711636674,-0.8499765459182322,False
2025-08-16,Site_C,336.4611937299247,341.915310011388,5.454116281463314,1.6210238752946051,-0.8576377780742102,False
2025-08-17,Site_C,340.29066859559657,361.71298154872954,21.422312953132973,6.295298381687737,0.11348439309218021,False
2025-08-18,Site_C,231.85054178605762,218.93281382422023,-12.917727961837386,-5.57157549097183,-0.2981069066591763,False
2025-08-19,Site_C,302.3950976839721,308.3759296188268,5.9808319348546775,1.9778204014091334,0.41281687333930633,False
2025-08-20,Site_C,194.16725376822433,193.73276384823046,-0.4344899199938652,-0.22377095599884822,0.40151491329428435,False
2025-08-21,Site_C,237.37375526626312,240.28772981833126,2.91397455206814,1.2275891868498785,0.49607324094771454,False
2025-08-22,Site_C,317.8470699625263,313.88253850538246,-3.964531457143835,-1.247307850788509,0.5827253639260238,False
2025-08-23,Site_C,301.7633827935233,300.6377944294022,-1.1255883641210858,-0.37300362744516663,0.29786429210605647,False
2025-08-24,Site_C,346.5024545568942,347.8845723670072,1.3821178101130158,0.3988767732916819,-0.5444816519505229,False
2025-08-25,Site_C,347.7198559229235,343.2833370581623,-4.436518864761183,-1.2758888482182604,0.06918786844284416,False
2025-08-26,Site_C,326.0348465028138,311.33333734857837,-14.701509154235453,-4.509183393103526,-0.8575269593446786,False
2025-08-27,Site_C,297.3070891073389,295.877352728632,-1.4297363787069344,-0.4808954885669565,-0.894259035425837,False
2025-08-28,Site_C,288.6473533956105,276.47132142965023,-12.176031965960249,-4.218307156716654,-1.672244227363913,False
2025-08-29,Site_C,234.0715237248017,238.75511680178818,4.683593076986483,2.0009239066999847,-1.208211119151271,False
2025-08-30,Site_C,284.4152785952093,268.5331228941385,-15.882155701070815,-5.584142940392069,-1.9526595924294001,False
2025-08-31,Site_C,228.27386518511304,235.4202448721893,7.146379687076262,3.130616674528677,-1.5624110351098293,False
2025-09-01,Site_C,297.53829336743945,301.7803987755017,4.24210540806223,1.4257342676976101,-1.1764648756932765,False
2025-09-02,Site_C,239.0741725771373,242.25705817681796,3.1828855996806737,1.3313381221276488,-0.34210465923168,False
2025-09-03,Site_C,263.96993327183793,247.16206707004648,-16.807866201791455,-6.367341156419738,-1.1830254689249347,False
2025-09-04,Site_C,288.84824956687953,285.7017923609928,-3.1464572058867475,-1.0893115020100619,-0.7360260896811356,False
2025-09-05,Site_C,155.52998773119083,160.62213403661684,5.092146305426013,3.2740607645562143,-0.5541493957016742,False
2025-09-06,Site_C,271.90054306699466,268.1367749067348,-3.763768160259872,-1.3842444438709718,0.0458361038013397,False
2025-09-07,Site_C,235.38950586762925,228.00848835253416,-7.381017515095095,-3.1356612470420804,-0.8493464564230543,False
2025-09-08,Site_C,302.6648484061406,297.30136771874055,-5.363480687400056,-1.7720857627321478,-1.306177889341591,False
2025-09-09,Site_C,145.68475653956892,145.5310269233491,-0.1537296162198345,-0.10552210119394373,-1.5114436355303902,False
2025-09-10,Site_C,298.6567158189738,290.9110069707657,-7.745708848208096,-2.5935157114976914,-0.9723257148272405,False
2025-09-11,Site_C,303.0427005673308,314.01660525941094,10.973904692080112,3.621240396662153,-0.2993897293026384,False
2025-09-12,Site_C,197.23796753744577,196.85756469760614,-0.38040283983963263,-0.1928649157102133,-0.7946648264835565,False
2025-09-13,Site_C,225.11697793805237,220.68256795323782,-4.43440998481455,-1.9698247664086936,-0.8783191582746598,False
2025-09-14,Site_C,265.82365094543866,255.66846636976828,-10.155184575670376,-3.8202712736628417,-0.9761205906490541,False
2025-09-15,Site_C,211.57277183258242,214.1155901226607,2.542818290078287,1.2018646199381553,-0.551270535981868,False
2025-09-16,Site_C,264.6555727884866,268.85384963713625,4.198276848649641,1.5863171912139988,-0.30957920849501913,False
2025-09-17,Site_C,243.62583350781432,238.22945363168614,-5.396379876128179,-2.2150277737090183,-0.2555095030966372,False
2025-09-18,Site_C,250.2304134968096,81.7290555936106,-168.501357903199,-67.33848038234063,-10.392612471525608,False
2025-09-19,Site_C,171.38527678564358,60.70142370328685,-110.68385308235673,-64.58189125591703,-19.59104480584087,False
2025-09-20,Site_C,189.32520644372488,65.67438990921897,-123.6508165345059,-65.3113332646807,-28.639831734165437,True
2025-09-21,Site_C,171.49994613463159,60.56666419278403,-110.93328194184755,-64.68414972839831,-37.33467151341336,True
2025-09-22,Site_C,222.7879599518661,82.3778082245806,-140.4101517272855,-63.024120225177995,-46.509812205572814,True
2025-09-23,Site_C,251.7568504492894,87.93242670024081,-163.8244237490486,-65.07247904344405,-56.03249738195253,True
2025-09-24,Site_C,253.35111278733672,87.3261105860534,-166.0250022012833,-65.53158593806727,-65.07771997686086,True
2025-09-25,Site_C,184.15928611811046,62.14355713457389,-122.01572898353658,-66.25553973166569,-64.92301416962157,True
2025-09-26,Site_C,245.89769546382118,85.51674104130211,-160.38095442251907,-65.22263420159456,-65.01454887614695,True
2025-09-27,Site_C,271.4768962676647,95.35452756702442,-176.12236870064027,-64.87563808265698,-64.9523067072864,True
2025-09-28,Site_C,181.60740435625019,63.549519384539856,-118.05788497171034,-65.00719802157519,-64.99845646345453,True
2025-09-29,Site_C,236.02891858702583,86.74522007489851,-149.28369851212733,-63.24805426631872,-65.03044704076035,True
2025-09-30,Site_C,162.8906619739753,57.62874834053834,-105.26191363343698,-64.62120809003432,-64.96597976170182,True
2025-10-01,Site_C,156.15044249867887,54.58325096003857,-101.5671915386403,-65.04444682537459,-64.89638845988857,True
2025-10-02,Site_C,192.234572011742,65.86900672262756,-126.36556528911443,-65.73508810964337,-64.8220382281711,True
2025-10-03,Site_C,171.03864566844155,60.25726057736902,-110.78138509107254,-64.76979787703785,-64.757347324663,True
2025-10-04,Site_C,156.17296416663876,53.21813360008607,-102.95483056655269,-65.92359382812151,-64.9070552883008,True
2025-10-05,Site_C,136.61628037454975,47.99921389959766,-88.61706647495208,-64.86567064481473,-64.88683709162072,True
2025-10-06,Site_C,196.63774068196736,199.38597208688782,2.7482314049204604,1.3976113615774912,-55.651742001921264,True
2025-10-07,Site_C,235.56199979318686,233.8865382492998,-1.675461543887053,-0.7112613856895573,-46.5217496155863,True
2025-10-08,Site_C,268.8238655816117,263.94546008832407,-4.87840549328763,-1.8147218747610057,-37.48893176549865,True
2025-10-09,Site_C,144.6998934802899,134.47211701008473,-10.227776470205157,-7.06826814050027,-29.10795748419249,True
2025-10-10,Site_C,189.28837304944412,194.99736666011842,5.708993610674298,3.0160297321500296,-19.424267825737076,True
2025-10-11,Site_C,215.91302296559957,218.68982829651242,2.7768053309128504,1.2860758896211955,-9.82288643748812,False
2025-10-12,Site_C,161.48889942687538,163.44435628715317,1.955456860277792,1.2108924311316225,-0.383377426638642,False
2025-10-13,Site_C,156.25603419907026,149.45819426665759,-6.797839932412671,-4.350449547280983,-1.2045289850469953,False
2025-10-14,Site_C,161.51760979063948,167.85372204803147,6.336112257391989,3.92286157874978,-0.5425114186985188,False
2025-10-15,Site_C,188.5579076901722,185.82224430882852,-2.73566338134367,-1.4508346082407528,-0.4905275234813398,False
2025-10-16,Site_C,151.98488932791443,149.83542237983585,-2.149466948078583,-1.4142635873761165,0.31718741267925354,False
2025-10-17,Site_C,209.92125711796123,203.47166387273353,-6.449593245227703,-3.072386919636003,-0.5525863947187512,False
2025-10-18,Site_C,177.56404455579468,167.77292392352794,-9.79112063226674,-5.514134720664209,-1.5240450533309517,False
2025-10-19,Site_C,186.86370313635888,192.87650144366356,6.012798307304678,3.2177454510344345,-1.2373517647734071,False
2025-10-20,Site_C,139.08948973492195,143.91814550008658,4.828655765164626,3.4716180024580745,-0.11991354338211321,False
2025-10-21,Site_C,196.0284817732249,195.04071706769645,-0.9877647055284626,-0.5038883618305813,-0.7523063920364506,False
2025-10-22,Site_C,180.85763965894031,177.45721706711885,-3.400422591821467,-1.880165304730258,-0.8136393486778084,False
2025-10-23,Site_C,134.24238547180357,132.72136173502673,-1.52102373677684,-1.1330428399578147,-0.7734649561894795,False
2025-10-24,Site_C,159.10517550481035,156.41440997207488,-2.690765532735469,-1.6911866783705705,-0.5761506360087035,False
2025-10-25,Site_C,170.7391830007826,164.56483041891602,-6.174352581866572,-3.616248170660551,-0.30502398600818104,False
2025-10-26,Site_C,155.57933890230683,153.3473620908163,-2.23197681149054,-1.434622892241539,-0.9696480350476059,False
2025-10-27,Site_C,147.5907909901555,147.53680823791922,-0.05398275223629412,-0.03657596241210932,-1.4708186014576319,False
2025-10-28,Site_C,165.92227008334712,170.82748749180217,4.905217408455059,2.956334557133915,-0.9765010416055612,False
2025-10-29,Site_C,177.06280891732428,176.60728266204978,-0.4555262552744921,-0.25726817396599105,-0.7446585943535231,False
2025-10-30,Site_C,119.71861442504434,114.30489515497398,-5.413719270070359,-4.522036356727034,-1.2288005253205543,False
2025-10-31,Site_C,133.19209986906563,134.0636787620525,0.8715788929868609,0.6543773195584917,-0.8937199541878311,False
2025-11-01,Site_C,122.65516670844652,121.59263479580578,-1.0625319126407362,-0.8662757070530859,-0.5008667451010504,False
2025-11-02,Site_C,139.86504349268785,144.82305179810447,4.958008305416627,3.544851652425813,0.21048676127999982,False
2025-11-03,Site_C,166.36558913173565,173.88834255570413,7.5227534239684815,4.52182056591741,0.8616862653270739,False
2025-11-04,Site_C,159.64606873405828,166.8276967040419,7.181627969983623,4.4984684101096954,1.0819911014664712,False
2025-11-05,Site_C,147.8794645919496,144.6727334389981,-3.2067311529515052,-2.1684763072411584,0.8089613681414473,False
2025-11-06,Site_C,157.68271974511975,167.14719387794884,9.464474132829082,6.002226590286857,2.3124275034291455,False
2025-11-07,Site_C,138.4506941350332,139.4917453349734,1.041051199940199,0.7519292022652087,2.3263634866729626,False
2025-11-08,Site_C,161.19924142990294,169.4569857755787,8.257744345675746,5.122694295845434,3.1819306299441794,False
2025-11-09,Site_C,137.7601758294185,135.5862241756632,-2.173951653755296,-1.5780697437895193,2.450084716199132,False
2025-11-10,Site_C,128.84544695516576,127.3913274586591,-1.4541194965066495,-1.128576547227655,1.64288512860698,False
2025-11-11,Site_C,99.39941960068899,100.28342157636561,0.8840019756766253,0.8893431965979989,1.1272958123910233,False
2025-11-12,Site_C,95.83699609101613,95.66532464992682,-0.1716714410893161,-0.17912857048052738,1.4114883462139705,False
2025-11-13,Site_C,84.40487712769801,86.6910866384818,2.2862095107837916,2.7086225210954744,0.9409734791866303,False
2025-11-14,Site_C,78.37024776379677,77.07178392648584,-1.2984638373109334,-1.6568326301894891,0.5968646459788164,False
2025-11-15,Site_C,174.5843733348395,180.4309782347126,5.8466048998730855,3.3488706853847354,0.34346127305585944,False
2025-11-16,Site_C,136.01656169878413,137.92219025011516,1.9056285513310343,1.4010268510912294,0.7690465008959665,False
2025-11-17,Site_C,64.3069494559004,63.14707452164011,-1.1598749342602872,-1.8036541059309483,0.6726068496526388,False
2025-11-18,Site_C,103.69283504731125,105.10880069246048,1.4159656451492282,1.3655385586701094,0.7406347585200832,False
2025-11-19,Site_C,72.95586212356797,70.21424601244397,-2.741616111124003,-3.7579106480579028,0.2293801760090295,False
2025-11-20,Site_C,140.2361569769606,149.40073241732634,9.164575440365752,6.53510167272439,0.7760200548131603,False
2025-11-21,Site_C,94.24368908856619,85.7236682473019,-8.520020841264284,-9.040415250784095,-0.2787774624146405,False
2025-11-22,Site_C,64.78721111563924,65.15010188967776,0.36289077403851877,0.5601271729242859,-0.6771693927661333,False
2025-11-23,Site_C,127.86560649502918,121.28355199849392,-6.582054496535264,-5.1476348307870765,-1.6126924901773199,False
2025-11-24,Site_C,105.52336960861933,104.83060284284382,-0.6927667657755165,-0.6565055383892234,-1.448814123385645,False
2025-11-25,Site_C,80.50777822678728,79.09286271155779,-1.4149155152294952,-1.7574892096062236,-1.894960947425121,False
2025-11-26,Site_C,93.95118015517933,97.52932994143518,3.5781497862558496,3.8085203191123447,-0.8140422378293716,False
2025-11-27,Site_C,87.15104203450268,84.94349651325358,-2.207545521249102,-2.533011045783188,-2.1094869119018824,False
2025-11-28,Site_C,102.28601292434348,105.68016682793696,3.3941539035934767,3.318297200716959,-0.34395656168744626,False
2025-11-29,Site_C,102.22682334767194,98.70797555310986,-3.5188477945620775,-3.4421961666504375,-0.9157170387695496,False
2025-11-30,Site_C,70.46513076068437,72.87901743668424,2.413886675999862,3.4256470539989072,0.3090375161998766,False
2025-12-01,Site_C,97.50907968968167,95.27001444906965,-2.239065240612021,-2.296263330284469,0.07478640307198445,False
2025-12-02,Site_C,108.61498250354259,108.87417525602012,0.2591927524775315,0.23863443744427953,0.3599469240791992,False
2025-12-03,Site_C,115.71579372781981,113.99527086480394,-1.7205228630158729,-1.4868522330346625,-0.396534869084659,False
2025-12-04,Site_C,70.09214421651015,71.37694975371518,1.284805537205031,1.8330235885441728,0.22718436439067827,False
2025-12-05,Site_C,115.52319897144187,118.72515549066954,3.2019565192276644,2.7717000115441834,0.14909905165171033,False
2025-12-06,Site_C,81.07397118268177,80.69910052495922,-0.37487065772255335,-0.46238102347036575,0.5747869292488634,False
2025-12-07,Site_C,86.32299060309965,82.93507085575605,-3.3879197473436022,-3.9247015466838446,-0.4752628708486725,False
2025-12-08,Site_C,82.55734237321664,79.77353873813003,-2.7838036350866133,-3.3719637225019716,-0.6289343554511729,False
2025-12-09,Site_C,94.34698879156481,90.61101997232478,-3.7359688192400284,-3.959817761109135,-1.2287132409588035,False
2025-12-10,Site_C,82.45104397800745,76.58390156121712,-5.86714241679033,-7.115910404185179,-2.03286440826602,False
2025-12-11,Site_C,106.91430342262683,110.90275195445197,3.988448531825142,3.730509767303077,-1.7617949541576052,False
2025-12-12,Site_C,83.30481853844579,81.48917096153923,-1.8156475769065565,-2.1795228760610312,-2.469112509529779,False
2025-12-13,Site_C,82.84236804202855,80.88455274340303,-1.957815298625519,-2.3633019491092497,-2.740672641763905,False
2025-12-14,Site_C,110.32262520441598,114.58467125937916,4.262046054963179,3.8632565596277866,-1.6281071980051005,False
2025-12-15,Site_C,85.430542405407,84.42097450641803,-1.009567898988962,-1.1817411789311842,-1.315218263209274,False
2025-12-16,Site_C,86.12308035372052,84.30070207707058,-1.8223782766499426,-2.1160161354716522,-1.0518180309753478,False
2025-12-17,Site_C,83.14754080769806,81.78297650842998,-1.364564299268082,-1.641136088948221,-0.2697074145129252,False
2025-12-18,Site_C,71.74996011463367,68.24230273080268,-3.5076573838309884,-4.8887238100576855,-1.5010264969930343,False
2025-12-19,Site_C,130.93161171694368,132.26265462376833,1.3310429068246492,1.016593998477757,-1.0444383720589214,False
2025-12-20,Site_C,126.75034048950648,125.09476004482248,-1.6555804446840057,-1.3061743568421178,-0.8934201445921884,False
2025-12-21,Site_C,109.74887075525426,107.60308330096002,-2.1457874542942363,-1.9551795289807172,-1.724625300107689,False
2025-12-22,Site_C,116.66409216825006,114.28099247004252,-2.3830996982075447,-2.0427019607461543,-1.8476196975098276,False
2025-12-23,Site_C,93.54117472404248,93.36953954891129,-0.1716351751311862,-0.18348623014146473,-1.5715439967483722,False
2025-12-24,Site_C,81.09888815177838,81.05876873366303,-0.0401194181153528,-0.04946975110222031,-1.3441630913418006,False
2025-12-25,Site_C,114.13903107830575,112.5425964446894,-1.5964346336163544,-1.3986754737046183,-0.8455847575770769,False
2025-12-26,Site_C,78.40737716995952,76.63610363036184,-1.7712735395976722,-2.2590649037502892,-1.3135360293239404,False
2025-12-27,Site_C,120.62252177091732,120.38383230474471,-0.23868946617260178,-0.1978813431093023,-1.1552084559335383,False
2025-12-28,Site_C,109.14837157499146,108.53213608786714,-0.6162354871243139,-0.5645851406046156,-0.9565521147369523,False
2025-12-29,Site_C,103.44443687870695,103.20709220649748,-0.23734467220947408,-0.22944169775680726,-0.6975149343099029,False
2025-12-30,Site_C,70.04777639666614,67.82054065129975,-2.227235745366386,-3.179595213349826,-1.1255305033396688,False
2025-12-31,Site_C,107.82532518600284,110.99239291484743,3.167067728844586,2.937220660713308,-0.6988604445088791,False
2025-01-01,Site_D,59.668340281041274,59.89887095504919,0.23053067400791605,0.3863534211310445,,False
2025-01-02,Site_D,80.7687864846999,79.61692179798605,-1.15186468671385,-1.4261260281928942,,False
2025-01-03,Site_D,42.76900518586942,43.56605016176026,0.7970449758908416,1.863604197542055,0.27461053016006837,False
2025-01-04,Site_D,76.04619763212803,76.7537440598941,0.7075464277660757,0.9304165754464377,0.4385620414816607,False
2025-01-05,Site_D,42.97079632550234,40.1933869769191,-2.777409348583241,-6.463481215345553,-0.941846609883782,False
2025-01-06,Site_D,75.28803690009842,76.99526752611935,1.7072306260209302,2.267598806283523,-0.4069390405225645,False
2025-01-07,Site_D,47.67751013255563,45.83710093209061,-1.8404092004650252,-3.86012020205799,-0.9002506350276253,False
2025-01-08,Site_D,65.8579792035396,68.70758145624696,2.8496022527073563,4.326889903348571,-0.337316851853693,False
2025-01-09,Site_D,72.0532896660026,72.21259994921175,0.15931028320915175,0.22110063807998515,-0.10199875667185308,False
2025-01-10,Site_D,52.00653446821904,53.437893545255825,1.431359077036788,2.75226775187546,0.024953179661490448,False
2025-01-11,Site_D,56.00805822861147,54.29917799238557,-1.7088802362258946,-3.051132801731235,-0.5438395885067485,False
2025-01-12,Site_D,83.10565395387424,84.3399691778772,1.2343152240029553,1.485236160572218,0.5916914651957902,False
2025-01-13,Site_D,64.92745646750254,67.38307315298336,2.4556166854808197,3.7820928449736884,0.8080477564372422,False
2025-01-14,Site_D,61.13351046828581,61.19715615672039,0.06364568843457619,0.10410933045893644,1.3743662610825176,False
2025-01-15,Site_D,74.66052717884655,74.50019375390487,-0.16033342494168323,-0.21474992342019017,0.7255605715441231,False
2025-01-16,Site_D,50.59354766308786,52.21314257900731,1.6195949159194498,3.201188670746402,1.1512874333536112,False
2025-01-17,Site_D,75.35409386826255,77.68575187676298,2.331658008500426,3.0942685245167123,1.2001446865880758,False
2025-01-18,Site_D,56.28609183925475,55.83650705471079,-0.44958478454395845,-0.798749335498208,1.5219137531927942,False
2025-01-19,Site_D,88.24273877628923,83.45484089308498,-4.787897883204252,-5.425826475470588,0.5346190909009645,False
2025-01-20,Site_D,74.91851301386545,74.11925769809862,-0.7992553157668283,-1.0668328609497457,-0.1580845813738117,False
2025-01-21,Site_D,73.35519866892214,75.53074790931726,2.1755492403951138,2.965773769101402,0.2507246241465405,False
2025-01-22,Site_D,59.98585626482349,58.64833132594084,-1.3375249388826518,-2.229733844221199,-0.037130221682175044,False
2025-01-23,Site_D,83.86744910129973,84.50655698907283,0.6391078877731076,0.7620452209070504,-0.38557928594493956,False
2025-01-24,Site_D,91.41141068411181,89.38603526860622,-2.025375415505593,-2.2156702323571325,-1.1441419654983458,False
2025-01-25,Site_D,76.67014521480664,72.88132753440132,-3.788817680405316,-4.941711887710908,-1.7359937586715888,False
2025-01-26,Site_D,75.4318928726256,74.68827861236102,-0.7436142602645788,-0.9858088295891592,-1.1017055235456703,False
2025-01-27,Site_D,72.61861228151406,74.24670763357786,1.628095352063795,2.2419808103083874,-0.62901785622308,False
2025-01-28,Site_D,60.50383981436478,57.294743884236134,-3.2090959301286475,-5.303954162206324,-1.8104075606956123,False
2025-01-29,Site_D,84.5450214486844,85.6989468894274,1.1539254407430093,1.3648650399165112,-1.2968934343902252,False
2025-01-30,Site_D,74.32261728286885,71.75983518373286,-2.562782099135987,-3.4481860203901897,-1.8983550402898308,False
2025-01-31,Site_D,85.03092073936627,87.61826107098632,2.587340331620055,3.042822903859501,-1.1471417351160262,False
2025-02-01,Site_D,89.97753859159936,92.43805325130674,2.4605146597073855,2.734587651786585,-0.05052751518781294,False
2025-02-02,Site_D,78.07385044328369,77.76603058274334,-0.3078198605403486,-0.3942675541075851,0.03397838130955478,False
2025-02-03,Site_D,87.30931308118305,87.91828178404832,0.608968702865269,0.697484244663602,-0.18666398521112887,False
2025-02-04,Site_D,91.72790333106035,90.26434289229957,-1.46356043876078,-1.5955455053611782,0.34310868005246337,False
2025-02-05,Site_D,64.30895017111025,62.82110716468744,-1.487843006422814,-2.313586215393084,-0.18238435642033596,False
2025-02-06,Site_D,80.5968251172596,84.65070247471554,4.053877357455946,5.029822640728088,1.0287597380251323,False
2025-02-07,Site_D,55.158115544745925,52.669017376565144,-2.4890981681807816,-4.512659911598231,-0.05059494989740086,False
2025-02-08,Site_D,90.11060965062194,94.9155557388193,4.8049460881973545,5.332275640823157,0.3205033342506809,False
2025-02-09,Site_D,112.87572858958993,110.49057408967174,-2.385154499918187,-2.1130800480504366,0.074958692258845,False
2025-02-10,Site_D,98.10356105831671,100.54542794950092,2.4418668911842047,2.489070595238292,0.3308995994838006,False
2025-02-11,Site_D,91.49471399452128,88.65272471160448,-2.841989282916799,-3.106178661957431,0.11509486282719315,False
2025-02-12,Site_D,68.4538375268212,68.82752809904302,0.37369057222181823,0.5459015677176621,0.5235931175572998,False
2025-02-13,Site_D,108.41697313854591,108.2983378596454,-0.11863527890051273,-0.10942500557445821,-0.21058511762877824,False
2025-02-14,Site_D,97.86976754719166,96.89443891012012,-0.9753286370715415,-0.9965576311410462,0.2917152081508196,False
2025-02-15,Site_D,86.15200486582003,87.91115735831403,1.759152492493996,2.0419170688294948,-0.17833601641970365,False
2025-02-16,Site_D,105.41422231577346,104.29380687846546,-1.1204154373079973,-1.062869328914402,-0.02830591368598442,False
2025-02-17,Site_D,81.35742565683228,77.75141268891323,-3.6060129679190425,-4.432309575685566,-1.0170745095322498,False
2025-02-18,Site_D,71.90097633815944,73.12730968087322,1.2263333427137866,1.7055864957190354,-0.32967948700704036,False
2025-02-19,Site_D,122.50283837728605,118.59476236479972,-3.908076012486333,-3.19019221452664,-0.8634071701847977,False
2025-02-20,Site_D,86.22575751628753,87.41359010818599,1.1878325918984558,1.3775844087818903,-0.6509772538481765,False
2025-02-21,Site_D,98.60311578805927,101.12800195330753,2.5248861652482617,2.560655558466665,-0.14280394104707497,False
2025-02-22,Site_D,102.91649996508883,102.02726275444395,-0.8892372106448789,-0.8640375556363893,-0.5579403159707726,False
2025-02-23,Site_D,105.21066519330574,109.2393059705131,4.028640777207357,3.829118245574678,0.14091505181338165,False
2025-02-24,Site_D,92.24586308837374,92.64196973937865,0.3961066510049136,0.429403159928629,0.8354454426154094,False
2025-02-25,Site_D,132.985237083779,130.33130170910323,-2.6539353746757683,-1.9956616485210483,0.3066957077239691,False
2025-02-26,Site_D,140.60516354503986,145.85657591704225,5.251412372002392,3.7348645238908413,1.295989527497895,False
2025-02-27,Site_D,92.66155427346565,89.38236258362082,-3.2791916898448363,-3.5388913077878925,0.5936358537022117,False
2025-02-28,Site_D,106.31543115931818,104.96536446879745,-1.350066690520734,-1.2698689887243197,0.04641806124635672,False
2025-03-01,Site_D,89.27578632312067,88.15533175367291,-1.1204545694477588,-1.2550486706355484,-0.00944066946780886,False
2025-03-02,Site_D,140.8863154707884,142.88230389054635,1.995988419757964,1.4167369010170583,-0.3540665758331831,False
2025-03-03,Site_D,93.42166681951768,95.97502727168018,2.5533604521624937,2.733156599630531,-0.024958941590054247,False
2025-03-04,Site_D,101.78152429898198,104.89358292421171,3.1120586252297358,3.0575869703897354,0.6969337182543435,False
2025-03-05,Site_D,127.21455443381132,127.13537521088304,-0.07917922292827484,-0.06224069508451656,0.15449011554357805,False
2025-03-06,Site_D,139.9112206534054,138.76141261946523,-1.149808033940161,-0.8218125955662406,0.5426442172895283,False
2025-03-07,Site_D,120.81808850066717,113.50878302821454,-7.309305472452635,-6.049843664272401,-0.14020930778876903,False
2025-03-08,Site_D,142.79989393459417,136.5160030459582,-6.283890888635966,-4.400487084054937,-0.5895576525629674,False
2025-03-09,Site_D,59.08306144707089,60.847487815839614,1.7644263687687243,2.9863489222700013,-0.36532736381254705,False
2025-03-10,Site_D,144.22693221520666,136.04416682122866,-8.182765393978002,-5.673534941288342,-1.566283298229529,False
2025-03-11,Site_D,144.53249271919262,140.95470335611523,-3.577789363077386,-2.475422166853895,-2.3567131749786188,False
2025-03-12,Site_D,118.0967644894897,121.23433326971798,3.1375687802282783,2.656777934426403,-1.968281942191345,False
2025-03-13,Site_D,172.34936500019526,172.9813110257337,0.6319460255384399,0.3666657115549709,-1.7984993268883147,False
2025-03-14,Site_D,140.49428493636634,143.82528401857513,3.330999082208791,2.3709142928607316,-0.5955339044407241,False
2025-03-15,Site_D,136.4553569486503,137.63642358136562,1.1810666327153285,0.8655333576678689,0.15675473009110524,False
2025-03-16,Site_D,126.26348559080688,131.3464432362754,5.082957645468525,4.0256750569529745,0.30522989218867286,False
2025-03-17,Site_D,158.21119116215232,158.38370878378174,0.1725176216294244,0.1090426159882769,1.1313124003710469,False
2025-03-18,Site_D,111.93388062843991,113.0330918682068,1.0992112397668876,0.9820183429677345,1.6252324732027081,False
2025-03-19,Site_D,82.15944132696458,79.63742312601435,-2.522018200950228,-3.0696632793710417,0.8071694426602162,False
2025-03-20,Site_D,160.5779484950942,162.02861931565207,1.4506708205578605,0.9034059994870215,0.8838466266505092,False
2025-03-21,Site_D,164.3660140512262,161.93636309043038,-2.4296509607958114,-1.4781954620123527,0.3339738045257828,False
2025-03-22,Site_D,179.4073267685906,176.3107733482453,-3.0965534203452876,-1.725990502238179,-0.03624388974650973,False
2025-03-23,Site_D,176.14430862608657,178.8355508807101,2.6912422546235177,1.5278621691583572,-0.3930743022885978,False
2025-03-24,Site_D,129.71448843433785,132.28571390717738,2.5712254728395294,1.9822191829720681,-0.12547764986234208,False
2025-03-25,Site_D,153.1916650696751,159.20444379833276,6.012778728657651,3.9250038348515237,0.29494884897819923,False
2025-03-26,Site_D,171.6701086051069,178.23002959249698,6.559920987390086,3.821236580259809,1.2793631146397495,False
2025-03-27,Site_D,134.3119390305438,136.10301293813126,1.791073907587446,1.3335180182158928,1.3408076887438738,False
2025-03-28,Site_D,138.84952895381608,129.6428544429361,-9.206674510879964,-6.630684727740253,0.604737793639888,False
2025-03-29,Site_D,151.4727991331708,158.13341363626733,6.660614503096525,4.397234712247373,1.4794842528521097,False
2025-03-30,Site_D,132.54407373664387,133.308679949575,0.7646062129311417,0.5768694075680537,1.343628144053495,False
2025-03-31,Site_D,180.59231572238008,174.31567998376016,-6.276635738619916,-3.4755829524157753,0.5639421247123745,False
2025-04-01,Site_D,154.48433308780395,155.29819650199764,0.8138634141936905,0.5268258586008956,0.07848812810514187,False
2025-04-02,Site_D,162.60996852680992,156.17200951090183,-6.437959015908092,-3.9591416653196445,-1.0329944784062086,False
2025-04-03,Site_D,159.33009971975628,160.68470503956243,1.3546053198061543,0.850187957070731,-1.1020416299983746,False
2025-04-04,Site_D,166.87500499173376,157.43073872263233,-9.444266269101433,-5.659485235412733,-0.9632988453801573,False
2025-04-05,Site_D,159.50179695386308,153.82240454428887,-5.679392409574206,-3.5607074766794047,-2.100147729512554,False
2025-04-06,Site_D,149.627778529219,149.68635996719502,0.05858143797601656,0.03915144537454781,-2.1769645812544836,False
2025-04-07,Site_D,156.5166917966168,159.52484257344707,3.008150776830263,1.921936083813449,-1.4058904332217372,False
2025-04-08,Site_D,203.10740746379102,200.07672468573963,-3.0306827780513856,-1.4921576794739406,-1.6943166529467137,False
2025-04-09,Site_D,187.37915606985592,180.45944639369714,-6.919709676158789,-3.6928918996620332,-1.656280972138484,False
2025-04-10,Site_D,184.38621653890397,170.32040231059742,-14.06581422830655,-7.628452111190633,-2.867515267604393,False
2025-04-11,Site_D,179.71642733056223,174.10412703434952,-5.612300296212709,-3.1228643811673926,-2.5051408598550586,False
2025-04-12,Site_D,121.04533085983097,119.15143577998809,-1.8938950798428777,-1.5646163849442365,-2.2199849896071773,False
2025-04-13,Site_D,203.54592501410474,195.82350541925715,-7.722419594847594,-3.793944582438812,-2.7675701364376577,False
2025-04-14,Site_D,196.41336824779827,191.428367650494,-4.985000597304264,-2.538014923207827,-3.404705994583554,False
2025-04-15,Site_D,197.18237339614882,189.9872702771303,-7.195103119018512,-3.6489585732712557,-3.71282040798317,False
2025-04-16,Site_D,191.0677825965017,185.50390711090716,-5.5638754855945365,-2.9119903994198584,-3.601263050805717,False
2025-04-17,Site_D,202.9766452624716,198.25625830429288,-4.720386958178722,-2.325581325908077,-2.8437100814796374,False
2025-04-18,Site_D,177.02619001404202,171.43061863868186,-5.5955713753601515,-3.160872057923351,-2.8491397495876316,False
2025-04-19,Site_D,179.5424167693265,183.32808131728905,3.78566454796254,2.108507068180054,-2.324407827712733,False
2025-04-20,Site_D,197.566952173615,179.64956283054073,-17.917389343074262,-9.06902148661436,-3.077990242594954,False
2025-04-21,Site_D,238.7752576203939,227.86872312177476,-10.906534498619123,-4.567698767163886,-3.3679450774458197,False
2025-04-22,Site_D,149.1785666229704,139.81350445110814,-9.365062171862263,-6.277753154400021,-3.743487160464215,False
2025-04-23,Site_D,197.72268366962197,193.22925457735494,-4.493429092267036,-2.2725915959016514,-3.6521444742473284,False
2025-04-24,Site_D,121.87738926474032,117.24992732193272,-4.627461942807599,-3.796817416851532,-3.8623210586678214,False
2025-04-25,Site_D,149.91350447338553,151.10886187370863,1.195357400323104,0.7973647234264464,-3.2968586613321365,False
2025-04-26,Site_D,161.50669499774946,162.27412077161637,0.7674257738669041,0.4751665396147188,-3.5301930225557556,False
2025-04-27,Site_D,159.82909325133625,153.08732927500378,-6.741763976332464,-4.218108129870217,-2.837205400163735,False
2025-04-28,Site_D,153.53157977688636,149.0279022246351,-4.503677552251247,-2.9333884004815407,-2.6037324906376855,False
2025-04-29,Site_D,151.69475308462577,145.8948522126166,-5.799900872009175,-3.823402427619623,-2.253110958240486,False
2025-04-30,Site_D,177.90580088381114,168.4652304387903,-9.440570445020853,-5.30649950598655,-2.6865263739669,False
2025-05-01,Site_D,188.5402984481513,184.28604674035617,-4.2542517077951345,-2.2564150703119084,-2.466468895889811,False
2025-05-02,Site_D,143.56786944087702,136.9849520778702,-6.582917363006828,-4.5852302389412785,-3.235411033370915,False
2025-05-03,Site_D,205.37725948241356,188.82938010968786,-16.547879372725703,-8.057308493856253,-4.454336038152482,False
2025-05-04,Site_D,219.23356992332936,212.1658518120761,-7.067718111253242,-3.2238302344503964,-4.312296338806793,False
2025-05-05,Site_D,160.24158178969728,148.5111822305046,-11.730399559192676,-7.320446683176016,-4.939018950620289,False
2025-05-06,Site_D,187.4559415913096,183.9175574532146,-3.538384138094983,-1.8875817475070216,-4.662473139175632,False
2025-05-07,Site_D,242.8833413594436,250.15137279231985,7.268031432876256,2.992396017032836,-3.476916635887148,False
2025-05-08,Site_D,220.66238864898588,213.09568062377198,-7.566708025213899,-3.429088242695715,-3.644441374799121,False
2025-05-09,Site_D,228.09692397050026,222.19213990528883,-5.90478406521143,-2.5887170955339562,-3.3592252114552177,False
2025-05-10,Site_D,139.51880423384478,134.64512619408274,-4.873678039762041,-3.4932051392824173,-2.707210446516098,False
2025-05-11,Site_D,219.27813068892044,219.26922364245178,-0.008907046468664248,-0.004061985771531524,-2.247243553847689,False
2025-05-12,Site_D,251.4093580257339,255.23881161188652,3.829453586152624,1.523194528725795,-0.9838662378617161,False
2025-05-13,Site_D,179.2234149712145,170.84336769478134,-8.380047276433174,-4.675754715297169,-1.382176661831737,False
2025-05-14,Site_D,241.78038356361708,234.3299578955761,-7.450425668040992,-3.0814847582871177,-2.249873915448873,False
2025-05-15,Site_D,267.21589928351347,259.48840935209444,-7.727489931419029,-2.891852600140472,-2.17312596651241,False
2025-05-16,Site_D,185.56848641555203,171.61473547673265,-13.953750938819383,-7.519461525149322,-2.8775180278860337,False
2025-05-17,Site_D,206.3408135786985,201.985365687384,-4.355447891314498,-2.1108029069844334,-2.6800319947006073,False
2025-05-18,Site_D,214.16791638637773,216.37490781418688,2.2069914278091574,1.0304958207780996,-2.5322380223363745,False
2025-05-19,Site_D,192.5611025301414,191.6226838562997,-0.93841867384171,-0.4873355322084429,-2.8194566024698373,False
2025-05-20,Site_D,180.41847836501103,167.02999112627418,-13.388487238736843,-7.420796007186203,-3.2116053584539843,False
2025-05-21,Site_D,191.53272551778082,173.81898382463112,-17.7137416931497,-9.24841519654836,-4.092595421062733,False
2025-05-22,Site_D,220.4934157979495,220.36455231956504,-0.12886347838446,-0.05844323192967577,-3.687822654175477,False
2025-05-23,Site_D,237.73173253499507,224.0450762039251,-13.686656331069969,-5.757185288276665,-3.4360689060508123,False
2025-05-24,Site_D,275.4398491611477,271.4102468956818,-4.02960226546594,-1.4629699652167603,-3.3435213429411443,False
2025-05-25,Site_D,192.25913058457962,192.25303915192217,-0.006091432657456153,-0.0031683450554127928,-3.4911876523459315,False
2025-05-26,Site_D,223.35497665758265,212.3475508465205,-11.007425811062149,-4.928220528498557,-4.125599794673091,False
2025-05-27,Site_D,242.49563055321968,231.98098875751526,-10.51464179570442,-4.336012888857726,-3.684916492054737,False
2025-05-28,Site_D,273.19909906700957,266.1489963812204,-7.05010268578917,-2.580573182658973,-2.7323676329276823,False
2025-05-29,Site_D,233.3287903468858,215.70165968502585,-17.62713066185995,-7.5546316576081365,-3.8032516937388907,False
2025-05-30,Site_D,185.6565880068493,174.13272558198364,-11.523862424865655,-6.207085107284485,-3.8675230964542933,False
2025-05-31,Site_D,215.14548840899874,204.71374493375959,-10.43174347523916,-4.848692646256223,-4.351197765174217,False
2025-06-01,Site_D,259.30455313935977,247.90508568692832,-11.399467452431452,-4.396169413309515,-4.978769346353374,False
2025-06-02,Site_D,239.5006504263394,233.2326843658803,-6.267966060459116,-2.617097719484852,-4.648608945065702,False
2025-06-03,Site_D,264.40392795696744,269.1049527260431,4.701024769075673,1.7779708514166925,-3.775182696455071,False
2025-06-04,Site_D,269.12424625621037,258.72311605682575,-10.401130199384625,-3.8648060678570713,-3.9586445371976566,False
2025-06-05,Site_D,158.50205343957202,147.79503697918946,-10.707016460382562,-6.755127916664215,-3.84442971706281,False
2025-06-06,Site_D,248.94103725325172,250.74317399067672,1.802136737425002,0.723921116947729,-2.8542859707439225,False
2025-06-07,Site_D,180.7274391690861,164.95865192978394,-15.768787239302156,-8.725176050632298,-3.4080693142262186,False
2025-06-08,Site_D,246.10708087328874,227.88714604534144,-18.2199348279473,-7.4032550235025765,-3.8376529728252278,False
2025-06-09,Site_D,191.0589516847179,179.67307694132836,-11.385874743389536,-5.959351625763291,-4.31511781657929,False
2025-06-10,Site_D,200.24545594595477,190.14091369184794,-10.104542254106832,-5.046078177591204,-5.289981963580418,False
2025-06-11,Site_D,223.51479574526263,213.94516195259598,-9.56963379266665,-4.2814319118153845,-5.349499941288748,False
2025-06-12,Site_D,203.89214470320218,195.39994245539094,-8.492202247811235,-4.165046309249924,-4.979488283086708,False
2025-06-13,Site_D,200.39762139945066,192.22402348739345,-8.173597912057204,-4.078690083733504,-5.665575597469741,False
2025-06-14,Site_D,186.2364483432603,184.8219351494245,-1.414513193835802,-0.7595254346929193,-4.5276255094784,False
2025-06-15,Site_D,287.47725148826436,278.4727072924974,-9.004544195766982,-3.1322632135762483,-3.9174838223460684,False
2025-06-16,Site_D,264.1778178569672,252.22980254770772,-11.94801530925946,-4.5227170873704585,-3.712250316861378,False
2025-06-17,Site_D,125.7892614582783,125.41568309190171,-0.3735783663765915,-0.2969874868853568,-3.033808789617686,False
2025-06-18,Site_D,272.25383980023065,254.04816132712403,-18.205678473106616,-6.687023583015482,-3.377464742646271,False
2025-06-19,Site_D,256.4209716713695,234.74239113818152,-21.678580533187983,-8.454293107106453,-3.9902142851972036,False
2025-06-20,Site_D,230.24583460557497,227.80445810558,-2.441376499994959,-1.0603347088459536,-3.559020660213268,False
2025-06-21,Site_D,232.9689892209048,228.49936647022378,-4.469622750681026,-1.9185483723084107,-3.7245953655869095,False
2025-06-22,Site_D,185.2630557085016,172.20232423736772,-13.060731471133892,-7.049830534849881,-4.2842478400545705,False
2025-06-23,Site_D,195.09264846225958,186.23112913098993,-8.861519331269648,-4.542210791189242,-4.2870326548858255,False
2025-06-24,Site_D,172.79406031755147,161.0682200871986,-11.725840230352873,-6.786020427324739,-5.21403736066288,False
2025-06-25,Site_D,267.80668003134616,261.3645346024057,-6.442145428940478,-2.4055208138148156,-4.602394107919928,False
2025-06-26,Site_D,296.0833375866782,301.77531968908903,5.691982102410805,1.92242567542136,-3.1200057104159553,False
2025-06-27,Site_D,185.57878946399816,181.57387613824588,-4.004913325752284,-2.158066305594276,-3.2768245099514295,False
2025-06-28,Site_D,248.76052365211203,248.53028932887318,-0.23023432323884663,-0.09255259631179502,-3.0159679705233415,False
2025-06-29,Site_D,258.51461708136975,259.78946414336053,1.2748470619907835,0.4931431252839038,-1.9384003047899439,False
2025-06-30,Site_D,162.33322781370802,156.8694069193964,-5.463820894311624,-3.365805613488971,-1.7703424222613335,False
2025-07-01,Site_D,257.95171691824714,257.56650816613586,-0.38520875211128214,-0.1493336647312825,-0.8222443133194115,False
2025-07-02,Site_D,247.81515006539166,241.5645024604141,-6.250647604977559,-2.5223024513748182,-0.8389274043994117,False
2025-07-03,Site_D,229.44778453622095,231.56263007275214,2.114845536531192,0.9217110292896898,-0.981886639561079,False
2025-07-04,Site_D,213.52021479193266,202.44219301493757,-11.078021776995087,-5.188277741191951,-1.414773987503604,False
2025-07-05,Site_D,257.2530328625469,235.62543995811708,-21.627592904429804,-8.407128446172942,-2.602570537483768,False
2025-07-06,Site_D,185.99434112666367,183.284538263126,-2.709802863537675,-1.4569275856044874,-2.881152067610681,False
2025-07-07,Site_D,261.8767859094579,253.53713660869445,-8.339649300763455,-3.1845699006122787,-2.8552612514854387,False
2025-07-08,Site_D,165.44467455398808,156.87816661538744,-8.566507938600637,-5.177868651072964,-3.573623392391394,False
2025-07-09,Site_D,153.35755567974573,148.3560427142962,-5.001512965449535,-3.261341081814136,-3.6792003395970103,False
2025-07-10,Site_D,226.26029748290816,234.9225354884438,8.662238005535642,3.8284392365346345,-3.2639534528477325,False
2025-07-11,Site_D,206.2717581298142,194.55298146284397,-11.718776666970228,-5.681231775605065,-3.3343754577638918,False
2025-07-12,Site_D,248.09012525889565,233.66947049158756,-14.420654767308093,-5.812667776381406,-2.9637382192222437,False
2025-07-13,Site_D,119.61338086877525,114.74814054092995,-4.865240327845299,-4.067471626090754,-3.3366730821488533,False
2025-07-14,Site_D,269.74177329546524,270.53273364766886,0.7909603522036264,0.293228721135913,-2.839844707613397,False
2025-07-15,Site_D,207.24991398388096,215.95747042905623,8.707556445175271,4.201476506211003,-1.4999382565728305,False
2025-07-16,Site_D,151.4904603939276,151.27743911444045,-0.2130212794871511,-0.14061695959813053,-1.0541205248276868,False
2025-07-17,Site_D,243.98652909670392,229.04537759272634,-14.94115150397758,-6.123760831916939,-2.47586339174934,False
2025-07-18,Site_D,212.2936016328185,213.92952745824223,1.635925825423726,0.7705959166179731,-1.5541737214317632,False
2025-07-19,Site_D,244.37065216167932,238.389735020419,-5.980917141260306,-2.4474776690055404,-1.0734322775209253,False
2025-07-20,Site_D,171.3743415598375,164.5072762286856,-6.867065331151878,-4.007055705450607,-1.0648014317151901,False
2025-07-21,Site_D,173.43288129961837,161.78634205942416,-11.646539240194215,-6.715300554843427,-2.0660198997122388,False
2025-07-22,Site_D,254.46627023810373,252.2909424629361,-2.1753277751676308,-0.8548589850954234,-2.7883535413274423,False
2025-07-23,Site_D,253.43660685987606,246.5885232122615,-6.8480836476145726,-2.702089383401841,-3.1542781732994007,False
2025-07-24,Site_D,289.94723907366165,284.5329128406252,-5.414326233036434,-1.8673487805348314,-2.546219308816243,False
2025-07-25,Site_D,255.19542331778234,256.5495375130517,1.3541141952693465,0.5306185266430639,-2.580501793098373,False
2025-07-26,Site_D,207.1754518729586,194.44877018509465,-12.726681687863959,-6.142948680844701,-3.10842622336111,False
2025-07-27,Site_D,159.50660732806756,162.08058698380464,2.5739796557370767,1.6137134999323295,-2.3054591940206905,False
2025-07-28,Site_D,197.36463167133795,190.89699794019967,-6.467633731138278,-3.276997340591664,-1.8142730205561528,False
2025-07-29,Site_D,214.16626489005353,224.48386437052915,10.317599480475621,4.817565215405127,-1.0039267061989314,False
2025-07-30,Site_D,169.41817714980078,168.60687259834066,-0.8113045514601254,-0.4788769216556757,-0.6863249259494794,False
2025-07-31,Site_D,207.04997402221068,194.25848685033242,-12.79148717187826,-6.177970913681975,-1.3021280878276424,False
2025-08-01,Site_D,218.062150929919,199.67425019711783,-18.38790073280117,-8.432412802674175,-2.5825611348729622,False
2025-08-02,Site_D,247.55734163764123,247.59859423832862,0.04125260068738612,0.01666385671072889,-1.7026164866507583,False
2025-08-03,Site_D,164.08661005314994,159.49336699032875,-4.5932430628211876,-2.799279637341141,-2.333044077689826,False
2025-08-04,Site_D,207.69901502035063,203.25345737415694,-4.445557646193691,-2.140384558760719,-2.1706708231425473,False
2025-08-05,Site_D,263.61663150394253,265.8491555612101,2.2325240572675966,0.846882855808818,-2.7379111602277346,False
2025-08-06,Site_D,206.4751601518469,206.59410664237538,0.11894649052848649,0.05760813573943245,-2.661270437742719,False
2025-08-07,Site_D,231.77869353455287,233.19761635295572,1.418922818402848,0.6121886342375639,-1.6912476451827847,False
2025-08-08,Site_D,141.249566859075,132.69101532482605,-8.558551534248949,-6.059170109022588,-1.3522129746611296,False
2025-08-09,Site_D,237.11927092286402,243.89154147648892,6.772270553624907,2.856060803184553,-0.9465848394505832,False
2025-08-10,Site_D,162.14016254292633,154.68750398143277,-7.452658561493564,-4.596429684422257,-1.2033205604621713,False
2025-08-11,Site_D,145.35476610442612,132.84267137375267,-12.512094730673454,-8.607970048732,-2.127261344743783,False
2025-08-12,Site_D,221.52930159043535,210.59621696296347,-10.933084627471885,-4.93527698095895,-2.9532841785677495,False
2025-08-13,Site_D,191.9057206672485,190.4624339054392,-1.4432867618092757,-0.7520811556794793,-3.0689540773418797,False
2025-08-14,Site_D,188.43423563230485,180.0546603561707,-8.379575276134148,-4.446949487716958,-3.7916880947639546,False
2025-08-15,Site_D,191.38841417938997,188.0835718725949,-3.3048423067950807,-1.7267723968376811,-3.1727741358803963,False
2025-08-16,Site_D,209.88138786805436,209.8790486892627,-0.0023391787916580142,-0.0011145241678736089,-3.580942039787886,False
2025-08-17,Site_D,212.56645868447535,208.3740255256206,-4.1924331588547545,-1.972292893620543,-3.2060653553876413,False
2025-08-18,Site_D,145.3906755946042,140.05906592890375,-5.331609665700455,-3.6670918846038596,-2.5002256176550497,False
2025-08-19,Site_D,188.91884813051712,179.5138441515804,-9.405003978936719,-4.978330151811611,-2.5063760706340013,False
2025-08-20,Site_D,121.76598276737793,119.53523545476067,-2.230747312617268,-1.8319954899710322,-2.660649546961366,False
2025-08-21,Site_D,148.7769033095531,136.85876868832358,-11.918134621229513,-8.010742498405152,-3.169762834202537,False
2025-08-22,Site_D,198.49910601487446,191.6598159623949,-6.839290052479555,-3.445501690051468,-3.4152955903759348,False
2025-08-23,Site_D,188.22349047630235,180.65002419565633,-7.5734662806460165,-4.023656272381968,-3.9899444115493767,False
2025-08-24,Site_D,216.3762290182691,211.72287343870866,-4.65335557956044,-2.150585395019315,-4.015414768892058,False
2025-08-25,Site_D,217.205661910058,211.81602522924692,-5.389636680811094,-2.481351836510998,-3.846023333450222,False
2025-08-26,Site_D,203.7055446683795,206.52832737459465,2.8227827062151505,1.3857171687744056,-2.936873716223648,False
2025-08-27,Site_D,185.52377011318546,192.07576203322395,6.551991920038489,3.5316185715939317,-2.1706431360000815,False
2025-08-28,Site_D,180.13184757799874,171.7282067557495,-8.40364082224923,-4.665272096657076,-1.6927187928932133,False
2025-08-29,Site_D,146.49498852408001,152.71758478080662,6.222596256726604,4.247651281056464,-0.5936969398777944,False
2025-08-30,Site_D,177.71841251124903,170.95552493143393,-6.7628875798151,-3.805394997767623,-0.5625167577900306,False
2025-08-31,Site_D,142.76660983056686,141.26446680922325,-1.5021430213436133,-1.0521669059217227,-0.4055998307760889,False
2025-09-01,Site_D,185.8688453425128,186.1582008939888,0.28935555147600667,0.15567727390934832,-0.028881386430325173,False
2025-09-02,Site_D,149.07829683595202,157.96075951291317,8.882462676961154,5.958253391327343,0.6243380739343802,False
2025-09-03,Site_D,164.6166832821597,160.01496247736847,-4.601720804791228,-2.7954158187622395,-0.2795239818307871,False
2025-09-04,Site_D,180.0804776219958,167.99570140149385,-12.084776220501965,-6.710764198365209,-0.5717371392176632,False
2025-09-05,Site_D,97.44721280558116,99.8097532375076,2.3625404319264476,2.4244309959280193,-0.832197179950298,False
2025-09-06,Site_D,169.46067515749306,163.42446272946637,-6.036212428026687,-3.5620136780505343,-0.797428419990714,False
2025-09-07,Site_D,146.97091707450582,143.42963116243462,-3.541285912071203,-2.4095147411211797,-0.9913352535906365,False
2025-09-08,Site_D,188.7347187465463,180.2627996706044,-8.471919075941884,-4.4887973618245125,-1.6548316301240449,False
2025-09-09,Site_D,91.30398559716589,88.77565776874783,-2.528327828418057,-2.769131940825743,-2.9016009632887716,False
2025-09-10,Site_D,185.93742608939382,179.08266768401853,-6.854758405375293,-3.6865942212622143,-3.0289121636459106,False
2025-09-11,Site_D,188.74805844490493,190.12508809879597,1.377029653891043,0.7295596390428537,-1.966008758301902,False
2025-09-12,Site_D,123.31734081916468,121.67278558724114,-1.6445552319235475,-1.3335960871351906,-2.5028697701680747,False
2025-09-13,Site_D,140.2605321317176,135.28474505116614,-4.97578708055147,-3.5475318715308637,-2.5008009406652647,False
2025-09-14,Site_D,165.692203588315,168.617883392754,2.9256798044389996,1.7657317248965145,-1.904337159805594,False
2025-09-15,Site_D,131.93513468955788,130.8694398713788,-1.0656948181790824,-0.8077414865165767,-1.3784720347616033,False
2025-09-16,Site_D,165.1803832670255,154.15075789235448,-11.029625374671014,-6.677321578096149,-1.936784840085947,False
2025-09-17,Site_D,151.6396560863352,154.31516697981613,2.6755108934809186,1.764387339389395,-1.1580731885642883,False
2025-09-18,Site_D,155.81165616866772,154.8878034699694,-0.9238526986983118,-0.5929291308592675,-1.347000155693163,False
2025-09-19,Site_D,107.28376404255012,109.82728470491008,2.543520662359967,2.3708346598942724,-0.8177957632603826,False
2025-09-20,Site_D,118.02734462707559,116.55390247765746,-1.4734421494181333,-1.2483904929604965,-0.4893469948931872,False
2025-09-21,Site_D,106.59587127158716,102.92385219553185,-3.6720190760553066,-3.4448042238893666,-1.2337092732911703,False
2025-09-22,Site_D,138.6249185863289,135.96894874756228,-2.655969838766623,-1.9159396924100722,-1.3920233027045268,False
2025-09-23,Site_D,156.6712411020877,158.4627537285415,1.7915126264537946,1.1434853096532482,-0.27476517588318433,False
2025-09-24,Site_D,157.6762207736605,152.33855862290383,-5.337662150756671,-3.3852042651496097,-1.0104211193887565,False
2025-09-25,Site_D,114.95012384713539,111.6635694651563,-3.2865543819790872,-2.8591133893423724,-1.3341617277434856,False
2025-09-26,Site_D,152.74972367825671,150.77225436690605,-1.97746931135066,-1.2945812691065082,-1.8577925747435973,False
2025-09-27,Site_D,168.49137999410982,161.09926325850117,-7.392116735608653,-4.3872373387095935,-2.306199266993468,False
2025-09-28,Site_D,113.05701500050331,109.02581870721214,-4.031196293291174,-3.5656312819449796,-2.3234602752871276,False
2025-09-29,Site_D,146.62704266106556,145.77161435104824,-0.8554283100173166,-0.5834041896314272,-2.1330980606044636,False
2025-09-30,Site_D,101.5912216552887,103.4318727059443,1.8406510506555946,1.811820963135128,-2.0376215386784806,False
2025-10-01,Site_D,97.42764050767906,97.2770451800043,-0.1505953276747647,-0.15457146133277758,-1.5761025667046478,False
2025-10-02,Site_D,119.439133988258,118.1588898222548,-1.2802441660032002,-1.0718799804166868,-1.3207835082866926,False
2025-10-03,Site_D,106.65305364951327,102.48481933816673,-4.168234311346538,-3.908218441681309,-1.6941602472259498,False
2025-10-04,Site_D,97.45761752635278,99.3478605112011,1.890242984848328,1.9395538623106618,-0.7903329327944848,False
2025-10-05,Site_D,85.20567726502803,85.03303554883382,-0.17264171619420665,-0.2026176209564219,-0.3099024097961195,False
2025-10-06,Site_D,121.9203637975241,118.36679863726383,-3.553565160260277,-2.9146608897606003,-0.6429390812431441,False
2025-10-07,Site_D,145.85431128516382,148.77654677348218,2.922235488318364,2.003530415090042,-0.6155520166781565,False
2025-10-08,Site_D,166.7336270899334,168.3377342731763,1.6041071832428884,0.9620777831322886,-0.4560306960402899,False
2025-10-09,Site_D,89.96472097589883,86.39649177779036,-3.568229198108469,-3.9662538375063514,-0.8695126756245278,False
2025-10-10,Site_D,117.33619011135407,115.66438745969434,-1.671802651659732,-1.4247971150871377,-0.5147382003967891,False
2025-10-11,Site_D,133.81880395174036,131.00384254253987,-2.8149614092004924,-2.1035619255838394,-1.0923261700960034,False
2025-10-12,Site_D,100.11301490266266,107.15305501891216,7.0400401162495,7.032092803412576,-0.058796109471860855,False
2025-10-13,Site_D,96.85805480242281,98.03342015906146,1.1753653566386504,1.2134926300515068,0.5309401076441544,False
2025-10-14,Site_D,100.02195827857047,99.74440771049973,-0.27755056807073686,-0.2774896361234327,0.2050801003279438,False
2025-10-15,Site_D,116.89966406384285,117.61514796753751,0.7154839036946612,0.6120495806591123,0.1550760714032043,False
2025-10-16,Site_D,94.32396802001482,96.86062970647357,2.536661686458757,2.689307648635495,1.105870569423468,False
2025-10-17,Site_D,130.06106275232563,129.0395306627343,-1.021532089591318,-0.7854249903651905,1.1972094443837464,False
2025-10-18,Site_D,109.97067158288063,107.16253174666647,-2.8081398362141528,-2.5535352251602528,1.1329275444442588,False
2025-10-19,Site_D,115.48577425256562,117.61588353082075,2.1301092782551336,1.8444776354848844,0.3918396633117312,False
2025-10-20,Site_D,86.1821492572762,84.82608312253778,-1.3560661347384126,-1.573488415437635,-0.006300486043860465,False
2025-10-21,Site_D,121.37698981834022,116.7524035179557,-4.624586300384522,-3.8101013275299898,-0.51095929910194,False
2025-10-22,Site_D,111.60621145749727,107.24701911548804,-4.359192342009223,-3.905868934247736,-1.1563762298029183,False
2025-10-23,Site_D,83.07728037249677,86.39911702602095,3.321836653524173,3.998489886320215,-0.9693501958479585,False
2025-10-24,Site_D,98.43811746785528,97.65946138854306,-0.7786560793122135,-0.7910107378541466,-0.9701481597749522,False
2025-10-25,Site_D,105.08439815653253,103.19403959460266,-1.8903585619298724,-1.7988955497599328,-0.8623424918606206,False
2025-10-26,Site_D,96.85638135585073,94.53303184127763,-2.3233495145730956,-2.398757296163172,-1.4685189106674859,False
2025-10-27,Site_D,91.22994449452536,92.56600357041583,1.336059075890475,1.4644962060353448,-1.0345211075999172,False
2025-10-28,Site_D,102.53247147903099,101.11088022923155,-1.4215912497994339,-1.3864790629670571,-0.6882893555194983,False
2025-10-29,Site_D,108.75526431675141,103.9112516820889,-4.844012634662505,-4.4540488822262825,-0.7666007766592907,False
2025-10-30,Site_D,74.30621286085844,74.55481606726535,0.24860320640691214,0.3345658415837075,-1.2900184973359345,False
2025-10-31,Site_D,82.20129561252357,84.59416989612798,2.3928742836044137,2.9109933922256253,-0.7611607644673958,False
2025-11-01,Site_D,75.83661606590562,77.9873616561448,2.1507455902391825,2.8360252630076253,-0.09902921978631607,False
2025-11-02,Site_D,86.47919544222876,84.16615841205565,-2.3130370301731062,-2.6746745484216476,-0.13844597010895546,False
2025-11-03,Site_D,102.33851306782059,106.51481467255216,4.176301604731577,4.08086992818032,0.23532170448318387,False
2025-11-04,Site_D,98.71105993897191,98.97091043366375,0.2598504946918325,0.26324354621709567,0.47099636293806285,False
2025-11-05,Site_D,91.95898574148889,93.92677589636197,1.9677901548730858,2.1398563055108637,1.4129828183290838,False
2025-11-06,Site_D,96.91125474281954,98.73598291638399,1.824728173564452,1.882885716841523,1.6341713719373432,False
2025-11-07,Site_D,85.31535165026887,81.06909113750397,-4.246260512764891,-4.9771353345309794,0.5072958395435424,False
2025-11-08,Site_D,99.26302489006171,104.64023910821378,5.377214218152062,5.417137170771865,0.8760261120812911,False
2025-11-09,Site_D,85.53044996508535,84.84666609887567,-0.68378386620968,-0.7994624914154076,1.143913548796468,False
2025-11-10,Site_D,79.32735698239792,80.47205052845614,1.144693546058221,1.442999728721857,0.7670749488738304,False
2025-11-11,Site_D,61.34196560070967,58.74162472167181,-2.6003408790378586,-4.239089591559771,0.12388450061999239,False
2025-11-12,Site_D,58.82817802984034,59.49237405037049,0.6641960205301558,1.1290440104965433,-0.0205172558106248,False
2025-11-13,Site_D,52.34911640385545,53.11409653298413,0.7649801291286806,1.4613047586651162,-0.08074310697868288,False
2025-11-14,Site_D,48.55563491476671,50.53440266333476,1.9787677485680462,4.075258725463117,1.212456044449045,False
2025-11-15,Site_D,107.48015254046334,111.79334068498086,4.313188144517525,4.013008953344877,1.0118662991023324,False
2025-11-16,Site_D,83.98241866166926,84.4316782292452,0.4492595675759361,0.5349447833668839,1.202495909785517,False
2025-11-17,Site_D,39.7834240330142,37.2980888374959,-2.485335195518303,-6.247162620934418,0.10390128840604909,False
2025-11-18,Site_D,63.55538908901613,63.688155897191336,0.13276680817520514,0.2088993712071387,0.7393282830870361,False
2025-11-19,Site_D,45.17501496885884,43.051968302242216,-2.1230466666166237,-4.699603681548606,-0.09333567291941376,False
2025-11-20,Site_D,86.29068085281531,86.48901128453657,0.19833043172125997,0.22983991986289823,-0.26925922131973057,False
2025-11-21,Site_D,58.021861155748994,55.24370848440248,-2.7781526713465112,-4.78811367992673,-1.535455279232566,False
2025-11-22,Site_D,40.079096173958746,39.051210310132134,-1.0278858638266115,-2.5646433227066554,-2.47511989009707,False
2025-11-23,Site_D,78.31583583138813,77.5852137261498,-0.730622105238325,-0.9329174584963055,-2.684814496077526,False
2025-11-24,Site_D,64.61629587124276,63.882722044992654,-0.733573826250101,-1.1352768157924933,-1.9545450953429655,False
2025-11-25,Site_D,49.91868395136525,48.009912484108355,-1.9087714672568978,-3.823761598195526,-2.5306395195433464,False
2025-11-26,Site_D,57.44606714039198,57.186929138185164,-0.25913800220681793,-0.4510978994845942,-1.9237101221056303,False
2025-11-27,Site_D,53.50328903557334,53.8396857390058,0.3363967034324631,0.6287402316683731,-1.8667243632762764,False
2025-11-28,Site_D,63.25785108634837,57.8878035878487,-5.370047498499666,-8.489139934850826,-2.3954423996940046,False
2025-11-29,Site_D,62.434313909114906,58.480942643255325,-3.9533712658595803,-6.332048865972115,-2.93364319158907,False
2025-11-30,Site_D,43.023968920818284,42.66909550500943,-0.35487341580885357,-0.8248272409780835,-2.91820173194361,False
2025-12-01,Site_D,59.76299826208498,59.121174657201244,-0.6418236048837329,-1.0739481343775228,-2.909440491741471,False
2025-12-02,Site_D,66.33196080183349,67.23148976733377,0.8995289655002807,1.3561018770236877,-2.1694599952815836,False
2025-12-03,Site_D,70.83053589818317,69.31905252123923,-1.5114833769439429,-2.1339431613459148,-2.409866461261772,False
2025-12-04,Site_D,43.3729954183694,42.30908073291647,-1.0639146854529287,-2.452942609083296,-2.8501068670834395,False
2025-12-05,Site_D,70.3973824649323,71.02137067351299,0.623988208580684,0.8863798435851177,-1.5107468987354473,False
2025-12-06,Site_D,49.669531594871216,47.92892180233821,-1.7406097925330073,-3.5043813312560803,-1.1067943937760136,False
2025-12-07,Site_D,52.662743885904156,54.47098000294036,1.808236117036202,3.4336154624867525,-0.49844543613817993,False
2025-12-08,Site_D,50.68306643182202,50.43390400095188,-0.24916243087014323,-0.49160883192675847,-0.4152541072166422,False
2025-12-09,Site_D,58.12233851585403,58.480133263691584,0.35779474783755205,0.6155890436857704,-0.5210416548363446,False
2025-12-10,Site_D,50.210589953017426,50.64136343073148,0.4307734777140553,0.8579335118689793,-0.09363070151993123,False
2025-12-11,Site_D,65.28346146876908,69.90963359109847,4.626172122329393,7.08628497669736,1.269116096448734,False
2025-12-12,Site_D,51.5757451164726,51.55140399495267,-0.02434112151993162,-0.047194900364430005,1.1357482758845128,False
2025-12-13,Site_D,50.98961841731086,49.54957876012572,-1.4400396571851388,-2.824182062708374,1.2329195999627565,False
2025-12-14,Site_D,67.81393890596424,69.1468042009065,1.3328652949422661,1.9654739371363084,1.0231850963412648,False
2025-12-15,Site_D,52.25275032916374,50.11471541074184,-2.1380349184219014,-4.0917174788952755,0.5088838610600479,False
2025-12-16,Site_D,52.030044584918315,53.410182669431556,1.3801380845132414,2.652579092567787,0.7998824394717646,False
2025-12-17,Site_D,51.05731286685335,51.154770698110376,0.09745783125702445,0.19087928013597938,0.7045889777956217,False
2025-12-18,Site_D,44.31013435374105,43.64333438606924,-0.6667999676718068,-1.504847541983383,-0.5227156677301988,False
2025-12-19,Site_D,80.18455888868073,79.75348374841055,-0.4310751402701811,-0.5376036811135142,-0.592774064980068,False
2025-12-20,Site_D,77.55959391219983,75.48983513102401,-2.069758781175821,-2.6686044585520396,-0.5705486929577346,False
2025-12-21,Site_D,67.0782030856907,65.64827440261016,-1.429928683080547,-2.1317337336151496,-1.155864074493657,False
2025-12-22,Site_D,71.34038070780804,71.82177800851662,0.4813973007085792,0.6747893632363129,-0.47493452561771604,False
2025-12-23,Site_D,57.223490848736006,55.716302656889525,-1.5071881918464811,-2.6338627187749992,-1.2301404986666855,False
2025-12-24,Site_D,49.22614038488543,52.40008865171287,3.1739482668274377,6.447688650808743,-0.3363105885705764,False
2025-12-25,Site_D,69.63026685153802,64.7804915571017,-4.849775294436327,-6.965039075287133,-1.116337950471112,False
2025-12-26,Site_D,48.633921433634605,47.21120584597483,-1.4227155876597735,-2.9253565119177116,-1.4574454977288547,False
2025-12-27,Site_D,73.74802847565492,74.50992387403711,0.7618953983821939,1.0331061238249974,-0.9286297002464207,False
2025-12-28,Site_D,67.0239666305016,68.1788226288603,1.1548559983586983,1.7230493156654512,-0.3779464074920491,False
2025-12-29,Site_D,62.92647392657332,61.70935850554468,-1.2171154210286446,-1.934186591241158,-0.7506572581316878,False
2025-12-30,Site_D,43.081952600061236,44.05015922913003,0.9682066290687956,2.2473601372176883,-0.05333970727558958,False
2025-12-31,Site_D,66.08442927897961,63.532205223892525,-2.5522240550870876,-3.8620656680149446,-1.5261617528218305,False
2025-01-01,Site_E,151.98016583077435,146.77752663050106,-5.202639200273296,-3.4232356385676592,,False
2025-01-02,Site_E,204.491749366271,205.86062138085578,1.368872014584781,0.6694020755492464,,False
2025-01-03,Site_E,108.935846824679,111.16538531709905,2.2295384924200476,2.0466527386602684,-0.23572694145271486,False
2025-01-04,Site_E,191.3156780417282,184.21317370594448,-7.1025043357837205,-3.712452846773269,-1.1049084177828534,False
2025-01-05,Site_E,109.93528983331171,114.40784140639866,4.472551573086946,4.068349280625364,-0.07025687810120988,False
2025-01-06,Site_E,191.16247643373012,185.40900264239426,-5.753473791335864,-3.0097296805685647,-0.5601690118457691,False
2025-01-07,Site_E,122.05888513579598,113.55485051269957,-8.504034623096402,-6.967157379518323,-1.4754530643704196,False
2025-01-08,Site_E,166.2526985698909,169.60497008223226,3.3522715123413604,2.016371187462019,-0.6983663749376083,False
2025-01-09,Site_E,181.68836916280313,179.95024891673103,-1.7381202460721,-0.9566491537576879,-0.9306594076957417,False
2025-01-10,Site_E,131.68831350623066,128.59718913567954,-3.091124370551114,-2.347303483695128,-1.5583674394607985,False
2025-01-11,Site_E,141.44721712724237,140.83640005196963,-0.6108170752727347,-0.43183392906433704,-1.0897075940738081,False
2025-01-12,Site_E,209.20462869837866,200.7678311665123,-8.436797531866347,-4.0327967810072325,-2.247014174307036,False
2025-01-13,Site_E,163.71771626440182,154.25497205279748,-9.462744211604331,-5.779914616156832,-2.6427548793910742,False
2025-01-14,Site_E,154.4451093138195,151.47330936596487,-2.9717999478546346,-1.9241787331809819,-1.92232935848574,False
2025-01-15,Site_E,186.88327050074352,195.74272040253942,8.859449901795898,4.740632951284235,-1.5331491065111378,False
2025-01-16,Site_E,126.64648254294357,125.88930560478941,-0.75717693815416,-0.5978665360069632,-1.4818944468324629,False
2025-01-17,Site_E,190.7624600100278,199.72306787046796,8.960607860440149,4.697259544655231,-0.47552829992526874,False
2025-01-18,Site_E,142.33960793839006,147.04146918946373,4.701861251073666,3.303269777944596,0.05805794393315043,False
2025-01-19,Site_E,221.64166797776784,223.7345832098956,2.0929152321277513,0.9442787771916988,0.7690687379615693,False
2025-01-20,Site_E,188.64953691656103,190.67615534686482,2.0266184303037846,1.0742769176264397,1.748238957073465,False
2025-01-21,Site_E,182.7139440373551,186.63185405986349,3.91791002250838,2.144286273907688,2.329448243800418,False
2025-01-22,Site_E,150.90445778450183,150.83032647984487,-0.07413130465695872,-0.04912466188561604,1.645197156204725,False
2025-01-23,Site_E,211.2627789946418,209.01374035348746,-2.2490386411543284,-1.0645692780607463,1.5785253359113274,False
2025-01-24,Site_E,228.76929867126,226.2505302609065,-2.518768410353516,-1.1010080570177252,0.7502013928151907,False
2025-01-25,Site_E,192.16333210346,187.2062215037004,-4.957110599759602,-2.579633973608822,-0.09021342883529757,False
2025-01-26,Site_E,188.96543665346644,177.9468674457055,-11.018569207760947,-5.830997140480938,-1.0581099885028171,False
2025-01-27,Site_E,180.53018207782853,187.9689520484303,7.438769970601783,4.120513193408761,-0.6229333776767713,False
2025-01-28,Site_E,151.5355057885263,154.9292597120515,3.393753923525196,2.239576728810548,-0.6093204555477912,False
2025-01-29,Site_E,212.0850587967403,212.67837395929115,0.5933151625508515,0.27975339984674613,-0.562337875300311,False
2025-01-30,Site_E,188.16765802528866,188.24208040181207,0.07442237652341532,0.03955109890001043,-0.4046063928773456,False
2025-01-31,Site_E,212.96021315885585,209.772906993102,-3.187306165753853,-1.4966674377698472,-0.46112916155622025,False
2025-02-01,Site_E,223.8724374414937,219.45215017252164,-4.420287268972061,-1.9744669417499188,-0.3746767284335198,False
2025-02-02,Site_E,195.52024106203922,193.75999796005536,-1.7602431019838605,-0.9002868922534366,0.3297104498846947,False
2025-02-03,Site_E,220.39504346290812,229.98741578861495,9.592372325706833,4.352353925473467,0.362830554465367,False
2025-02-04,Site_E,229.70555045116404,223.1468018700315,-6.558748581132534,-2.85528519805051,-0.3650068636576413,False
2025-02-05,Site_E,159.83106576248724,150.76097531144893,-9.070090451038311,-5.674798205072775,-1.2156570929318586,False
2025-02-06,Site_E,200.92097279146265,198.21867191435356,-2.7023008771090815,-1.344957094107751,-1.413443977647253,False
2025-02-07,Site_E,138.89943611689407,139.81490597991748,0.9154698630234179,0.659088250187699,-1.1054788793676038,False
2025-02-08,Site_E,225.46609928859013,214.85024446668635,-10.615854821903781,-4.70840399306141,-1.4960413152692453,False
2025-02-09,Site_E,281.9746103110109,273.4978106245654,-8.476799686445531,-3.0062279994272654,-1.7968900448655063,False
2025-02-10,Site_E,245.2823395560709,249.42114372501914,4.138804168948241,1.6873632958813656,-2.177602991950092,False
2025-02-11,Site_E,230.11186687896773,247.15546404648006,17.04359716751233,7.40665720489625,-0.711611220100555,False
2025-02-12,Site_E,170.0689902409546,162.50599896191198,-7.56299127904262,-4.44701369034257,-0.5362134322819544,False
2025-02-13,Site_E,268.90937714302083,261.9581292836517,-6.9512478593691185,-2.584977858794437,-0.7133592558086238,False
2025-02-14,Site_E,245.3182289769305,247.01331600050096,1.6950870235704656,0.6909747517090832,-0.7088040413055688,False
2025-02-15,Site_E,213.37221242634675,223.62816681997379,10.255954393627036,4.806602639116963,0.6504826204341985,False
2025-02-16,Site_E,262.55731737845133,259.5051326684877,-3.052184709963626,-1.1624832019304163,0.9138747343623198,False
2025-02-17,Site_E,201.3192762962335,193.20120559253428,-8.118070703699232,-4.032435866575343,0.09676056829707567,False
2025-02-18,Site_E,178.84017428612066,181.06188999687112,2.221715710750459,1.2422911796071097,-0.783863149601373,False
2025-02-19,Site_E,304.68101586334024,312.70556330173474,8.024547438394507,2.6337536704268403,0.22767504479425707,False
2025-02-20,Site_E,214.02568516974958,226.68231255848045,12.656627388730868,5.9136020887832,1.4417578944482052,False
2025-02-21,Site_E,245.92317573959158,250.49088312995912,4.567707390367531,1.8573716676480636,1.608386025296631,False
2025-02-22,Site_E,254.62131858916476,264.3827790380846,9.761460448919848,3.8337168713944605,1.4694023441934168,False
2025-02-23,Site_E,262.4653877618372,261.6689718166672,-0.796415945169997,-0.30343656051618895,1.5921232929668778,False
2025-02-24,Site_E,229.53671270577377,245.02735162261828,15.490638916844517,6.748654162657121,3.132279011428658,False
2025-02-25,Site_E,329.96681026070496,328.80046350933344,-1.1663467513715204,-0.3534739601385959,2.9043125628935575,False
2025-02-26,Site_E,349.9532083929622,343.5055170690601,-6.44769132390212,-1.8424438379950534,2.264855775976144,False
2025-02-27,Site_E,229.10090745981614,243.94133893468793,14.840431474871792,6.477683410081986,2.34543882187597,False
2025-02-28,Site_E,262.4788728281088,253.6743998392874,-8.80447298882143,-3.3543549215815442,1.6009064519860263,False
2025-03-01,Site_E,220.33139277779313,209.47041739837735,-10.860975379415777,-4.92938171110696,0.3490352259143949,False
2025-03-02,Site_E,351.67631206521503,352.09408188840456,0.4177698231895306,0.1187938478813606,0.4093538556854734,False
2025-03-03,Site_E,231.342591910051,232.15641848275237,0.8138265727013732,0.3517841509348177,-0.5044847174177127,False
2025-03-04,Site_E,251.17606506594706,252.46729519063996,1.2912301246929019,0.5140737133348615,-0.3805493354929331,False
2025-03-05,Site_E,316.8136990445779,325.13326978998066,8.319570745402757,2.6260135753259,0.2578017235529174,False
2025-03-06,Site_E,346.3079615647655,340.31311111503874,-5.994850449726755,-1.7310749722990748,-0.9148780453586627,False
2025-03-07,Site_E,298.7916521962411,300.79566692890353,2.0040147326624265,0.6707063995704354,-0.3398692851940942,False
2025-03-08,Site_E,355.27656823470204,351.45904408937935,-3.817524145322693,-1.0745217913726213,0.21082498905366848,False
2025-03-09,Site_E,144.69260454965647,140.59984441949513,-4.092760130161338,-2.8285897146572965,-0.2102298055947111,False
2025-03-10,Site_E,357.19973898262265,359.2687415193465,2.069002536723872,0.5792284570578945,-0.17773776186284299,False
2025-03-11,Site_E,357.51047526042385,370.1105094800786,12.60003421965473,3.524381826987419,0.25230625437323667,False
2025-03-12,Site_E,293.18013394355137,311.6652381570643,18.485104213512955,6.3050330064560445,0.7778804588204001,False
2025-03-13,Site_E,427.17892771922243,437.21970311900833,10.0407753997859,2.350484714542271,1.3609604140834495,False
2025-03-14,Site_E,349.4988077581944,323.4731630201091,-26.025644738085305,-7.4465618080424205,0.20135067013875588,False
2025-03-15,Site_E,339.9555983898406,338.1899758712151,-1.7656225186254915,-0.5193685666563967,0.28065827366964496,False
2025-03-16,Site_E,312.100937826517,314.97046183442217,2.86952400790517,0.9194217831861211,0.816088487647276,False
2025-03-17,Site_E,390.6760951731627,403.50410738760985,12.828012214447142,3.28354162769065,1.2024189405948127,False
2025-03-18,Site_E,276.1917833637639,278.6042744661857,2.412491102421825,0.8734840236881363,0.8237192544092008,False
2025-03-19,Site_E,202.1851863292696,211.16610532322204,8.980918993952429,4.441927302886826,0.5575612967564553,False
2025-03-20,Site_E,397.7183588006832,402.74687378243976,5.028514981756587,1.2643406748735555,0.4023978625180673,False
2025-03-21,Site_E,407.69393466969507,428.8694560133109,21.175521343615856,5.193975073671825,2.2081888456201026,False
2025-03-22,Site_E,444.4341668739837,440.9694361086094,-3.464730765374327,-0.779582449689726,2.1710154337581984,False
2025-03-23,Site_E,435.6541504010089,437.2873692068999,1.6332188058909765,0.37488884345245854,2.0932250137962467,False
2025-03-24,Site_E,320.67876048369476,329.9899501056249,9.311189621930168,2.903587879623105,2.038945906929454,False
2025-03-25,Site_E,377.89112477806304,372.31971264551953,-5.571412132543514,-1.4743432081967065,1.7035420166601907,False
2025-03-26,Site_E,424.4586255399322,414.8141952407009,-9.644430299231317,-2.272172060813496,0.7443849647030022,False
2025-03-27,Site_E,331.18792244369706,324.8924163918537,-6.295506051843347,-1.9008863624589458,0.29220967365550204,False
2025-03-28,Site_E,341.81921987018654,334.064548866906,-7.754671003280521,-2.2686468614098207,-0.7738791742133044,False
2025-03-29,Site_E,374.659899554547,380.65940306083564,5.999503506288647,1.6013198939683095,-0.4337502679764423,False
2025-03-30,Site_E,326.27879589458723,306.4866666016592,-19.792129292928053,-6.066017633374622,-1.3538797646660252,False
2025-03-31,Site_E,446.96398025356166,425.2166457296448,-21.747334523916834,-4.86556758143679,-2.46375911624601,False
2025-04-01,Site_E,381.07080086891574,401.1691040785048,20.098303209589062,5.274165106263983,-1.499686499894483,False
2025-04-02,Site_E,402.18945791014926,394.2038627298782,-7.985595180271048,-1.9855307052963738,-1.4587377348206085,False
2025-04-03,Site_E,394.2479156845867,396.7588037584993,2.5108880739126107,0.6368804942323186,-1.0961996124361422,False
2025-04-04,Site_E,412.01840615267145,391.45172562800633,-20.566680524665117,-4.991689744327643,-1.4852057385672595,False
2025-04-05,Site_E,395.53361256740084,395.22473002288774,-0.3088825445130965,-0.07809261582300074,-1.7251218113945896,False
2025-04-06,Site_E,369.34057132318526,358.5085188835261,-10.83205243965915,-2.9328087084645635,-1.2775205364074385,False
2025-04-07,Site_E,387.70624861461374,368.2577696040786,-19.448479010535152,-5.016292381159751,-1.2990526506535756,False
2025-04-08,Site_E,501.3879466048462,515.2231334342771,13.835186829430882,2.7593776282648985,-1.658308004653445,False
2025-04-09,Site_E,461.89030543013007,471.1992763521216,9.308970921991545,2.0154072974800092,-1.0867454328282473,False
2025-04-10,Site_E,456.18526292077297,453.18224831447395,-3.0030146062990184,-0.6582883864050998,-1.271769558633593,False
2025-04-11,Site_E,443.2603201451683,451.1394710025692,7.87915085740093,1.777544819446166,-0.3047360495230488,False
2025-04-12,Site_E,296.50719253932823,309.92685315197554,13.419660612647306,4.525914025126842,0.3529791848983574,False
2025-04-13,Site_E,502.0585015411516,505.43684062280124,3.378339081649642,0.6728974952678366,0.8680800711458431,False
2025-04-14,Site_E,484.8968794542892,485.7867843029536,0.8899048486644006,0.18352455673996373,1.6109110622743739,False
2025-04-15,Site_E,486.3007043186849,480.47857542138115,-5.822128897303742,-1.1972281441501587,1.0456816662150799,False
2025-04-16,Site_E,472.2937448817545,477.4036013996584,5.109856517903893,1.0819233947684863,0.9123268229705765,False
2025-04-17,Site_E,501.21383519468213,489.1160629575713,-12.09777223711086,-2.4136947920465577,0.6615544793075111,False
2025-04-18,Site_E,437.0315266067032,428.5254543238611,-8.506072282842126,-1.9463292153970797,0.12957247432990465,False
2025-04-19,Site_E,443.4878881428933,445.2414136603312,1.753525517437879,0.39539422931723606,-0.4605017822143248,False
2025-04-20,Site_E,487.5962244077165,474.1225754248312,-13.473648982885265,-2.7632800067826033,-0.9513842825072449,False
2025-04-21,Site_E,589.9946558494903,572.7999938746227,-17.194661974867586,-2.914375885339206,-1.3939414885185548,False
2025-04-22,Site_E,365.81173302097216,358.90592186020933,-6.905811160762823,-1.8878047195842431,-1.4925952850091382,False
2025-04-23,Site_E,487.59925189664295,496.4844144530443,8.885162556401326,1.8222264537609927,-1.386837705153066,False
2025-04-24,Site_E,298.22916389426666,282.510635920419,-15.718527973847642,-5.270620675924386,-1.79496997427847,False
2025-04-25,Site_E,368.05196034947244,368.4453638222692,0.3934034727967628,0.10688802538185603,-1.5016532255957649,False
2025-04-26,Site_E,394.8793124292698,392.3556582517968,-2.52365417747302,-0.6390950596899282,-1.6494374097396456,False
2025-04-27,Site_E,395.01789761399436,401.0418268638767,6.023929249882315,1.5249762824085527,-1.0368293684266232,False
2025-04-28,Site_E,378.21013013785216,363.5472225937197,-14.662907544132452,-3.8769208901908665,-1.1743357976911462,False
2025-04-29,Site_E,371.46511593483,344.18864294523246,-27.27647298959755,-7.342943339633255,-1.9536413148410052,False
2025-04-30,Site_E,438.51633068878573,438.73571278293156,0.21938209414582843,0.05002826093186562,-2.206812485245166,False
2025-05-01,Site_E,463.82255156360225,454.7347607947916,-9.087790768810635,-1.9593249052195905,-1.733770232287338,False
2025-05-02,Site_E,352.3308251503547,355.3343726016695,3.0035474513147733,0.8524793282089441,-1.6272571890263254,False
2025-05-03,Site_E,504.53564382098193,477.44439335813667,-27.091250462845267,-5.3695414376823924,-2.3030352430252488,False
2025-05-04,Site_E,542.0887112336318,547.0985088096637,5.009797576031929,0.9241656341876456,-2.3888653356282354,False
2025-05-05,Site_E,392.78318339170335,394.8400099230793,2.0568265313759753,0.5236544277723834,-1.7602117187763429,False
2025-05-06,Site_E,460.08300037793344,444.65083252858415,-15.432167849349298,-3.354213878076913,-1.1903932242682937,False
2025-05-07,Site_E,600.8433925913254,599.0279776987933,-1.8154148925320897,-0.3021444381209793,-1.2407036098472717,False
2025-05-08,Site_E,543.7266988949449,534.9151291176274,-8.811569777317459,-1.6205880261583347,-1.1923126271242352,False
2025-05-09,Site_E,563.9371416288407,539.9883994078943,-23.948742220946315,-4.246704189721264,-1.9207674153999792,False
2025-05-10,Site_E,342.1283217538645,340.4192811500488,-1.7090406038157084,-0.49953204547772995,-1.2250517879421705,False
2025-05-11,Site_E,541.1833469351513,555.1652963239261,13.981949388774751,2.583588254878466,-0.9879914135577674,False
2025-05-12,Site_E,623.358116445609,617.036275272873,-6.321841172735958,-1.0141587966774424,-1.2076790170505998,False
2025-05-13,Site_E,440.68293137510886,409.8111024948392,-30.871828880269675,-7.005451466871452,-1.729284386878391,False
2025-05-14,Site_E,596.822436349525,569.4320782163849,-27.390358133140126,-4.589364686199422,-2.3417444223181687,False
2025-05-15,Site_E,658.8963576892527,602.2977997360261,-56.59855795322653,-8.58990299350227,-3.337360846224445,False
2025-05-16,Site_E,456.1815549411426,461.39150520970225,5.2099502685596235,1.1420782388344966,-2.5675347850021937,False
2025-05-17,Site_E,506.33510163010874,498.4075767995502,-7.927524830558525,-1.5656676388890363,-2.7198398697752375,False
2025-05-18,Site_E,527.9487297470572,506.44317657558537,-21.50555317147183,-4.073416973988222,-3.6708406167561924,False
2025-05-19,Site_E,474.26473054262215,443.1869647602329,-31.077765782389235,-6.552830894009791,-4.462079487803671,False
2025-05-20,Site_E,444.05050565282295,422.9404454182814,-21.11006023454155,-4.753977298935061,-4.140440320955615,False
2025-05-21,Site_E,471.96873058150356,452.99884869007707,-18.969881891426496,-4.019309047879945,-4.05900380119569,False
2025-05-22,Site_E,545.8442426445266,541.212573820025,-4.631668824501617,-0.8485330544226196,-2.953093809898597,False
2025-05-23,Site_E,586.8655482993144,574.4872786296313,-12.37826966968305,-2.1092172995252843,-3.417564601092851,False
2025-05-24,Site_E,682.6962155986155,699.8033891805878,17.107173581972347,2.5058251666111975,-2.835922771735675,False
2025-05-25,Site_E,472.90248967428147,449.922827298446,-22.97966237583546,-4.859281327037005,-2.948189107885501,False
2025-05-26,Site_E,552.0284320229784,517.039531227946,-34.988900795032464,-6.338242518924467,-2.9175336257304556,False
2025-05-27,Site_E,599.3989007730914,566.2362500815631,-33.16265069152837,-5.532651235889141,-3.028772759581038,False
2025-05-28,Site_E,675.7182265666539,659.4384348920744,-16.279791674579542,-2.4092574440825265,-2.7987653876099783,False
2025-05-29,Site_E,575.8764834614689,548.8292045911679,-27.047278870300943,-4.696715293481964,-3.348505707475599,False
2025-05-30,Site_E,456.8152700098585,441.55730381841613,-15.257966191442392,-3.3400735906032897,-3.5243423204867423,False
2025-05-31,Site_E,529.3242463291981,443.9047116027652,-85.41953472643291,-16.137468729008244,-6.187670019860947,False
2025-06-01,Site_E,640.9924031155517,566.7012528439791,-74.29115027157263,-11.590020398132577,-7.149204172874602,False
2025-06-02,Site_E,590.6044155747774,495.0409309136023,-95.56348466117504,-16.180624821128788,-8.55525878747522,False
2025-06-03,Site_E,650.5105678064065,540.4802318599474,-110.0303359464591,-16.914457872297685,-10.18123116410501,False
2025-06-04,Site_E,664.526116258846,579.7148339977697,-84.81128226107626,-12.762671050243659,-11.66029025069946,False
2025-06-05,Site_E,389.38422225720205,327.91836502869916,-61.4658572285029,-15.78540005349845,-13.244388073558957,False
2025-06-06,Site_E,615.3685689437141,535.8402378362891,-79.52833110742495,-12.923690796222509,-14.613476245790272,True
2025-06-07,Site_E,444.8041531410695,384.8622938210426,-59.94185932002688,-13.476011610219013,-14.23326808596324,True
2025-06-08,Site_E,608.4472641377158,525.3748820166946,-83.07238212102118,-13.653177032318547,-14.528004747989808,True
2025-06-09,Site_E,470.0837114111995,388.76935645246294,-81.31435495873654,-17.29784567830045,-14.687607727585759,True
2025-06-10,Site_E,493.19026215027,437.4553252412344,-55.73493690903558,-11.300899710800397,-13.88567084737186,True
2025-06-11,Site_E,553.3999286604566,511.53660792395937,-41.8633207364972,-7.564749933710746,-13.143110687867159,True
2025-06-12,Site_E,502.4167671693217,430.40061228246634,-72.01615488685536,-14.333947350643431,-12.935760301745011,True
2025-06-13,Site_E,492.65785362817223,406.26939498625865,-86.38845864191359,-17.53518349615396,-13.594544973163792,True
2025-06-14,Site_E,458.80884148495704,394.3179610425993,-64.49088044235776,-14.056154679502232,-13.677422554489965,True
2025-06-15,Site_E,711.4503651227562,629.111763760265,-82.3386013624912,-11.573344452256231,-13.380303614481065,True
2025-06-16,Site_E,654.0921549188744,554.004048539105,-100.08810637976933,-15.301835624703836,-13.09515932111012,True
2025-06-17,Site_E,309.6162883911719,266.728502828453,-42.88778556271893,-13.85191515135474,-13.459590098332168,True
2025-06-18,Site_E,672.077493749401,578.8169920421896,-93.26050170721146,-13.876450643649394,-14.361261628323403,True
2025-06-19,Site_E,633.664683794692,562.6285454950279,-71.03613829966412,-11.210367267789836,-13.915035902201462,True
2025-06-20,Site_E,567.5257520837241,494.9227255529565,-72.60302653076764,-12.792904333274535,-13.237567450361542,True
2025-06-21,Site_E,573.6400814469754,497.9598459508015,-75.6802354961739,-13.192982489172426,-13.114257137457287,True
2025-06-22,Site_E,455.3192120911111,383.10645948930716,-72.21275260180397,-15.859807951032368,-13.726609065853877,True
2025-06-23,Site_E,481.20271929296575,419.67330632975955,-61.5294129632062,-12.786588790190494,-13.367288089494826,True
2025-06-24,Site_E,425.03001395649846,356.4812762674505,-68.54873768904798,-16.127975775391686,-13.692439607214393,True
2025-06-25,Site_E,662.6703062322192,583.8662061914773,-78.8041000407419,-11.891901493036965,-13.408932585698329,True
2025-06-26,Site_E,733.2506471439771,652.9086432866238,-80.34200385735323,-10.95696323900792,-13.372732010158057,True
2025-06-27,Site_E,456.81216827144635,397.7077222250777,-59.10444604636865,-12.938457018344504,-13.393525250882337,True
2025-06-28,Site_E,615.4899048055537,524.4445952708286,-91.0453095347251,-14.792331900795066,-13.622003738256998,True
2025-06-29,Site_E,641.1414347338166,554.4097334842481,-86.73170124956846,-13.527701775440073,-13.288845713172387,True
2025-06-30,Site_E,400.1796373227701,363.81754602551393,-36.36209129725614,-9.086442163954441,-12.760253337995808,True
2025-07-01,Site_E,637.9792024694952,543.0356791871967,-94.94352328229854,-14.881915102371732,-12.58224467042153,True
2025-07-02,Site_E,610.9848531566754,536.1977217299905,-74.78713142668494,-12.24042315292998,-12.632033478977673,True
2025-07-03,Site_E,567.2160605398532,493.31414381042475,-73.90191672942842,-13.02888297258219,-12.928022012345426,True
2025-07-04,Site_E,526.5446518421227,447.07190848194335,-79.47274336017932,-15.093258108717464,-13.235850739541563,True
2025-07-05,Site_E,636.3087050505377,524.8314238735467,-111.47728117699103,-17.519370753876004,-13.625427718553127,True
2025-07-06,Site_E,457.3419602188818,393.4481063562763,-63.89385386260551,-13.970695763849484,-13.688712574040185,True
2025-07-07,Site_E,646.6160414282544,553.4982281307248,-93.11781329752966,-14.400789236816605,-14.447905013020492,True
2025-07-08,Site_E,406.2407783285371,367.09708225735454,-39.143696071182546,-9.635590063665656,-13.698430007491055,True
2025-07-09,Site_E,379.0344545497519,320.26811687881246,-58.766337670939436,-15.504220517564002,-14.164686773867343,True
2025-07-10,Site_E,558.9346576966005,513.0864578284336,-45.848199868166944,-8.202783498362727,-13.475243991835992,True
2025-07-11,Site_E,508.58121726846286,441.3843139858058,-67.19690328265705,-13.212619931889083,-13.206581395146221,True
2025-07-12,Site_E,613.220678098932,533.5584017062288,-79.66227639270323,-12.99080074071657,-12.559642821837732,True
2025-07-13,Site_E,292.8222940901992,247.3215712453841,-45.5007228448151,-15.538681228554044,-12.783640745366956,True
2025-07-14,Site_E,667.6690573949887,580.2420328285592,-87.42702456642951,-13.0943651795905,-12.597008737191798,True
2025-07-15,Site_E,512.6706941978453,451.02072562857745,-61.6499685692678,-12.025257005518712,-12.938389728885094,True
2025-07-16,Site_E,374.67609763070834,335.5515384805481,-39.12455915016022,-10.442235145921298,-12.21524896150756,True
2025-07-17,Site_E,604.2782877288547,508.4902527606758,-95.78803496817892,-15.851642680757694,-13.307943130421128,True
2025-07-18,Site_E,522.1070901652245,463.1250892737146,-58.98200089150987,-11.296916284520213,-13.034271180797004,True
2025-07-19,Site_E,605.1882598770862,530.4536458794229,-74.73461399766336,-12.348986084568455,-12.942583372775845,True
2025-07-20,Site_E,424.703211940081,378.0199676810179,-46.683244259063144,-10.991968731719744,-12.293053016085233,True
2025-07-21,Site_E,427.34744476640094,365.4031557755844,-61.94428899081652,-14.495064788483022,-12.493152960212736,True
2025-07-22,Site_E,629.2591869074115,526.378616060012,-102.88057084739955,-16.349474586620104,-13.110898328941504,True
2025-07-23,Site_E,626.286617740182,539.8106535150861,-86.47596422509594,-13.807729843745584,-13.591683285773545,True
2025-07-24,Site_E,718.2195483416,623.0397928990849,-95.1797554425151,-13.252181127941906,-13.220331635371291,True
2025-07-25,Site_E,631.3074160536252,520.8483470617704,-110.45906899185479,-17.496874927012115,-14.106040012870134,True
2025-07-26,Site_E,510.6602277660551,448.7674428667253,-61.8927848993298,-12.120149863655385,-14.073349124168265,True
2025-07-27,Site_E,394.47000314547097,352.77891651953576,-41.69108662593521,-10.568886428243962,-14.012908795100296,True
2025-07-28,Site_E,489.04512943725285,417.2792103103237,-71.76591912692913,-14.674702764039507,-14.038571363036937,True
2025-07-29,Site_E,531.1539038104875,449.5303347106944,-81.62356909979309,-15.36721626523447,-13.898248745696135,True
2025-07-30,Site_E,418.8620608736961,361.07800460315474,-57.784056270541384,-13.795485833692064,-13.896499601402772,True
2025-07-31,Site_E,511.1515207584715,439.81713166445644,-71.33438909401508,-13.955624936450475,-13.996991574046854,True
2025-08-01,Site_E,539.4830645641554,463.9955201571471,-75.48754440700827,-13.992569807171638,-13.496376556926785,True
2025-08-02,Site_E,613.1143436653165,530.8391507426101,-82.27519292270642,-13.41922494111773,-13.681958710849978,True
2025-08-03,Site_E,407.3648135593967,357.22682308150473,-50.13799047789195,-12.307884434054458,-13.930386997394335,True
2025-08-04,Site_E,515.1053215283434,430.81324316531055,-84.29207836303289,-16.364047281230572,-14.171721928421631,True
2025-08-05,Site_E,655.6510394553959,550.2302353644174,-105.42080409097855,-16.07879767544399,-14.273376415594416,True
2025-08-06,Site_E,510.38452020820523,405.1083895719982,-105.27613063620703,-20.626826729239532,-15.249282257815485,True
2025-08-07,Site_E,573.1017705564697,508.8605715151371,-64.24119904133255,-11.20938764138797,-14.856962644235127,True
2025-08-08,Site_E,348.2923707712181,302.7231353080322,-45.56923546318586,-13.08361574566869,-14.727112064020421,True
2025-08-09,Site_E,589.0509396295201,530.7257147704195,-58.32522485910067,-9.901558750722637,-14.224588322535409,True
2025-08-10,Site_E,399.8412960229193,334.5077695248579,-65.33352649806142,-16.33986462826902,-14.800585493137488,True
2025-08-11,Site_E,359.8021936093294,313.70154384539455,-46.100649763934825,-12.81277618167903,-14.29326105034441,True
2025-08-12,Site_E,550.6486786201533,483.3869051501426,-67.26177347001072,-12.215006787732442,-13.741290923528476,True
2025-08-13,Site_E,476.6066827180548,409.27846688327094,-67.32821583478386,-14.126578219763038,-12.81268399360326,True
2025-08-14,Site_E,467.5555694594543,389.0851902314156,-78.47037922803872,-16.78311292896353,-13.608930463256913,True
2025-08-15,Site_E,474.52175699567795,436.60949096317944,-37.91226603249851,-7.9895738127016624,-12.881210187118766,True
2025-08-16,Site_E,520.7962442466393,476.283679861719,-44.51256438492027,-8.547021004214454,-12.687704794760455,True
2025-08-17,Site_E,528.8758029612526,455.6497078485284,-73.22609511272418,-13.845612656642754,-12.33138308452813,True
2025-08-18,Site_E,358.9625556803479,317.555993011289,-41.40656266905893,-11.535064594851782,-12.148852857838524,True
2025-08-19,Site_E,468.8270624113703,404.35858992425887,-64.46847248711146,-13.75101346656987,-12.368282383386727,True
2025-08-20,Site_E,302.1039532719857,254.95661336170303,-47.14733991028265,-15.606330006491397,-12.579675495776494,True
2025-08-21,Site_E,367.74515100857286,338.5682260372645,-29.17692497130838,-7.934006713967035,-11.315517465062708,False
2025-08-22,Site_E,493.9751451776491,409.13183639383874,-84.84330878381036,-17.17562302720677,-12.627810209992008,False
2025-08-23,Site_E,468.8262757330617,405.30714664426154,-63.519129088800184,-13.548542898855445,-13.342313337797863,True
2025-08-24,Site_E,536.289176788535,470.3463390159333,-65.94283777260165,-12.296134366814506,-13.120959296393831,True
2025-08-25,Site_E,537.844502508999,492.2295246168666,-45.614977892132345,-8.48107169996948,-12.684674597124928,True
2025-08-26,Site_E,506.6023739139845,453.52273788369916,-53.079636030285315,-10.477573490269048,-12.21704031479624,True
2025-08-27,Site_E,460.8840237569252,383.16554745437196,-77.71847630255326,-16.862913942867056,-12.396552305707049,True
2025-08-28,Site_E,448.61599044815694,390.8783499206684,-57.73764052748851,-12.870169979855142,-13.101718486548206,True
2025-08-29,Site_E,363.77741718145387,317.2256321704659,-46.551785010988,-12.796777043410518,-12.4761690602916,True
2025-08-30,Site_E,442.1532843354447,382.46745478515805,-59.685829550286655,-13.498899966330525,-12.469077212788038,True
2025-08-31,Site_E,354.73363641933634,314.93057043994577,-39.80306597939057,-11.220550264463425,-12.3154223410236,True
2025-09-01,Site_E,461.762741755486,386.31451877683514,-75.44822297865085,-16.339175112270627,-13.438008542780905,True
2025-09-02,Site_E,371.53567785050313,319.80013697366485,-51.735540876838286,-13.92478406815493,-13.930467196764605,True
2025-09-03,Site_E,409.63789512437916,362.99509107362303,-46.642804050756126,-11.386349897290113,-13.148100904539325,True
2025-09-04,Site_E,449.6959632109139,398.6114984287397,-51.084464782174166,-11.359778375020639,-12.932330675277255,True
2025-09-05,Site_E,242.42095115850827,211.12601322208883,-31.294937936419444,-12.909337162016609,-12.94841069222098,True
2025-09-06,Site_E,421.683152202786,365.5627248071883,-56.12042739559769,-13.308671950120873,-12.921235261333889,True
2025-09-07,Site_E,365.4336777483411,317.8577942628599,-47.5758834854812,-13.019019970634652,-13.178159505072633,True
2025-09-08,Site_E,469.5994026631063,419.4523186053199,-50.1470840577864,-10.678694174950271,-12.369519371169728,True
2025-09-09,Site_E,226.1955271555968,197.63181669193705,-28.56371046365976,-12.6278847432784,-12.184248039044508,True
2025-09-10,Site_E,464.4897637055053,391.53918410528945,-72.95057960021586,-15.705530089241712,-12.80127378075188,True
2025-09-11,Site_E,471.5450656229026,394.7854686022069,-76.75959702069571,-16.27831624519231,-13.50392204791926,True
2025-09-12,Site_E,306.61015258094676,255.09944122165226,-51.510711359294504,-16.80006709683085,-14.05974061003558,True
2025-09-13,Site_E,351.38494568071144,317.10193649675233,-34.28300918395911,-9.756538976803697,-13.55229304241884,True
2025-09-14,Site_E,412.6894458196757,368.92339472614185,-43.76605109353386,-10.605081263129128,-13.20744465563234,True
2025-09-15,Site_E,329.96875658103477,284.8141902896916,-45.154566291343144,-13.684497514010523,-13.636845132640945,True
2025-09-16,Site_E,410.2500006448133,354.12686360929814,-56.123137035515185,-13.680228384473676,-13.787179938525984,True
2025-09-17,Site_E,377.7866034104844,324.68946511132333,-53.09713829916109,-14.05479649617653,-13.55136085380239,True
2025-09-18,Site_E,388.74671057872365,349.9878425009217,-38.758868077801935,-9.970211200012976,-12.65020299020534,True
2025-09-19,Site_E,266.5362142464679,245.19450564046394,-21.341708606003976,-8.007057752485803,-11.394058798156049,False
2025-09-20,Site_E,295.57614569799375,250.82910262949238,-44.74704306850137,-15.138922311485128,-12.16297070311054,False
2025-09-21,Site_E,266.8974051774868,239.8627495931572,-27.034655584329613,-10.129231330050423,-12.09499214124215,True
2025-09-22,Site_E,347.2310910738472,301.2292657611839,-46.0018253126633,-13.24818730096951,-12.032662110807722,True
2025-09-23,Site_E,391.90999196805603,338.2388586632151,-53.67113330484091,-13.694760124721586,-12.03473807370028,True
2025-09-24,Site_E,393.580169644291,358.5593679156696,-35.02080172862139,-8.898009714328953,-11.298054247722053,False
2025-09-25,Site_E,286.789041354177,248.8722632771317,-37.91677807704531,-13.221139098623741,-11.762472518952164,False
2025-09-26,Site_E,380.50102926648697,336.88860357649554,-43.612425689991426,-11.461841712771587,-12.256013084707275,False
2025-09-27,Site_E,422.53949241889393,369.809625041697,-52.72986737719691,-12.479275505192774,-11.876063540951224,False
2025-09-28,Site_E,282.8929823314779,233.45652846780868,-49.43645386366924,-17.475319980098487,-12.925504776672378,False
2025-09-29,Site_E,367.51818139677835,321.80650084614297,-45.71168055063538,-12.437937186374008,-12.80975476030159,True
2025-09-30,Site_E,254.53230494171652,215.91974033247257,-38.61256460924395,-15.17000548047744,-13.02050409683814,True
2025-10-01,Site_E,241.72055872690936,202.95430089648028,-38.76625783042908,-16.03763371829136,-14.040450383118484,True
2025-10-02,Site_E,298.59186416542036,256.2692558747446,-42.32260829067576,-14.174066131697739,-14.17658281641477,True
2025-10-03,Site_E,266.2758692325841,227.58850338086495,-38.687365851719164,-14.529054383792808,-14.614756055132089,True
2025-10-04,Site_E,242.38602775149667,218.1508841335661,-24.23514361793056,-9.998572872681155,-14.260369964773286,True
2025-10-05,Site_E,212.72096115220714,178.7774685548771,-33.94349259733005,-15.95681610945836,-14.043440840396125,True
2025-10-06,Site_E,305.7390520037378,259.74355908158293,-45.99549292215488,-15.04403595834809,-14.415740664963849,True
2025-10-07,Site_E,366.2306286230437,320.96665390566653,-45.26397471737715,-12.359418131563967,-14.01422818654764,True
2025-10-08,Site_E,417.15573166338527,349.741836238209,-67.41389542517629,-16.160366574940042,-14.031761451783167,True
2025-10-09,Site_E,226.47921855544914,190.97544395029396,-35.50377460515517,-15.676393989527455,-14.246379717187411,True
2025-10-10,Site_E,295.64628765235693,242.49279229030535,-53.153495362051586,-17.978746083412165,-14.739192817133032,True
2025-10-11,Site_E,335.0361762803924,300.60703445378806,-34.42914182660434,-10.276246048662674,-14.778860413701823,True
2025-10-12,Site_E,251.08570638475976,216.50057599805632,-34.58513038670344,-13.774233063552305,-14.467062835715243,True
2025-10-13,Site_E,241.54795854368655,212.18567323748633,-29.36228530620022,-12.155882203777654,-14.05446944220518,True
2025-10-14,Site_E,251.58304541598568,224.2116857575888,-27.37135965839687,-10.879651930891875,-13.843074270680594,True
2025-10-15,Site_E,293.09533497659584,249.60723766819137,-43.48809730840446,-14.837526264918907,-13.65409708353472,True
2025-10-16,Site_E,237.8523697593633,202.71174084366248,-35.14062891570083,-14.774134456281777,-13.525202864499622,True
2025-10-17,Site_E,325.4106771048173,275.57997182274636,-49.83070528207094,-15.313174639939698,-13.144406944003558,True
2025-10-18,Site_E,276.3830576254928,232.38361963149399,-43.99943799399884,-15.919730526181302,-13.950619012220503,True
2025-10-19,Site_E,291.1677373360019,245.39333812857888,-45.774399207423016,-15.720972256826743,-14.228724611259707,True
2025-10-20,Site_E,217.1179609620645,184.83021609295858,-32.28774486910592,-14.871061208403358,-14.616607326206237,True
2025-10-21,Site_E,304.45995829627634,262.3094958411943,-42.15046245508205,-13.844336933812674,-15.04013375519492,True
2025-10-22,Site_E,280.21918833071356,247.37190469307635,-32.84728363763722,-11.721996567512353,-14.595058084136841,True
2025-10-23,Site_E,208.47351455306028,176.8809318977283,-31.592582655331995,-15.15424284138075,-14.649359282008124,True
2025-10-24,Site_E,249.26285308026442,216.0577304921591,-33.205122588105326,-13.321328139260702,-14.364809781911124,True
2025-10-25,Site_E,265.155149796674,234.47734292202486,-30.67780687464912,-11.569757139611827,-13.743385012401202,True
2025-10-26,Site_E,243.48663833186643,206.50558724916368,-36.98105108270275,-15.188123396035582,-13.667263746573893,True
2025-10-27,Site_E,230.71826833943283,194.02883210177464,-36.689436237658185,-15.902267515149978,-13.81457893325198,True
2025-10-28,Site_E,257.9634562472967,224.9921137639164,-32.97134248338028,-12.781400498748283,-13.662730871099924,True
2025-10-29,Site_E,276.00161555083173,237.54206130599542,-38.45955424483631,-13.934539538140184,-13.978808438332473,True
2025-10-30,Site_E,185.35281159849328,163.50654909601138,-21.846262502481892,-11.786312985532009,-13.497675601782651,True
2025-10-31,Site_E,207.9270611073828,188.05500045934764,-19.87206064803516,-9.557226722774839,-12.959946827998959,True
2025-11-01,Site_E,190.6959699871252,166.23301042062786,-24.462959566497346,-12.828251990930356,-13.139731806758746,True
2025-11-02,Site_E,218.7685349339493,184.7141284425203,-34.054406491429006,-15.566409722362827,-13.193772710519783,True
2025-11-03,Site_E,257.4639488298494,219.7043745722329,-37.75957425761652,-14.665965634890012,-13.017158156196931,True
2025-11-04,Site_E,247.51323519174673,210.8225141812848,-36.69072101046194,-14.823741034307883,-13.308921089848301,True
2025-11-05,Site_E,231.16402067514898,190.4786132974926,-40.68540737765639,-17.6002334873864,-13.832591654026333,True
2025-11-06,Site_E,244.65336244687487,219.51939311670458,-25.133969330170288,-10.273298138556338,-13.616446675886952,True
2025-11-07,Site_E,215.7922299608628,174.36196668881712,-41.43026327204569,-19.19914506632593,-14.993863582108535,True
2025-11-08,Site_E,249.42370756949956,221.9488992248526,-27.47480834464696,-11.015315509649925,-14.734872656211332,True
2025-11-09,Site_E,214.08998208545393,181.51961819339743,-32.57036389205649,-15.213399326202962,-14.684442599617062,True
2025-11-10,Site_E,200.6337220766207,171.352004142199,-29.281717934421692,-14.594614320736769,-14.674249554738028,True
2025-11-11,Site_E,154.15356361948417,131.03357277592283,-23.11999084356134,-14.998025540707708,-14.699147341366578,True
2025-11-12,Site_E,150.026066734071,134.52109350617454,-15.504973227896471,-10.334852846192282,-13.661235821195987,True
2025-11-13,Site_E,132.85691618445892,113.1638604100836,-19.693055774375324,-14.822755442429077,-14.311158293177808,True
2025-11-14,Site_E,123.26912864005125,107.56654068583528,-15.702587954215971,-12.738459440293356,-13.388203203744583,True
2025-11-15,Site_E,271.47669351825596,245.23816136483666,-26.2385321534193,-9.66511408893922,-13.195317286500197,True
2025-11-16,Site_E,213.3632370378443,183.60747366691442,-29.755763370929884,-13.946059210590292,-13.01426869855553,True
2025-11-17,Site_E,101.4188272064596,82.95602169222732,-18.462805514232272,-18.204514903970743,-13.52996878187467,True
2025-11-18,Site_E,162.19964186562808,138.63635467767352,-23.563287187954558,-14.527336137693336,-13.4627274385869,True
2025-11-19,Site_E,116.91723270699927,94.28115921978343,-22.63607348721584,-19.360767410517685,-14.752143804919102,True
2025-11-20,Site_E,219.06061852595008,186.0898746367787,-32.97074388917139,-15.050968134313766,-14.784745618045486,True
2025-11-21,Site_E,148.53311801382947,125.78086786296977,-22.752250150859695,-15.317964407601881,-15.15324632766099,True
2025-11-22,Site_E,102.5229250822087,86.10981564001851,-16.41310944219019,-16.009209090580693,-16.05954561360977,True
2025-11-23,Site_E,197.97421590835512,175.5210213952627,-22.453194513092427,-11.341474146050569,-15.687462032961239,True
2025-11-24,Site_E,163.67858537691035,145.28087067244846,-18.39771470446189,-11.240147672401134,-14.692552428451295,True
2025-11-25,Site_E,127.52694182369223,106.92324659893507,-20.60369522475716,-16.156346988420733,-14.925268264269494,True
2025-11-26,Site_E,147.12324828847892,127.85516371048081,-19.26808457799811,-13.096560062497598,-14.030381500266627,True
2025-11-27,Site_E,136.0853863949528,115.50350777993924,-20.58187861501355,-15.124238656515217,-14.040848717723975,True
2025-11-28,Site_E,159.99975925171228,143.1026400246989,-16.897119227013377,-10.560715407346807,-13.361241717687536,True
2025-11-29,Site_E,158.37179341833948,136.18433378288094,-22.187459635458538,-14.009729356824488,-13.075601755722362,True
2025-11-30,Site_E,110.19542274276948,98.24168742722577,-11.95373531554371,-10.847760295314135,-13.00507120561716,True
2025-12-01,Site_E,153.1092817655095,125.0488981372925,-28.06038362821701,-18.327029755904775,-14.017482931831966,True
2025-12-02,Site_E,168.44141432189232,145.39642178388556,-23.044992538006767,-13.68131028273586,-13.663906259591268,True
2025-12-03,Site_E,180.69196356186418,154.3573179741046,-26.33464558775958,-14.574331402814874,-13.875016451065164,True
2025-12-04,Site_E,111.65250868079013,93.83238985942438,-17.820118821365753,-15.960338940804931,-13.994459348820838,True
2025-12-05,Site_E,180.3464205441938,159.68060552387377,-20.665815020320025,-11.458954914636568,-14.12277927843366,True
2025-12-06,Site_E,128.81245194066213,103.77834171146151,-25.03411022920062,-19.434542120766913,-14.897752530425437,True
2025-12-07,Site_E,134.78030655154055,112.43444292374683,-22.34586362779372,-16.579472327619737,-15.716568535040523,True
2025-12-08,Site_E,130.2675190317041,105.72677902707953,-24.540740004624567,-18.838725253262805,-15.789667891805957,True
2025-12-09,Site_E,148.1754185861267,131.59251376933582,-16.582904816790887,-11.19140068914474,-15.43396652129294,True
2025-12-10,Site_E,128.56840276336905,112.17401241455764,-16.394390348811413,-12.751492587945881,-15.173560976311654,True
2025-12-11,Site_E,165.9337777931012,139.96466901790149,-25.969108775199715,-15.65028478263176,-15.129267525144058,True
2025-12-12,Site_E,131.38624911205991,109.93849613411174,-21.44775297794817,-16.324199163076255,-15.8243024177783,True
2025-12-13,Site_E,130.90423340626384,114.55075479050468,-16.35347861575916,-12.492704162596345,-14.832611280896788,True
2025-12-14,Site_E,172.52622989507265,147.22764882400907,-25.29858107106358,-14.663614388635121,-14.558917289613273,True
2025-12-15,Site_E,132.04118566527075,114.77582372441044,-17.265361940860302,-13.075739856372259,-13.735633661486052,True
2025-12-16,Site_E,132.76019291645662,114.33802893513563,-18.422163981320992,-13.876270873539404,-14.119186544971004,True
2025-12-17,Site_E,130.68275727354123,108.0453873333823,-22.637369940158933,-17.3223846913293,-14.772171131168635,True
2025-12-18,Site_E,113.65405424502642,99.03458503051408,-14.619469214512335,-12.863130410635653,-14.374006220883476,True
2025-12-19,Site_E,203.0954676432502,186.13244242848694,-16.963025214763263,-8.352242131055268,-13.23515521630905,True
2025-12-20,Site_E,197.06217851583668,166.21677903397762,-30.84539948185906,-15.652622798636221,-13.686572164314748,True
2025-12-21,Site_E,171.21132312256873,154.16418956795545,-17.047133554613282,-9.956779285216658,-13.01416714954068,True
2025-12-22,Site_E,181.56573751990902,155.2222411862797,-26.343496333629332,-14.509068006699621,-13.218928313873162,True
2025-12-23,Site_E,144.78193533266085,128.8422877589102,-15.939647573750648,-11.009417395289423,-12.809377816980305,True
2025-12-24,Site_E,126.2449018523121,114.0981036641277,-12.146798188184391,-9.621614821637987,-11.709267835595833,False
2025-12-25,Site_E,176.57288936750535,154.10616287262465,-22.466726494880703,-12.72376896326376,-11.68935905739985,False
2025-12-26,Site_E,123.61663618758014,103.85048099340874,-19.766155194171404,-15.989882756700771,-12.780450575349207,False
2025-12-27,Site_E,186.90652260899552,167.30720285807368,-19.599319750921836,-10.486161465816362,-12.042384670660654,True
2025-12-28,Site_E,169.2938431787231,142.82467459470485,-26.469168584018263,-15.635045012283658,-12.853565488813084,True
2025-12-29,Site_E,161.07312177570557,144.40015060738935,-16.672971168316224,-10.351181491058046,-12.259581700864286,True
2025-12-30,Site_E,110.37106047870807,94.12265637803961,-16.248404100668466,-14.72161636410387,-12.789895839266352,True
2025-12-31,Site_E,167.35389419769743,143.34211163060758,-24.011782567089853,-14.347907876421692,-13.46508056137831,True
